hebrew_name,video_url,tracking_unit,position,intesity,english_name,english_description,hebrew_description
קירוב ירך גומייה,,WEIGHT,,low,Hip Adduction with Resistance Band,"The exercise 'Hip Adduction with Resistance Band' is designed to enhance physical fitness by targeting specific muscle groups. It improves strength, flexibility, and overall endurance.","התרגיל 'קירוב ירך גומייה' נועד לשפר את הכושר הגופני תוך מיקוד קבוצות שרירים ספציפיות. הוא משפר את החוזק, הגמישות והסיבולת הכללית."
משיכה בפולי אחיזה רחבה,https://www.youtube.com/watch?v=LrLQHJGoGQ4,WEIGHT,seating,low,Wide Grip Lat Pulldown,"The exercise 'Wide Grip Lat Pulldown' is designed to enhance physical fitness by targeting specific muscle groups. It improves strength, flexibility, and overall endurance.","התרגיל 'משיכה בפולי אחיזה רחבה' נועד לשפר את הכושר הגופני תוך מיקוד קבוצות שרירים ספציפיות. הוא משפר את החוזק, הגמישות והסיבולת הכללית."
לחיצת חזה משקולות יד בשיפוע שלילי,https://www.youtube.com/watch?v=WsPOYssC4XE,WEIGHT,,hard,Decline Dumbbell Chest Press,"The exercise 'Decline Dumbbell Chest Press' is designed to enhance physical fitness by targeting specific muscle groups. It improves strength, flexibility, and overall endurance.","התרגיל 'לחיצת חזה משקולות יד בשיפוע שלילי' נועד לשפר את הכושר הגופני תוך מיקוד קבוצות שרירים ספציפיות. הוא משפר את החוזק, הגמישות והסיבולת הכללית."
דדליפט-רומני מוט חופשי,https://www.youtube.com/watch?v=11LWEUM-WhQ,WEIGHT,standing,hard,Barbell Romanian Deadlift,"The exercise 'Barbell Romanian Deadlift' is designed to enhance physical fitness by targeting specific muscle groups. It improves strength, flexibility, and overall endurance.","התרגיל 'דדליפט-רומני מוט חופשי' נועד לשפר את הכושר הגופני תוך מיקוד קבוצות שרירים ספציפיות. הוא משפר את החוזק, הגמישות והסיבולת הכללית."
סקוואט סומו,https://www.youtube.com/watch?v=NNhdYzm1nlo,WEIGHT,standing,medium,Sumo Squat,"The exercise 'Sumo Squat' is designed to enhance physical fitness by targeting specific muscle groups. It improves strength, flexibility, and overall endurance.","התרגיל 'סקוואט סומו' נועד לשפר את הכושר הגופני תוך מיקוד קבוצות שרירים ספציפיות. הוא משפר את החוזק, הגמישות והסיבולת הכללית."
חתירה בפולי אמצע איבר-בודד,https://www.youtube.com/watch?v=TWFcyQUclaw,WEIGHT,seating,medium,Single-Arm Row,"The exercise 'Single-Arm Row' is designed to enhance physical fitness by targeting specific muscle groups. It improves strength, flexibility, and overall endurance.","התרגיל 'חתירה בפולי אמצע איבר-בודד' נועד לשפר את הכושר הגופני תוך מיקוד קבוצות שרירים ספציפיות. הוא משפר את החוזק, הגמישות והסיבולת הכללית."
שכיבות-סמיכה,https://www.youtube.com/watch?v=eXh1KMLeMqk,WEIGHT,supine,medium,Push-ups,"The exercise 'Push-ups' is designed to enhance physical fitness by targeting specific muscle groups. It improves strength, flexibility, and overall endurance.","התרגיל 'שכיבות-סמיכה' נועד לשפר את הכושר הגופני תוך מיקוד קבוצות שרירים ספציפיות. הוא משפר את החוזק, הגמישות והסיבולת הכללית."
פרונט סקוואט,https://www.youtube.com/watch?v=rD14OzU3_lA,WEIGHT,standing,hard,Front Squat,"The exercise 'Front Squat' is designed to enhance physical fitness by targeting specific muscle groups. It improves strength, flexibility, and overall endurance.","התרגיל 'פרונט סקוואט' נועד לשפר את הכושר הגופני תוך מיקוד קבוצות שרירים ספציפיות. הוא משפר את החוזק, הגמישות והסיבולת הכללית."
הרמת שכמות משקולות יד בעמידה,https://www.youtube.com/watch?v=JSgMRaoT_JM,WEIGHT,standing,low,Standing Dumbbell SHRUGS,"The exercise 'Standing Dumbbell SHRUGS' is designed to enhance physical fitness by targeting specific muscle groups. It improves strength, flexibility, and overall endurance.","התרגיל 'הרמת שכמות משקולות יד בעמידה' נועד לשפר את הכושר הגופני תוך מיקוד קבוצות שרירים ספציפיות. הוא משפר את החוזק, הגמישות והסיבולת הכללית."
לחיצת חזה מוט חופשי,https://www.youtube.com/watch?v=NM9UPUGAMIc,WEIGHT,,medium,Barbell bench press,"The exercise 'Barbell bench press' is designed to enhance physical fitness by targeting specific muscle groups. It improves strength, flexibility, and overall endurance.","התרגיל 'לחיצת חזה מוט חופשי' נועד לשפר את הכושר הגופני תוך מיקוד קבוצות שרירים ספציפיות. הוא משפר את החוזק, הגמישות והסיבולת הכללית."
מכרע-בולגרי,https://www.youtube.com/watch?v=uEbPb2_g7YE,WEIGHT,standing,hard,Bulgarian Split Squat,"The exercise 'Bulgarian Split Squat' is designed to enhance physical fitness by targeting specific muscle groups. It improves strength, flexibility, and overall endurance.","התרגיל 'מכרע-בולגרי' נועד לשפר את הכושר הגופני תוך מיקוד קבוצות שרירים ספציפיות. הוא משפר את החוזק, הגמישות והסיבולת הכללית."
כפיפת ברכיים משקולות יד בשכיבה,https://www.youtube.com/watch?v=O_IU16nj4zQ,WEIGHT,supine,low,Lying Dumbbell Leg Curl,"The exercise 'Lying Dumbbell Leg Curl' is designed to enhance physical fitness by targeting specific muscle groups. It improves strength, flexibility, and overall endurance.","התרגיל 'כפיפת ברכיים משקולות יד בשכיבה' נועד לשפר את הכושר הגופני תוך מיקוד קבוצות שרירים ספציפיות. הוא משפר את החוזק, הגמישות והסיבולת הכללית."
דדליפט-סטיף-לג איבר-בודד,https://www.youtube.com/watch?v=k6KRD5OGRQk,WEIGHT,standing,hard,Single-Leg Stiff leg Deadlift,"The exercise 'Single-Leg Stiff leg Deadlift' is designed to enhance physical fitness by targeting specific muscle groups. It improves strength, flexibility, and overall endurance.","התרגיל 'דדליפט-סטיף-לג איבר-בודד' נועד לשפר את הכושר הגופני תוך מיקוד קבוצות שרירים ספציפיות. הוא משפר את החוזק, הגמישות והסיבולת הכללית."
לחיצת חזה משקולות יד בשיפוע חיובי,https://www.youtube.com/watch?v=6K-_MBPSLV4,WEIGHT,supine,hard,Incline Dumbbell Chest Press,"The exercise 'Incline Dumbbell Chest Press' is designed to enhance physical fitness by targeting specific muscle groups. It improves strength, flexibility, and overall endurance.","התרגיל 'לחיצת חזה משקולות יד בשיפוע חיובי' נועד לשפר את הכושר הגופני תוך מיקוד קבוצות שרירים ספציפיות. הוא משפר את החוזק, הגמישות והסיבולת הכללית."
פולאובר בפולי חבל,https://www.youtube.com/watch?v=VFYgDIrs7j4,WEIGHT,standing,medium,Pullover with Rope Cable,"The exercise 'Pullover with Rope Cable' is designed to enhance physical fitness by targeting specific muscle groups. It improves strength, flexibility, and overall endurance.","התרגיל 'פולאובר בפולי חבל' נועד לשפר את הכושר הגופני תוך מיקוד קבוצות שרירים ספציפיות. הוא משפר את החוזק, הגמישות והסיבולת הכללית."
סקוואט גובלט,https://www.youtube.com/watch?v=9UIcagXyXks,WEIGHT,standing,medium,Goblet Squat,"The exercise 'Goblet Squat' is designed to enhance physical fitness by targeting specific muscle groups. It improves strength, flexibility, and overall endurance.","התרגיל 'סקוואט גובלט' נועד לשפר את הכושר הגופני תוך מיקוד קבוצות שרירים ספציפיות. הוא משפר את החוזק, הגמישות והסיבולת הכללית."
לחיצת חזה מוט חופשי בשיפוע חיובי,https://www.youtube.com/watch?v=rz8wiN16BNc,WEIGHT,supine,hard,Incline barbell bench press,"The exercise 'Incline barbell bench press' is designed to enhance physical fitness by targeting specific muscle groups. It improves strength, flexibility, and overall endurance.","התרגיל 'לחיצת חזה מוט חופשי בשיפוע חיובי' נועד לשפר את הכושר הגופני תוך מיקוד קבוצות שרירים ספציפיות. הוא משפר את החוזק, הגמישות והסיבולת הכללית."
חתירה משקולות יד איבר-בודד,https://www.youtube.com/watch?v=OSV1cEPoSL0,WEIGHT,,medium,Single-Arm Dumbbell Row,"The exercise 'Single-Arm Dumbbell Row' is designed to enhance physical fitness by targeting specific muscle groups. It improves strength, flexibility, and overall endurance.","התרגיל 'חתירה משקולות יד איבר-בודד' נועד לשפר את הכושר הגופני תוך מיקוד קבוצות שרירים ספציפיות. הוא משפר את החוזק, הגמישות והסיבולת הכללית."
חתירה דמוי tbar בפולי תחתון,https://www.youtube.com/watch?v=i-rRp-L0cYc,WEIGHT,standing,medium,T-Bar Row on Low Pulley Cable,"The exercise 'T-Bar Row on Low Pulley Cable' is designed to enhance physical fitness by targeting specific muscle groups. It improves strength, flexibility, and overall endurance.","התרגיל 'חתירה דמוי tbar בפולי תחתון' נועד לשפר את הכושר הגופני תוך מיקוד קבוצות שרירים ספציפיות. הוא משפר את החוזק, הגמישות והסיבולת הכללית."
גוד-מורנינג,https://www.youtube.com/watch?v=zKvLlIWMeP8,WEIGHT,,hard,Barbell Good Morning,"The exercise 'Barbell Good Morning' is designed to enhance physical fitness by targeting specific muscle groups. It improves strength, flexibility, and overall endurance.","התרגיל 'גוד-מורנינג' נועד לשפר את הכושר הגופני תוך מיקוד קבוצות שרירים ספציפיות. הוא משפר את החוזק, הגמישות והסיבולת הכללית."
פולאובר משקולות יד,https://www.youtube.com/watch?v=eD6u3ZrclHs,WEIGHT,,medium,Dumbbell Pullover,"The exercise 'Dumbbell Pullover' is designed to enhance physical fitness by targeting specific muscle groups. It improves strength, flexibility, and overall endurance.","התרגיל 'פולאובר משקולות יד' נועד לשפר את הכושר הגופני תוך מיקוד קבוצות שרירים ספציפיות. הוא משפר את החוזק, הגמישות והסיבולת הכללית."
באק סקוואט,https://www.youtube.com/watch?v=3LZSbAE2B0Y,WEIGHT,standing,medium,Back Squat,"The exercise 'Back Squat' is designed to enhance physical fitness by targeting specific muscle groups. It improves strength, flexibility, and overall endurance.","התרגיל 'באק סקוואט' נועד לשפר את הכושר הגופני תוך מיקוד קבוצות שרירים ספציפיות. הוא משפר את החוזק, הגמישות והסיבולת הכללית."
משיכה בפולי אחיזה צרה,https://www.youtube.com/watch?v=97lFbdgHO70,WEIGHT,seating,low,Close Grip Lat Pulldown,"The exercise 'Close Grip Lat Pulldown' is designed to enhance physical fitness by targeting specific muscle groups. It improves strength, flexibility, and overall endurance.","התרגיל 'משיכה בפולי אחיזה צרה' נועד לשפר את הכושר הגופני תוך מיקוד קבוצות שרירים ספציפיות. הוא משפר את החוזק, הגמישות והסיבולת הכללית."
פולאובר בפולי מוט,https://www.youtube.com/watch?v=iicPW0FmxNY,WEIGHT,standing,medium,Pullover with Bar Cable,"The exercise 'Pullover with Bar Cable' is designed to enhance physical fitness by targeting specific muscle groups. It improves strength, flexibility, and overall endurance.","התרגיל 'פולאובר בפולי מוט' נועד לשפר את הכושר הגופני תוך מיקוד קבוצות שרירים ספציפיות. הוא משפר את החוזק, הגמישות והסיבולת הכללית."
חתירה בפולי תחתון משולש,https://www.youtube.com/watch?v=lJ5k05ho570,WEIGHT,seating,medium,Seated Triangle Row,"The exercise 'Seated Triangle Row' is designed to enhance physical fitness by targeting specific muscle groups. It improves strength, flexibility, and overall endurance.","התרגיל 'חתירה בפולי תחתון משולש' נועד לשפר את הכושר הגופני תוך מיקוד קבוצות שרירים ספציפיות. הוא משפר את החוזק, הגמישות והסיבולת הכללית."
דדליפט-סומו,https://www.youtube.com/watch?v=lGzbhHc6QqM,WEIGHT,standing,hard,Sumo Deadlift,"The exercise 'Sumo Deadlift' is designed to enhance physical fitness by targeting specific muscle groups. It improves strength, flexibility, and overall endurance.","התרגיל 'דדליפט-סומו' נועד לשפר את הכושר הגופני תוך מיקוד קבוצות שרירים ספציפיות. הוא משפר את החוזק, הגמישות והסיבולת הכללית."
כפיפת ברכיים בפולי תחתון רצועות איבר-בודד,https://www.youtube.com/watch?v=5Pp6SAbOU7g,WEIGHT,standing,medium,Single-Leg Cable Leg Curl,"The exercise 'Single-Leg Cable Leg Curl' is designed to enhance physical fitness by targeting specific muscle groups. It improves strength, flexibility, and overall endurance.","התרגיל 'כפיפת ברכיים בפולי תחתון רצועות איבר-בודד' נועד לשפר את הכושר הגופני תוך מיקוד קבוצות שרירים ספציפיות. הוא משפר את החוזק, הגמישות והסיבולת הכללית."
עליית מתח,https://www.youtube.com/watch?v=zCU06mKfTNA,WEIGHT,standing,medium,Pull-up,"The exercise 'Pull-up' is designed to enhance physical fitness by targeting specific muscle groups. It improves strength, flexibility, and overall endurance.","התרגיל 'עליית מתח' נועד לשפר את הכושר הגופני תוך מיקוד קבוצות שרירים ספציפיות. הוא משפר את החוזק, הגמישות והסיבולת הכללית."
הרמת שכמות בפולי תחתון בעמידה,https://www.youtube.com/watch?v=4sn8jmiJ4TQ,WEIGHT,standing,low,Standing Low Pulley SHRUGS,"The exercise 'Standing Low Pulley SHRUGS' is designed to enhance physical fitness by targeting specific muscle groups. It improves strength, flexibility, and overall endurance.","התרגיל 'הרמת שכמות בפולי תחתון בעמידה' נועד לשפר את הכושר הגופני תוך מיקוד קבוצות שרירים ספציפיות. הוא משפר את החוזק, הגמישות והסיבולת הכללית."
מכרעים-בהליכה,https://www.youtube.com/watch?v=mEOAoRkNOoA,WEIGHT,standing,medium,Walking Lunges,"The exercise 'Walking Lunges' is designed to enhance physical fitness by targeting specific muscle groups. It improves strength, flexibility, and overall endurance.","התרגיל 'מכרעים-בהליכה' נועד לשפר את הכושר הגופני תוך מיקוד קבוצות שרירים ספציפיות. הוא משפר את החוזק, הגמישות והסיבולת הכללית."
דדליפט-קלאסי,https://www.youtube.com/watch?v=y7XUiRszcng,WEIGHT,standing,hard,Classic Deadlift,"The exercise 'Classic Deadlift' is designed to enhance physical fitness by targeting specific muscle groups. It improves strength, flexibility, and overall endurance.","התרגיל 'דדליפט-קלאסי' נועד לשפר את הכושר הגופני תוך מיקוד קבוצות שרירים ספציפיות. הוא משפר את החוזק, הגמישות והסיבולת הכללית."
חתירה מוט חופשי באחיזת פרונציה,,WEIGHT,standing,hard,Pronated Grip Barbell Row,"The exercise 'Pronated Grip Barbell Row' is designed to enhance physical fitness by targeting specific muscle groups. It improves strength, flexibility, and overall endurance.","התרגיל 'חתירה מוט חופשי באחיזת פרונציה' נועד לשפר את הכושר הגופני תוך מיקוד קבוצות שרירים ספציפיות. הוא משפר את החוזק, הגמישות והסיבולת הכללית."
חתירה מוט חופשי באחיזת סופינציה,https://www.youtube.com/watch?v=P6g-17KyPbg,WEIGHT,standing,hard,Supinated Grip Barbell Row,"The exercise 'Supinated Grip Barbell Row' is designed to enhance physical fitness by targeting specific muscle groups. It improves strength, flexibility, and overall endurance.","התרגיל 'חתירה מוט חופשי באחיזת סופינציה' נועד לשפר את הכושר הגופני תוך מיקוד קבוצות שרירים ספציפיות. הוא משפר את החוזק, הגמישות והסיבולת הכללית."
לחיצת חזה בפולי אמצע כבלים,,WEIGHT,seating,medium,Middle Cable Chest Press,"The exercise 'Middle Cable Chest Press' is designed to enhance physical fitness by targeting specific muscle groups. It improves strength, flexibility, and overall endurance.","התרגיל 'לחיצת חזה בפולי אמצע כבלים' נועד לשפר את הכושר הגופני תוך מיקוד קבוצות שרירים ספציפיות. הוא משפר את החוזק, הגמישות והסיבולת הכללית."
סקול-קראשר ביורק-פולי תחתון,,WEIGHT,standing,medium,Low Pulley Skull Crusher,"The exercise 'Low Pulley Skull Crusher' is designed to enhance physical fitness by targeting specific muscle groups. It improves strength, flexibility, and overall endurance.","התרגיל 'סקול-קראשר ביורק-פולי תחתון' נועד לשפר את הכושר הגופני תוך מיקוד קבוצות שרירים ספציפיות. הוא משפר את החוזק, הגמישות והסיבולת הכללית."
לחיצת חזה מוט חופשי אחיזה צרה,,WEIGHT,,hard,Close Grip Barbell bench Press,"The exercise 'Close Grip Barbell bench Press' is designed to enhance physical fitness by targeting specific muscle groups. It improves strength, flexibility, and overall endurance.","התרגיל 'לחיצת חזה מוט חופשי אחיזה צרה' נועד לשפר את הכושר הגופני תוך מיקוד קבוצות שרירים ספציפיות. הוא משפר את החוזק, הגמישות והסיבולת הכללית."
לחיצת חזה בפולי כבלים בשיפוע חיובי,https://www.youtube.com/watch?v=JUW5-Xne-Js,WEIGHT,supine,medium,Incline Cable Chest Press,"The exercise 'Incline Cable Chest Press' is designed to enhance physical fitness by targeting specific muscle groups. It improves strength, flexibility, and overall endurance.","התרגיל 'לחיצת חזה בפולי כבלים בשיפוע חיובי' נועד לשפר את הכושר הגופני תוך מיקוד קבוצות שרירים ספציפיות. הוא משפר את החוזק, הגמישות והסיבולת הכללית."
פרפר בפולי עליון,https://www.youtube.com/watch?v=2EGe9soq4Ek,WEIGHT,standing,medium,High cable fly,"The exercise 'High cable fly' is designed to enhance physical fitness by targeting specific muscle groups. It improves strength, flexibility, and overall endurance.","התרגיל 'פרפר בפולי עליון' נועד לשפר את הכושר הגופני תוך מיקוד קבוצות שרירים ספציפיות. הוא משפר את החוזק, הגמישות והסיבולת הכללית."
הרחקת כתפיים משקולות יד,https://www.youtube.com/watch?v=A58BHqktRpQ,WEIGHT,standing,low,Dumbbell Lateral Raise,"The exercise 'Dumbbell Lateral Raise' is designed to enhance physical fitness by targeting specific muscle groups. It improves strength, flexibility, and overall endurance.","התרגיל 'הרחקת כתפיים משקולות יד' נועד לשפר את הכושר הגופני תוך מיקוד קבוצות שרירים ספציפיות. הוא משפר את החוזק, הגמישות והסיבולת הכללית."
לחיצת חזה בקרוסאובר כבלים,https://www.youtube.com/watch?v=8gVT-Hge48M,WEIGHT,seating,medium,Cable Chest Press,"The exercise 'Cable Chest Press' is designed to enhance physical fitness by targeting specific muscle groups. It improves strength, flexibility, and overall endurance.","התרגיל 'לחיצת חזה בקרוסאובר כבלים' נועד לשפר את הכושר הגופני תוך מיקוד קבוצות שרירים ספציפיות. הוא משפר את החוזק, הגמישות והסיבולת הכללית."
לחיצת כתפיים משקולות יד בשיפוע חיובי,https://www.youtube.com/watch?v=MWZ21nR2ocE,WEIGHT,seating,medium,Incline Dumbbell Shoulder Press,"The exercise 'Incline Dumbbell Shoulder Press' is designed to enhance physical fitness by targeting specific muscle groups. It improves strength, flexibility, and overall endurance.","התרגיל 'לחיצת כתפיים משקולות יד בשיפוע חיובי' נועד לשפר את הכושר הגופני תוך מיקוד קבוצות שרירים ספציפיות. הוא משפר את החוזק, הגמישות והסיבולת הכללית."
סקול-קראשר חזה משקולות יד בשיפוע חיובי,https://www.youtube.com/watch?v=ZFrxYDulOZ8,WEIGHT,supine,medium,Incline Dumbbell Skull Crusher,"The exercise 'Incline Dumbbell Skull Crusher' is designed to enhance physical fitness by targeting specific muscle groups. It improves strength, flexibility, and overall endurance.","התרגיל 'סקול-קראשר חזה משקולות יד בשיפוע חיובי' נועד לשפר את הכושר הגופני תוך מיקוד קבוצות שרירים ספציפיות. הוא משפר את החוזק, הגמישות והסיבולת הכללית."
הרחקת כתפיים בקרוסאובר תחתון,https://www.youtube.com/watch?v=XnSHS38yFNE,WEIGHT,standing,medium,Low Cable Lateral Raise,"The exercise 'Low Cable Lateral Raise' is designed to enhance physical fitness by targeting specific muscle groups. It improves strength, flexibility, and overall endurance.","התרגיל 'הרחקת כתפיים בקרוסאובר תחתון' נועד לשפר את הכושר הגופני תוך מיקוד קבוצות שרירים ספציפיות. הוא משפר את החוזק, הגמישות והסיבולת הכללית."
כפיפת כתפיים משקולות יד,https://www.youtube.com/watch?v=UUciGHYZrPY,WEIGHT,standing,medium,Dumbbell Shoulder raise,"The exercise 'Dumbbell Shoulder raise' is designed to enhance physical fitness by targeting specific muscle groups. It improves strength, flexibility, and overall endurance.","התרגיל 'כפיפת כתפיים משקולות יד' נועד לשפר את הכושר הגופני תוך מיקוד קבוצות שרירים ספציפיות. הוא משפר את החוזק, הגמישות והסיבולת הכללית."
פרפר בפולי תחתון כבלים,https://www.youtube.com/watch?v=GyPENveX47c,WEIGHT,standing,medium,Low Cable Fly,"The exercise 'Low Cable Fly' is designed to enhance physical fitness by targeting specific muscle groups. It improves strength, flexibility, and overall endurance.","התרגיל 'פרפר בפולי תחתון כבלים' נועד לשפר את הכושר הגופני תוך מיקוד קבוצות שרירים ספציפיות. הוא משפר את החוזק, הגמישות והסיבולת הכללית."
חתירה מוט חופשי בעמידה,https://www.youtube.com/watch?v=skf-_cqtqn0,WEIGHT,standing,medium,Standing barbell Row,"The exercise 'Standing barbell Row' is designed to enhance physical fitness by targeting specific muscle groups. It improves strength, flexibility, and overall endurance.","התרגיל 'חתירה מוט חופשי בעמידה' נועד לשפר את הכושר הגופני תוך מיקוד קבוצות שרירים ספציפיות. הוא משפר את החוזק, הגמישות והסיבולת הכללית."
חתירה-רחבה משקולות יד,https://www.youtube.com/watch?v=DaUdcT3S2Pg,WEIGHT,,medium,Wide Grip Dumbbell Row,"The exercise 'Wide Grip Dumbbell Row' is designed to enhance physical fitness by targeting specific muscle groups. It improves strength, flexibility, and overall endurance.","התרגיל 'חתירה-רחבה משקולות יד' נועד לשפר את הכושר הגופני תוך מיקוד קבוצות שרירים ספציפיות. הוא משפר את החוזק, הגמישות והסיבולת הכללית."
כפיפת כתפיים מוט חופשי,https://www.youtube.com/watch?v=Wvb9k7hbpis,WEIGHT,standing,medium,Barbell front raise,"The exercise 'Barbell front raise' is designed to enhance physical fitness by targeting specific muscle groups. It improves strength, flexibility, and overall endurance.","התרגיל 'כפיפת כתפיים מוט חופשי' נועד לשפר את הכושר הגופני תוך מיקוד קבוצות שרירים ספציפיות. הוא משפר את החוזק, הגמישות והסיבולת הכללית."
סקול-קראשר מוט-W,https://www.youtube.com/watch?v=D1o5UjAh9pc,WEIGHT,standing,medium,W-Bar Skull Crusher,"The exercise 'W-Bar Skull Crusher' is designed to enhance physical fitness by targeting specific muscle groups. It improves strength, flexibility, and overall endurance.","התרגיל 'סקול-קראשר מוט-W' נועד לשפר את הכושר הגופני תוך מיקוד קבוצות שרירים ספציפיות. הוא משפר את החוזק, הגמישות והסיבולת הכללית."
כפיפות כתפיים בפולי תחתון,https://www.youtube.com/watch?v=90F1bquscN0,WEIGHT,standing,low,Low Pulley Shoulder raise,"The exercise 'Low Pulley Shoulder raise' is designed to enhance physical fitness by targeting specific muscle groups. It improves strength, flexibility, and overall endurance.","התרגיל 'כפיפות כתפיים בפולי תחתון' נועד לשפר את הכושר הגופני תוך מיקוד קבוצות שרירים ספציפיות. הוא משפר את החוזק, הגמישות והסיבולת הכללית."
פשיטת-מרפקים משקולות יד איבר-בודד,https://www.youtube.com/watch?v=sdrnhaoVLD0,WEIGHT,standing,medium,Single-Arm Dumbbell Tricep overhead Extension,"The exercise 'Single-Arm Dumbbell Tricep overhead Extension' is designed to enhance physical fitness by targeting specific muscle groups. It improves strength, flexibility, and overall endurance.","התרגיל 'פשיטת-מרפקים משקולות יד איבר-בודד' נועד לשפר את הכושר הגופני תוך מיקוד קבוצות שרירים ספציפיות. הוא משפר את החוזק, הגמישות והסיבולת הכללית."
לחיצת כתפיים מוט חופשי,https://www.youtube.com/watch?v=wqs6ctYNsB4,WEIGHT,seating,medium,Barbell Shoulder Press,"The exercise 'Barbell Shoulder Press' is designed to enhance physical fitness by targeting specific muscle groups. It improves strength, flexibility, and overall endurance.","התרגיל 'לחיצת כתפיים מוט חופשי' נועד לשפר את הכושר הגופני תוך מיקוד קבוצות שרירים ספציפיות. הוא משפר את החוזק, הגמישות והסיבולת הכללית."
הרחקה אופקית בפולי תחתון איבר-בודד,https://www.youtube.com/watch?v=xgTfSVuZFK8,WEIGHT,standing,medium,Single-Arm Low Pulley reverse fly,"The exercise 'Single-Arm Low Pulley reverse fly' is designed to enhance physical fitness by targeting specific muscle groups. It improves strength, flexibility, and overall endurance.","התרגיל 'הרחקה אופקית בפולי תחתון איבר-בודד' נועד לשפר את הכושר הגופני תוך מיקוד קבוצות שרירים ספציפיות. הוא משפר את החוזק, הגמישות והסיבולת הכללית."
הרחקה אופקית משקולות יד,https://www.youtube.com/watch?v=K9IFlzdnhcY,WEIGHT,seating,medium,Horizontal Dumbbell Row,"The exercise 'Horizontal Dumbbell Row' is designed to enhance physical fitness by targeting specific muscle groups. It improves strength, flexibility, and overall endurance.","התרגיל 'הרחקה אופקית משקולות יד' נועד לשפר את הכושר הגופני תוך מיקוד קבוצות שרירים ספציפיות. הוא משפר את החוזק, הגמישות והסיבולת הכללית."
חתירה-רחבה בפולי,https://www.youtube.com/watch?v=lkJABa-32p0,WEIGHT,,medium,Wide Grip Pulley Row,"The exercise 'Wide Grip Pulley Row' is designed to enhance physical fitness by targeting specific muscle groups. It improves strength, flexibility, and overall endurance.","התרגיל 'חתירה-רחבה בפולי' נועד לשפר את הכושר הגופני תוך מיקוד קבוצות שרירים ספציפיות. הוא משפר את החוזק, הגמישות והסיבולת הכללית."
לחיצת-כתפיים משקולות יד,https://www.youtube.com/watch?v=jFoFWYRnS5M,WEIGHT,seating,medium,Dumbbell Shoulder Press,"The exercise 'Dumbbell Shoulder Press' is designed to enhance physical fitness by targeting specific muscle groups. It improves strength, flexibility, and overall endurance.","התרגיל 'לחיצת-כתפיים משקולות יד' נועד לשפר את הכושר הגופני תוך מיקוד קבוצות שרירים ספציפיות. הוא משפר את החוזק, הגמישות והסיבולת הכללית."
לחיצת חזה בפולי עליון כבלים,https://www.youtube.com/watch?v=pbsnx6oRrq4,WEIGHT,,medium,High Cable Chest Press,"The exercise 'High Cable Chest Press' is designed to enhance physical fitness by targeting specific muscle groups. It improves strength, flexibility, and overall endurance.","התרגיל 'לחיצת חזה בפולי עליון כבלים' נועד לשפר את הכושר הגופני תוך מיקוד קבוצות שרירים ספציפיות. הוא משפר את החוזק, הגמישות והסיבולת הכללית."
פרפר בפולי אמצע כבלים,https://www.youtube.com/watch?v=x_aKH3hNFro,WEIGHT,seating,medium,Middle Cable Fly,"The exercise 'Middle Cable Fly' is designed to enhance physical fitness by targeting specific muscle groups. It improves strength, flexibility, and overall endurance.","התרגיל 'פרפר בפולי אמצע כבלים' נועד לשפר את הכושר הגופני תוך מיקוד קבוצות שרירים ספציפיות. הוא משפר את החוזק, הגמישות והסיבולת הכללית."
כפיפת כתפיים כנגד פולי תחתון איבר-בודד,https://www.youtube.com/watch?v=IEsVfs3EwgA,WEIGHT,standing,low,Single-Arm Low Pulley Shoulder raise,"The exercise 'Single-Arm Low Pulley Shoulder raise' is designed to enhance physical fitness by targeting specific muscle groups. It improves strength, flexibility, and overall endurance.","התרגיל 'כפיפת כתפיים כנגד פולי תחתון איבר-בודד' נועד לשפר את הכושר הגופני תוך מיקוד קבוצות שרירים ספציפיות. הוא משפר את החוזק, הגמישות והסיבולת הכללית."
מקבילים,https://www.youtube.com/watch?v=1R74IsyQX1I,WEIGHT,standing,hard,Dips,"The exercise 'Dips' is designed to enhance physical fitness by targeting specific muscle groups. It improves strength, flexibility, and overall endurance.","התרגיל 'מקבילים' נועד לשפר את הכושר הגופני תוך מיקוד קבוצות שרירים ספציפיות. הוא משפר את החוזק, הגמישות והסיבולת הכללית."
פשיטת-מרפקים בפולי עליון מוט,https://www.youtube.com/watch?v=4DM5LYAX6uQ,WEIGHT,standing,medium,Bar Cable Tricep Extension,"The exercise 'Bar Cable Tricep Extension' is designed to enhance physical fitness by targeting specific muscle groups. It improves strength, flexibility, and overall endurance.","התרגיל 'פשיטת-מרפקים בפולי עליון מוט' נועד לשפר את הכושר הגופני תוך מיקוד קבוצות שרירים ספציפיות. הוא משפר את החוזק, הגמישות והסיבולת הכללית."
סקול-קראשר משקולות יד,https://www.youtube.com/watch?v=EyK83maaig8,WEIGHT,standing,medium,Dumbbell Skull Crusher,"The exercise 'Dumbbell Skull Crusher' is designed to enhance physical fitness by targeting specific muscle groups. It improves strength, flexibility, and overall endurance.","התרגיל 'סקול-קראשר משקולות יד' נועד לשפר את הכושר הגופני תוך מיקוד קבוצות שרירים ספציפיות. הוא משפר את החוזק, הגמישות והסיבולת הכללית."
שכיבות-סמיכה אחיזה-צרה,https://www.youtube.com/watch?v=yVwOE1t284s,WEIGHT,supine,medium,Close-Grip push -ups,"The exercise 'Close-Grip push -ups' is designed to enhance physical fitness by targeting specific muscle groups. It improves strength, flexibility, and overall endurance.","התרגיל 'שכיבות-סמיכה אחיזה-צרה' נועד לשפר את הכושר הגופני תוך מיקוד קבוצות שרירים ספציפיות. הוא משפר את החוזק, הגמישות והסיבולת הכללית."
פרפר כבלים איבר-בודד,,WEIGHT,,medium,Single-Arm Cable Fly,"The exercise 'Single-Arm Cable Fly' is designed to enhance physical fitness by targeting specific muscle groups. It improves strength, flexibility, and overall endurance.","התרגיל 'פרפר כבלים איבר-בודד' נועד לשפר את הכושר הגופני תוך מיקוד קבוצות שרירים ספציפיות. הוא משפר את החוזק, הגמישות והסיבולת הכללית."
הרחקה אופקית בפולי תחתון,https://www.youtube.com/watch?v=S5r7QUH7rUk,WEIGHT,standing,medium,Low Pulley reverse fly,"The exercise 'Low Pulley reverse fly' is designed to enhance physical fitness by targeting specific muscle groups. It improves strength, flexibility, and overall endurance.","התרגיל 'הרחקה אופקית בפולי תחתון' נועד לשפר את הכושר הגופני תוך מיקוד קבוצות שרירים ספציפיות. הוא משפר את החוזק, הגמישות והסיבולת הכללית."
כפיפת מרפקים מוט חופשי,,WEIGHT,standing,medium,Barbell Bicep Curl,"The exercise 'Barbell Bicep Curl' is designed to enhance physical fitness by targeting specific muscle groups. It improves strength, flexibility, and overall endurance.","התרגיל 'כפיפת מרפקים מוט חופשי' נועד לשפר את הכושר הגופני תוך מיקוד קבוצות שרירים ספציפיות. הוא משפר את החוזק, הגמישות והסיבולת הכללית."
בטן-סטטי בשיפוע חיובי,https://www.youtube.com/watch?v=v4f2SwkNd4c,TIME,supine,low,Incline Static plank,"The exercise 'Incline Static plank' is designed to enhance physical fitness by targeting specific muscle groups. It improves strength, flexibility, and overall endurance.","התרגיל 'בטן-סטטי בשיפוע חיובי' נועד לשפר את הכושר הגופני תוך מיקוד קבוצות שרירים ספציפיות. הוא משפר את החוזק, הגמישות והסיבולת הכללית."
כפיפות בטן מטפס הרים,https://www.youtube.com/watch?v=d6QUwuymWMo,WEIGHT,supine,medium,Mountain Climber Ab Crunches,"The exercise 'Mountain Climber Ab Crunches' is designed to enhance physical fitness by targeting specific muscle groups. It improves strength, flexibility, and overall endurance.","התרגיל 'כפיפות בטן מטפס הרים' נועד לשפר את הכושר הגופני תוך מיקוד קבוצות שרירים ספציפיות. הוא משפר את החוזק, הגמישות והסיבולת הכללית."
כפיפת מרפקים בפולי תחתון,https://www.youtube.com/watch?v=iA-rGfHFthM,WEIGHT,standing,low,Low Cable bar Bicep Curl,"The exercise 'Low Cable bar Bicep Curl' is designed to enhance physical fitness by targeting specific muscle groups. It improves strength, flexibility, and overall endurance.","התרגיל 'כפיפת מרפקים בפולי תחתון' נועד לשפר את הכושר הגופני תוך מיקוד קבוצות שרירים ספציפיות. הוא משפר את החוזק, הגמישות והסיבולת הכללית."
הרמת רגליים מזרן בשכיבה,https://www.youtube.com/watch?v=5B3oW6mr95Q,WEIGHT,supine,medium,Lying Leg Raise,"The exercise 'Lying Leg Raise' is designed to enhance physical fitness by targeting specific muscle groups. It improves strength, flexibility, and overall endurance.","התרגיל 'הרמת רגליים מזרן בשכיבה' נועד לשפר את הכושר הגופני תוך מיקוד קבוצות שרירים ספציפיות. הוא משפר את החוזק, הגמישות והסיבולת הכללית."
גלגלת בטן בתמיכת ברכיים,https://www.youtube.com/watch?v=uB0jMkOMbEI,WEIGHT,,medium,Ab whell Knee Support,"The exercise 'Ab whell Knee Support' is designed to enhance physical fitness by targeting specific muscle groups. It improves strength, flexibility, and overall endurance.","התרגיל 'גלגלת בטן בתמיכת ברכיים' נועד לשפר את הכושר הגופני תוך מיקוד קבוצות שרירים ספציפיות. הוא משפר את החוזק, הגמישות והסיבולת הכללית."
פשיטת-מרפקים בפולי עליון באחיזת סופינציה,https://www.youtube.com/watch?v=W6BKeABtD4A,WEIGHT,standing,medium,Supinated Grip Cable Tricep Extension,"The exercise 'Supinated Grip Cable Tricep Extension' is designed to enhance physical fitness by targeting specific muscle groups. It improves strength, flexibility, and overall endurance.","התרגיל 'פשיטת-מרפקים בפולי עליון באחיזת סופינציה' נועד לשפר את הכושר הגופני תוך מיקוד קבוצות שרירים ספציפיות. הוא משפר את החוזק, הגמישות והסיבולת הכללית."
כפיפת מרפקים בפולי תחתון חבל,https://www.youtube.com/watch?v=N8vnVCUKcQ8,WEIGHT,standing,medium,Low Pulley rope Cable Curl,"The exercise 'Low Pulley rope Cable Curl' is designed to enhance physical fitness by targeting specific muscle groups. It improves strength, flexibility, and overall endurance.","התרגיל 'כפיפת מרפקים בפולי תחתון חבל' נועד לשפר את הכושר הגופני תוך מיקוד קבוצות שרירים ספציפיות. הוא משפר את החוזק, הגמישות והסיבולת הכללית."
לחיצת-גקסון,https://www.youtube.com/watch?v=i53GqUM1d4A,WEIGHT,,medium,Bench dips,"The exercise 'Bench dips' is designed to enhance physical fitness by targeting specific muscle groups. It improves strength, flexibility, and overall endurance.","התרגיל 'לחיצת-גקסון' נועד לשפר את הכושר הגופני תוך מיקוד קבוצות שרירים ספציפיות. הוא משפר את החוזק, הגמישות והסיבולת הכללית."
בטן-סטטי בשיפוע שלילי,https://www.youtube.com/watch?v=KJ-qLqC5yUg,TIME,,medium,Decline Static plank,"The exercise 'Decline Static plank' is designed to enhance physical fitness by targeting specific muscle groups. It improves strength, flexibility, and overall endurance.","התרגיל 'בטן-סטטי בשיפוע שלילי' נועד לשפר את הכושר הגופני תוך מיקוד קבוצות שרירים ספציפיות. הוא משפר את החוזק, הגמישות והסיבולת הכללית."
כפיפות בטן בפולי עליון,https://www.youtube.com/watch?v=kzpl8RMzku8,WEIGHT,seating,medium,High Pulley Ab Crunches,"The exercise 'High Pulley Ab Crunches' is designed to enhance physical fitness by targeting specific muscle groups. It improves strength, flexibility, and overall endurance.","התרגיל 'כפיפות בטן בפולי עליון' נועד לשפר את הכושר הגופני תוך מיקוד קבוצות שרירים ספציפיות. הוא משפר את החוזק, הגמישות והסיבולת הכללית."
כפיפת מרפקים בקרוסאובר צד למכונה,https://www.youtube.com/watch?v=ItTLS8lDtsc,WEIGHT,standing,medium,Side to Crossover biceps Curl,"The exercise 'Side to Crossover biceps Curl' is designed to enhance physical fitness by targeting specific muscle groups. It improves strength, flexibility, and overall endurance.","התרגיל 'כפיפת מרפקים בקרוסאובר צד למכונה' נועד לשפר את הכושר הגופני תוך מיקוד קבוצות שרירים ספציפיות. הוא משפר את החוזק, הגמישות והסיבולת הכללית."
קיקבאק-לאחור בפולי תחתון,https://www.youtube.com/watch?v=hsLaz_KoIZQ,WEIGHT,,medium,Low Cable Tricep Kickback,"The exercise 'Low Cable Tricep Kickback' is designed to enhance physical fitness by targeting specific muscle groups. It improves strength, flexibility, and overall endurance.","התרגיל 'קיקבאק-לאחור בפולי תחתון' נועד לשפר את הכושר הגופני תוך מיקוד קבוצות שרירים ספציפיות. הוא משפר את החוזק, הגמישות והסיבולת הכללית."
פשיטת-מרפקים בפולי עליון ידיות איבר-בודד,https://www.youtube.com/watch?v=lbiY2ZmLqm4,WEIGHT,standing,medium,Single-Arm Cable Tricep Extension with Handles,"The exercise 'Single-Arm Cable Tricep Extension with Handles' is designed to enhance physical fitness by targeting specific muscle groups. It improves strength, flexibility, and overall endurance.","התרגיל 'פשיטת-מרפקים בפולי עליון ידיות איבר-בודד' נועד לשפר את הכושר הגופני תוך מיקוד קבוצות שרירים ספציפיות. הוא משפר את החוזק, הגמישות והסיבולת הכללית."
כפיפות בטן אופניים,https://www.youtube.com/watch?v=-F_pbHg7lGY,WEIGHT,supine,medium,Bicycle Ab Crunches,"The exercise 'Bicycle Ab Crunches' is designed to enhance physical fitness by targeting specific muscle groups. It improves strength, flexibility, and overall endurance.","התרגיל 'כפיפות בטן אופניים' נועד לשפר את הכושר הגופני תוך מיקוד קבוצות שרירים ספציפיות. הוא משפר את החוזק, הגמישות והסיבולת הכללית."
כפיפת מרפקים משקולות יד,https://www.youtube.com/watch?v=ydmGdH93Azo,WEIGHT,standing,low,Dumbbell Bicep Curl,"The exercise 'Dumbbell Bicep Curl' is designed to enhance physical fitness by targeting specific muscle groups. It improves strength, flexibility, and overall endurance.","התרגיל 'כפיפת מרפקים משקולות יד' נועד לשפר את הכושר הגופני תוך מיקוד קבוצות שרירים ספציפיות. הוא משפר את החוזק, הגמישות והסיבולת הכללית."
כפיפות בטן,https://www.youtube.com/watch?v=gDVqyiGFc3g,WEIGHT,supine,low,Ab Crunches,"The exercise 'Ab Crunches' is designed to enhance physical fitness by targeting specific muscle groups. It improves strength, flexibility, and overall endurance.","התרגיל 'כפיפות בטן' נועד לשפר את הכושר הגופני תוך מיקוד קבוצות שרירים ספציפיות. הוא משפר את החוזק, הגמישות והסיבולת הכללית."
כפיפות-ספיידר משקולות יד בשכיבה בשיפוע חיובי,https://www.youtube.com/watch?v=nlTSYvzmBA8,WEIGHT,supine,medium,Spider Curl with Dumbbells,"The exercise 'Spider Curl with Dumbbells' is designed to enhance physical fitness by targeting specific muscle groups. It improves strength, flexibility, and overall endurance.","התרגיל 'כפיפות-ספיידר משקולות יד בשכיבה בשיפוע חיובי' נועד לשפר את הכושר הגופני תוך מיקוד קבוצות שרירים ספציפיות. הוא משפר את החוזק, הגמישות והסיבולת הכללית."
כפיפת מרפקים משקולות יד תמיכת ירך,https://www.youtube.com/watch?v=lW-SDennfaw,WEIGHT,seating,medium,Hip Support Dumbbell Curl,"The exercise 'Hip Support Dumbbell Curl' is designed to enhance physical fitness by targeting specific muscle groups. It improves strength, flexibility, and overall endurance.","התרגיל 'כפיפת מרפקים משקולות יד תמיכת ירך' נועד לשפר את הכושר הגופני תוך מיקוד קבוצות שרירים ספציפיות. הוא משפר את החוזק, הגמישות והסיבולת הכללית."
כפיפת מרפקים בתמיכת ירך משקולות יד אחיזת פטישים,https://www.youtube.com/watch?v=j9LF-1-0qB0,WEIGHT,seating,medium,Hammer Grip Hip Support Dumbbell Curl,"The exercise 'Hammer Grip Hip Support Dumbbell Curl' is designed to enhance physical fitness by targeting specific muscle groups. It improves strength, flexibility, and overall endurance.","התרגיל 'כפיפת מרפקים בתמיכת ירך משקולות יד אחיזת פטישים' נועד לשפר את הכושר הגופני תוך מיקוד קבוצות שרירים ספציפיות. הוא משפר את החוזק, הגמישות והסיבולת הכללית."
בטן-סטטי צידי,https://www.youtube.com/watch?v=IN5trd23wuE,TIME,,medium,Side Static plank,"The exercise 'Side Static plank' is designed to enhance physical fitness by targeting specific muscle groups. It improves strength, flexibility, and overall endurance.","התרגיל 'בטן-סטטי צידי' נועד לשפר את הכושר הגופני תוך מיקוד קבוצות שרירים ספציפיות. הוא משפר את החוזק, הגמישות והסיבולת הכללית."
פשיטת-מרפקים בפולי תחתון חבל גב למכונה,https://www.youtube.com/watch?v=nHxmfxEIHSw,WEIGHT,standing,low,Low Cable Rope overhead Tricep Extension,"The exercise 'Low Cable Rope overhead Tricep Extension' is designed to enhance physical fitness by targeting specific muscle groups. It improves strength, flexibility, and overall endurance.","התרגיל 'פשיטת-מרפקים בפולי תחתון חבל גב למכונה' נועד לשפר את הכושר הגופני תוך מיקוד קבוצות שרירים ספציפיות. הוא משפר את החוזק, הגמישות והסיבולת הכללית."
היפ-טרסט,https://www.youtube.com/watch?v=KalxWp_L3_A,WEIGHT,seating,medium,Hip Thrust,"The exercise 'Hip Thrust' is designed to enhance physical fitness by targeting specific muscle groups. It improves strength, flexibility, and overall endurance.","התרגיל 'היפ-טרסט' נועד לשפר את הכושר הגופני תוך מיקוד קבוצות שרירים ספציפיות. הוא משפר את החוזק, הגמישות והסיבולת הכללית."
כפיפת מרפקים בקרוסאובר גב למכונה,https://www.youtube.com/watch?v=0pdJGjHWlyo,WEIGHT,standing,medium,Back to Crossover biceps Curl,"The exercise 'Back to Crossover biceps Curl' is designed to enhance physical fitness by targeting specific muscle groups. It improves strength, flexibility, and overall endurance.","התרגיל 'כפיפת מרפקים בקרוסאובר גב למכונה' נועד לשפר את הכושר הגופני תוך מיקוד קבוצות שרירים ספציפיות. הוא משפר את החוזק, הגמישות והסיבולת הכללית."
כפיפת מרפקים בפולי תחתון בשכיבה על מזרן,https://www.youtube.com/watch?v=ChlsEmkpY8E,WEIGHT,supine,medium,Lying Low Pulley biceps Curl,"The exercise 'Lying Low Pulley biceps Curl' is designed to enhance physical fitness by targeting specific muscle groups. It improves strength, flexibility, and overall endurance.","התרגיל 'כפיפת מרפקים בפולי תחתון בשכיבה על מזרן' נועד לשפר את הכושר הגופני תוך מיקוד קבוצות שרירים ספציפיות. הוא משפר את החוזק, הגמישות והסיבולת הכללית."
כפיפות בטן כדורBOSU בשכיבה,https://www.youtube.com/watch?v=xyhEUGy5jpg,WEIGHT,supine,medium,BOSU ab Crunches,"The exercise 'BOSU ab Crunches' is designed to enhance physical fitness by targeting specific muscle groups. It improves strength, flexibility, and overall endurance.","התרגיל 'כפיפות בטן כדורBOSU בשכיבה' נועד לשפר את הכושר הגופני תוך מיקוד קבוצות שרירים ספציפיות. הוא משפר את החוזק, הגמישות והסיבולת הכללית."
כפיפות בטן פינגווין מזרן,https://www.youtube.com/watch?v=bMvvsvsSV3A,WEIGHT,supine,low,Penguin Ab Crunches,"The exercise 'Penguin Ab Crunches' is designed to enhance physical fitness by targeting specific muscle groups. It improves strength, flexibility, and overall endurance.","התרגיל 'כפיפות בטן פינגווין מזרן' נועד לשפר את הכושר הגופני תוך מיקוד קבוצות שרירים ספציפיות. הוא משפר את החוזק, הגמישות והסיבולת הכללית."
כפיפת מרפקים משקולות יד בשיפוע חיובי,https://www.youtube.com/watch?v=FGd5icsQBTs,WEIGHT,supine,medium,Incline Dumbbell Curl,"The exercise 'Incline Dumbbell Curl' is designed to enhance physical fitness by targeting specific muscle groups. It improves strength, flexibility, and overall endurance.","התרגיל 'כפיפת מרפקים משקולות יד בשיפוע חיובי' נועד לשפר את הכושר הגופני תוך מיקוד קבוצות שרירים ספציפיות. הוא משפר את החוזק, הגמישות והסיבולת הכללית."
טוויסט בישיבה,https://www.youtube.com/watch?v=p6ho8QBFYYo,WEIGHT,seating,medium,Seated Russian Twist,"The exercise 'Seated Russian Twist' is designed to enhance physical fitness by targeting specific muscle groups. It improves strength, flexibility, and overall endurance.","התרגיל 'טוויסט בישיבה' נועד לשפר את הכושר הגופני תוך מיקוד קבוצות שרירים ספציפיות. הוא משפר את החוזק, הגמישות והסיבולת הכללית."
טוויסט בשכיבה,https://www.youtube.com/watch?v=R8TUrQ4XH98,WEIGHT,supine,hard,Lying Russian Twist,"The exercise 'Lying Russian Twist' is designed to enhance physical fitness by targeting specific muscle groups. It improves strength, flexibility, and overall endurance.","התרגיל 'טוויסט בשכיבה' נועד לשפר את הכושר הגופני תוך מיקוד קבוצות שרירים ספציפיות. הוא משפר את החוזק, הגמישות והסיבולת הכללית."
הרמת ברכיים מזרן בשכיבה,https://www.youtube.com/watch?v=tv8v6g4aJxM,WEIGHT,supine,low,Lying Knee Raise,"The exercise 'Lying Knee Raise' is designed to enhance physical fitness by targeting specific muscle groups. It improves strength, flexibility, and overall endurance.","התרגיל 'הרמת ברכיים מזרן בשכיבה' נועד לשפר את הכושר הגופני תוך מיקוד קבוצות שרירים ספציפיות. הוא משפר את החוזק, הגמישות והסיבולת הכללית."
לחיצת חזה מוט חופשי אחיזה צמודה,,WEIGHT,,medium,Close Grip Bench Press,"The exercise 'Close Grip Bench Press' is designed to enhance physical fitness by targeting specific muscle groups. It improves strength, flexibility, and overall endurance.","התרגיל 'לחיצת חזה מוט חופשי אחיזה צמודה' נועד לשפר את הכושר הגופני תוך מיקוד קבוצות שרירים ספציפיות. הוא משפר את החוזק, הגמישות והסיבולת הכללית."
סטפ-אפ קופסא,,WEIGHT,standing,medium,Step-up Box,"The exercise 'Step-up Box' is designed to enhance physical fitness by targeting specific muscle groups. It improves strength, flexibility, and overall endurance.","התרגיל 'סטפ-אפ קופסא' נועד לשפר את הכושר הגופני תוך מיקוד קבוצות שרירים ספציפיות. הוא משפר את החוזק, הגמישות והסיבולת הכללית."
לחיצת כתפיים בקרוסאובר,,WEIGHT,seating,medium,Cross-Over Seated Shoulder Press,"The exercise 'Cross-Over Seated Shoulder Press' is designed to enhance physical fitness by targeting specific muscle groups. It improves strength, flexibility, and overall endurance.","התרגיל 'לחיצת כתפיים בקרוסאובר' נועד לשפר את הכושר הגופני תוך מיקוד קבוצות שרירים ספציפיות. הוא משפר את החוזק, הגמישות והסיבולת הכללית."
פשיטת-מרפקים רצועות בישיבה גב למכונה,,WEIGHT,seating,medium,Seated Tricep extention handles back to machine,"The exercise 'Seated Tricep extention handles back to machine' is designed to enhance physical fitness by targeting specific muscle groups. It improves strength, flexibility, and overall endurance.","התרגיל 'פשיטת-מרפקים רצועות בישיבה גב למכונה' נועד לשפר את הכושר הגופני תוך מיקוד קבוצות שרירים ספציפיות. הוא משפר את החוזק, הגמישות והסיבולת הכללית."
חוטב-עצים,,WEIGHT,standing,medium,Woodchopper twist,"The exercise 'Woodchopper twist' is designed to enhance physical fitness by targeting specific muscle groups. It improves strength, flexibility, and overall endurance.","התרגיל 'חוטב-עצים' נועד לשפר את הכושר הגופני תוך מיקוד קבוצות שרירים ספציפיות. הוא משפר את החוזק, הגמישות והסיבולת הכללית."
דדליפט-הייבריד,https://www.youtube.com/watch?v=jEWrkMMBsiA,WEIGHT,standing,hard,Hybrid Deadlift,"The exercise 'Hybrid Deadlift' is designed to enhance physical fitness by targeting specific muscle groups. It improves strength, flexibility, and overall endurance.","התרגיל 'דדליפט-הייבריד' נועד לשפר את הכושר הגופני תוך מיקוד קבוצות שרירים ספציפיות. הוא משפר את החוזק, הגמישות והסיבולת הכללית."
מכרע בולגרי בקרוסאובר,https://www.youtube.com/watch?v=1-72QdUYKm8,WEIGHT,standing,medium,Bulgarian Split Squat in Crossover,"The exercise 'Bulgarian Split Squat in Crossover' is designed to enhance physical fitness by targeting specific muscle groups. It improves strength, flexibility, and overall endurance.","התרגיל 'מכרע בולגרי בקרוסאובר' נועד לשפר את הכושר הגופני תוך מיקוד קבוצות שרירים ספציפיות. הוא משפר את החוזק, הגמישות והסיבולת הכללית."
פשיטת ירך בפולי רצועות הטיית גו על ספה,https://www.youtube.com/watch?v=2L6KeDwiuCs,WEIGHT,,medium,Hip extention pully on bench,"The exercise 'Hip extention pully on bench' is designed to enhance physical fitness by targeting specific muscle groups. It improves strength, flexibility, and overall endurance.","התרגיל 'פשיטת ירך בפולי רצועות הטיית גו על ספה' נועד לשפר את הכושר הגופני תוך מיקוד קבוצות שרירים ספציפיות. הוא משפר את החוזק, הגמישות והסיבולת הכללית."
כפיפה נורדית,https://www.youtube.com/watch?v=fcTDEtv_pzw,WEIGHT,seating,hard,Nordic Curls,"The exercise 'Nordic Curls' is designed to enhance physical fitness by targeting specific muscle groups. It improves strength, flexibility, and overall endurance.","התרגיל 'כפיפה נורדית' נועד לשפר את הכושר הגופני תוך מיקוד קבוצות שרירים ספציפיות. הוא משפר את החוזק, הגמישות והסיבולת הכללית."
היפ-טרסט איבר-בודד,https://www.youtube.com/watch?v=h8W8CPxHTs0,WEIGHT,seating,medium,Single leg Hip Thrust,"The exercise 'Single leg Hip Thrust' is designed to enhance physical fitness by targeting specific muscle groups. It improves strength, flexibility, and overall endurance.","התרגיל 'היפ-טרסט איבר-בודד' נועד לשפר את הכושר הגופני תוך מיקוד קבוצות שרירים ספציפיות. הוא משפר את החוזק, הגמישות והסיבולת הכללית."
פייס-פולס בפולי עליון,https://www.youtube.com/watch?v=rReJDFFgoSo,WEIGHT,,medium,Rope Face Pulls on High Pulley,"The exercise 'Rope Face Pulls on High Pulley' is designed to enhance physical fitness by targeting specific muscle groups. It improves strength, flexibility, and overall endurance.","התרגיל 'פייס-פולס בפולי עליון' נועד לשפר את הכושר הגופני תוך מיקוד קבוצות שרירים ספציפיות. הוא משפר את החוזק, הגמישות והסיבולת הכללית."
לחיצה-פרפר משקולות יד בשיפוע חיובי,https://www.youtube.com/watch?v=e9McOVr3yM4,WEIGHT,supine,medium,Incline Dumbbell Fly press,"The exercise 'Incline Dumbbell Fly press' is designed to enhance physical fitness by targeting specific muscle groups. It improves strength, flexibility, and overall endurance.","התרגיל 'לחיצה-פרפר משקולות יד בשיפוע חיובי' נועד לשפר את הכושר הגופני תוך מיקוד קבוצות שרירים ספציפיות. הוא משפר את החוזק, הגמישות והסיבולת הכללית."
עליית מתח באחיזת סופינציה,https://www.youtube.com/watch?v=we8NCVf5qu8,WEIGHT,standing,medium,Pull-Up Supination Grip,"The exercise 'Pull-Up Supination Grip' is designed to enhance physical fitness by targeting specific muscle groups. It improves strength, flexibility, and overall endurance.","התרגיל 'עליית מתח באחיזת סופינציה' נועד לשפר את הכושר הגופני תוך מיקוד קבוצות שרירים ספציפיות. הוא משפר את החוזק, הגמישות והסיבולת הכללית."
שכיבות-סמיכה בשיפוע שלילי,https://www.youtube.com/watch?v=1KSs-7nflH8,WEIGHT,supine,medium,Decline push ups,"The exercise 'Decline push ups' is designed to enhance physical fitness by targeting specific muscle groups. It improves strength, flexibility, and overall endurance.","התרגיל 'שכיבות-סמיכה בשיפוע שלילי' נועד לשפר את הכושר הגופני תוך מיקוד קבוצות שרירים ספציפיות. הוא משפר את החוזק, הגמישות והסיבולת הכללית."
טוויסט בפולי עליון בעמידה,https://www.youtube.com/watch?v=rCgvI-7mmN0,WEIGHT,standing,medium,Standing High Pulley Twists,"The exercise 'Standing High Pulley Twists' is designed to enhance physical fitness by targeting specific muscle groups. It improves strength, flexibility, and overall endurance.","התרגיל 'טוויסט בפולי עליון בעמידה' נועד לשפר את הכושר הגופני תוך מיקוד קבוצות שרירים ספציפיות. הוא משפר את החוזק, הגמישות והסיבולת הכללית."
כפיפות בטן בפולי תחתון,https://www.youtube.com/watch?v=5cDVKfZHox0,WEIGHT,supine,medium,Low polly ab Crunch,"The exercise 'Low polly ab Crunch' is designed to enhance physical fitness by targeting specific muscle groups. It improves strength, flexibility, and overall endurance.","התרגיל 'כפיפות בטן בפולי תחתון' נועד לשפר את הכושר הגופני תוך מיקוד קבוצות שרירים ספציפיות. הוא משפר את החוזק, הגמישות והסיבולת הכללית."
דדליפט-רומני כריעה איבר-בודד,https://www.youtube.com/watch?v=mCBhYUqCAeU,WEIGHT,standing,medium,Single Leg Romanian Deadlift,"The exercise 'Single Leg Romanian Deadlift' is designed to enhance physical fitness by targeting specific muscle groups. It improves strength, flexibility, and overall endurance.","התרגיל 'דדליפט-רומני כריעה איבר-בודד' נועד לשפר את הכושר הגופני תוך מיקוד קבוצות שרירים ספציפיות. הוא משפר את החוזק, הגמישות והסיבולת הכללית."
משיכה בפולי ידיות אחיזה צרה,https://www.youtube.com/watch?v=N2KzR79PEw4,WEIGHT,seating,medium,Close Grip handles lat Pulldown,"The exercise 'Close Grip handles lat Pulldown' is designed to enhance physical fitness by targeting specific muscle groups. It improves strength, flexibility, and overall endurance.","התרגיל 'משיכה בפולי ידיות אחיזה צרה' נועד לשפר את הכושר הגופני תוך מיקוד קבוצות שרירים ספציפיות. הוא משפר את החוזק, הגמישות והסיבולת הכללית."
דדליפט-רומני TBar,https://www.youtube.com/watch?v=o2pdPZelUpw,WEIGHT,standing,medium,T-Bar Romanian Deadlift,"The exercise 'T-Bar Romanian Deadlift' is designed to enhance physical fitness by targeting specific muscle groups. It improves strength, flexibility, and overall endurance.","התרגיל 'דדליפט-רומני TBar' נועד לשפר את הכושר הגופני תוך מיקוד קבוצות שרירים ספציפיות. הוא משפר את החוזק, הגמישות והסיבולת הכללית."
לחיצת כתפיים בקרוסאובר תחתון ידיות בישיבה,https://www.youtube.com/watch?v=0yspd9l0NGM,WEIGHT,seating,medium,Seated Low Crossover Shoulder Press with handles,"The exercise 'Seated Low Crossover Shoulder Press with handles' is designed to enhance physical fitness by targeting specific muscle groups. It improves strength, flexibility, and overall endurance.","התרגיל 'לחיצת כתפיים בקרוסאובר תחתון ידיות בישיבה' נועד לשפר את הכושר הגופני תוך מיקוד קבוצות שרירים ספציפיות. הוא משפר את החוזק, הגמישות והסיבולת הכללית."
פרפר כבלים בשיפוע חיובי,https://www.youtube.com/watch?v=Rh6iqqXac8U,WEIGHT,supine,medium,Incline Cable Fly,"The exercise 'Incline Cable Fly' is designed to enhance physical fitness by targeting specific muscle groups. It improves strength, flexibility, and overall endurance.","התרגיל 'פרפר כבלים בשיפוע חיובי' נועד לשפר את הכושר הגופני תוך מיקוד קבוצות שרירים ספציפיות. הוא משפר את החוזק, הגמישות והסיבולת הכללית."
פולאובר גב למכונה,https://www.youtube.com/watch?v=cayygCYFCbI,WEIGHT,standing,medium,Pullover back to pully,"The exercise 'Pullover back to pully' is designed to enhance physical fitness by targeting specific muscle groups. It improves strength, flexibility, and overall endurance.","התרגיל 'פולאובר גב למכונה' נועד לשפר את הכושר הגופני תוך מיקוד קבוצות שרירים ספציפיות. הוא משפר את החוזק, הגמישות והסיבולת הכללית."
חתירה בקרוסאובר מוט באחיזת סופינציה,https://www.youtube.com/watch?v=G2yedWlfW2A,WEIGHT,seating,hard,Seated cable Row Supinated Grip,"The exercise 'Seated cable Row Supinated Grip' is designed to enhance physical fitness by targeting specific muscle groups. It improves strength, flexibility, and overall endurance.","התרגיל 'חתירה בקרוסאובר מוט באחיזת סופינציה' נועד לשפר את הכושר הגופני תוך מיקוד קבוצות שרירים ספציפיות. הוא משפר את החוזק, הגמישות והסיבולת הכללית."
היפ-טרסט בקרוסאובר,https://www.youtube.com/watch?v=P-NPbl408co,WEIGHT,seating,medium,Hip Thrust on Crossover,"The exercise 'Hip Thrust on Crossover' is designed to enhance physical fitness by targeting specific muscle groups. It improves strength, flexibility, and overall endurance.","התרגיל 'היפ-טרסט בקרוסאובר' נועד לשפר את הכושר הגופני תוך מיקוד קבוצות שרירים ספציפיות. הוא משפר את החוזק, הגמישות והסיבולת הכללית."
מכרעים-סטטיים,https://www.youtube.com/watch?v=KKXie2UApCc,WEIGHT,standing,low,Static Lunges,"The exercise 'Static Lunges' is designed to enhance physical fitness by targeting specific muscle groups. It improves strength, flexibility, and overall endurance.","התרגיל 'מכרעים-סטטיים' נועד לשפר את הכושר הגופני תוך מיקוד קבוצות שרירים ספציפיות. הוא משפר את החוזק, הגמישות והסיבולת הכללית."
הליכת-צפרדע,https://www.youtube.com/watch?v=BSBVrqvRk3A,WEIGHT,,medium,Frog Walk,"The exercise 'Frog Walk' is designed to enhance physical fitness by targeting specific muscle groups. It improves strength, flexibility, and overall endurance.","התרגיל 'הליכת-צפרדע' נועד לשפר את הכושר הגופני תוך מיקוד קבוצות שרירים ספציפיות. הוא משפר את החוזק, הגמישות והסיבולת הכללית."
גלוט-ברידג,https://www.youtube.com/watch?v=jB82UEQoD_w,WEIGHT,seating,low,Glute Bridge,"The exercise 'Glute Bridge' is designed to enhance physical fitness by targeting specific muscle groups. It improves strength, flexibility, and overall endurance.","התרגיל 'גלוט-ברידג' נועד לשפר את הכושר הגופני תוך מיקוד קבוצות שרירים ספציפיות. הוא משפר את החוזק, הגמישות והסיבולת הכללית."
שכיבות-סמיכה בשיפוע חיובי,https://www.youtube.com/watch?v=YJjEGrbiwG0,WEIGHT,supine,low,Incline push ups,"The exercise 'Incline push ups' is designed to enhance physical fitness by targeting specific muscle groups. It improves strength, flexibility, and overall endurance.","התרגיל 'שכיבות-סמיכה בשיפוע חיובי' נועד לשפר את הכושר הגופני תוך מיקוד קבוצות שרירים ספציפיות. הוא משפר את החוזק, הגמישות והסיבולת הכללית."
הנפת-קטלבל,https://www.youtube.com/watch?v=EGzJEgs01jA,WEIGHT,standing,medium,Kettlebell Swing,"The exercise 'Kettlebell Swing' is designed to enhance physical fitness by targeting specific muscle groups. It improves strength, flexibility, and overall endurance.","התרגיל 'הנפת-קטלבל' נועד לשפר את הכושר הגופני תוך מיקוד קבוצות שרירים ספציפיות. הוא משפר את החוזק, הגמישות והסיבולת הכללית."
הרחקה-אופקית בפולי עליון,,WEIGHT,seating,medium,Upper Pulley reverse fly,"The exercise 'Upper Pulley reverse fly' is designed to enhance physical fitness by targeting specific muscle groups. It improves strength, flexibility, and overall endurance.","התרגיל 'הרחקה-אופקית בפולי עליון' נועד לשפר את הכושר הגופני תוך מיקוד קבוצות שרירים ספציפיות. הוא משפר את החוזק, הגמישות והסיבולת הכללית."
חתירה בפולי תחתון משולש בהטיית גו,,WEIGHT,standing,medium,Bent over Low Pulley Row with Triangle Handle,"The exercise 'Bent over Low Pulley Row with Triangle Handle' is designed to enhance physical fitness by targeting specific muscle groups. It improves strength, flexibility, and overall endurance.","התרגיל 'חתירה בפולי תחתון משולש בהטיית גו' נועד לשפר את הכושר הגופני תוך מיקוד קבוצות שרירים ספציפיות. הוא משפר את החוזק, הגמישות והסיבולת הכללית."
סקוואט בקרוסאובר,https://www.youtube.com/watch?v=bYrWWpjDwZA,WEIGHT,standing,medium,Crossover Squat,"The exercise 'Crossover Squat' is designed to enhance physical fitness by targeting specific muscle groups. It improves strength, flexibility, and overall endurance.","התרגיל 'סקוואט בקרוסאובר' נועד לשפר את הכושר הגופני תוך מיקוד קבוצות שרירים ספציפיות. הוא משפר את החוזק, הגמישות והסיבולת הכללית."
פשיטת-מרפקים ביורק,,WEIGHT,standing,medium,York Tricep Pushdown,"The exercise 'York Tricep Pushdown' is designed to enhance physical fitness by targeting specific muscle groups. It improves strength, flexibility, and overall endurance.","התרגיל 'פשיטת-מרפקים ביורק' נועד לשפר את הכושר הגופני תוך מיקוד קבוצות שרירים ספציפיות. הוא משפר את החוזק, הגמישות והסיבולת הכללית."
פייס-פולס ביורק-פולי עליון,,WEIGHT,,medium,York Cable rope Face Pulls,"The exercise 'York Cable rope Face Pulls' is designed to enhance physical fitness by targeting specific muscle groups. It improves strength, flexibility, and overall endurance.","התרגיל 'פייס-פולס ביורק-פולי עליון' נועד לשפר את הכושר הגופני תוך מיקוד קבוצות שרירים ספציפיות. הוא משפר את החוזק, הגמישות והסיבולת הכללית."
פשיטת-מרפקים ביורק מוט,,WEIGHT,standing,medium,York cable bar Tricep Pushdown,"The exercise 'York cable bar Tricep Pushdown' is designed to enhance physical fitness by targeting specific muscle groups. It improves strength, flexibility, and overall endurance.","התרגיל 'פשיטת-מרפקים ביורק מוט' נועד לשפר את הכושר הגופני תוך מיקוד קבוצות שרירים ספציפיות. הוא משפר את החוזק, הגמישות והסיבולת הכללית."
פשיטת-מרפקים ביורק חבל,,WEIGHT,standing,medium,York Cable Rope Tricep Pushdown,"The exercise 'York Cable Rope Tricep Pushdown' is designed to enhance physical fitness by targeting specific muscle groups. It improves strength, flexibility, and overall endurance.","התרגיל 'פשיטת-מרפקים ביורק חבל' נועד לשפר את הכושר הגופני תוך מיקוד קבוצות שרירים ספציפיות. הוא משפר את החוזק, הגמישות והסיבולת הכללית."
סקול-קראשר ביורק-פולי חבל בשיפוע חיובי,,WEIGHT,supine,medium,Dumbbell Incline Shoulder Press,"The exercise 'Dumbbell Incline Shoulder Press' is designed to enhance physical fitness by targeting specific muscle groups. It improves strength, flexibility, and overall endurance.","התרגיל 'סקול-קראשר ביורק-פולי חבל בשיפוע חיובי' נועד לשפר את הכושר הגופני תוך מיקוד קבוצות שרירים ספציפיות. הוא משפר את החוזק, הגמישות והסיבולת הכללית."
טוויסט קטלבל בעמידה,https://www.youtube.com/watch?v=BdnUL4fUjxA,WEIGHT,standing,low,Standing Kettlebell Twist,"The exercise 'Standing Kettlebell Twist' is designed to enhance physical fitness by targeting specific muscle groups. It improves strength, flexibility, and overall endurance.","התרגיל 'טוויסט קטלבל בעמידה' נועד לשפר את הכושר הגופני תוך מיקוד קבוצות שרירים ספציפיות. הוא משפר את החוזק, הגמישות והסיבולת הכללית."
פשיטת-מרפקים בקרוסאובר,https://www.youtube.com/watch?v=E9j-rMZRHzI,WEIGHT,standing,low,Crossover Tricep Pushdown,"The exercise 'Crossover Tricep Pushdown' is designed to enhance physical fitness by targeting specific muscle groups. It improves strength, flexibility, and overall endurance.","התרגיל 'פשיטת-מרפקים בקרוסאובר' נועד לשפר את הכושר הגופני תוך מיקוד קבוצות שרירים ספציפיות. הוא משפר את החוזק, הגמישות והסיבולת הכללית."
היפ-טרסט בסמיט,https://www.youtube.com/watch?v=N7lD1M293CY,WEIGHT,seating,medium,Smith Machine Hip Thrust,"The exercise 'Smith Machine Hip Thrust' is designed to enhance physical fitness by targeting specific muscle groups. It improves strength, flexibility, and overall endurance.","התרגיל 'היפ-טרסט בסמיט' נועד לשפר את הכושר הגופני תוך מיקוד קבוצות שרירים ספציפיות. הוא משפר את החוזק, הגמישות והסיבולת הכללית."
פשיטת-מרפקים בפולי בישיבה גב למכונה,https://www.youtube.com/watch?v=qwuWUvG4hAE,WEIGHT,seating,medium,Seated Cable rope Tricep extention,"The exercise 'Seated Cable rope Tricep extention' is designed to enhance physical fitness by targeting specific muscle groups. It improves strength, flexibility, and overall endurance.","התרגיל 'פשיטת-מרפקים בפולי בישיבה גב למכונה' נועד לשפר את הכושר הגופני תוך מיקוד קבוצות שרירים ספציפיות. הוא משפר את החוזק, הגמישות והסיבולת הכללית."
לחיצת רגליים בסמיט,https://www.youtube.com/watch?v=FGT3jpNgfQE,WEIGHT,,medium,Smith Machine Leg Press,"The exercise 'Smith Machine Leg Press' is designed to enhance physical fitness by targeting specific muscle groups. It improves strength, flexibility, and overall endurance.","התרגיל 'לחיצת רגליים בסמיט' נועד לשפר את הכושר הגופני תוך מיקוד קבוצות שרירים ספציפיות. הוא משפר את החוזק, הגמישות והסיבולת הכללית."
b-stance-rdl,https://www.youtube.com/watch?v=NjX1sh_FBpQ,WEIGHT,,hard,B-Stance Romanian Deadlift,"The exercise 'B-Stance Romanian Deadlift' is designed to enhance physical fitness by targeting specific muscle groups. It improves strength, flexibility, and overall endurance.","התרגיל 'b-stance-rdl' נועד לשפר את הכושר הגופני תוך מיקוד קבוצות שרירים ספציפיות. הוא משפר את החוזק, הגמישות והסיבולת הכללית."
מכרעים בסמיט,https://www.youtube.com/watch?v=SS35bWT1e8g,WEIGHT,standing,medium,Smith Machine statiic Lunges,"The exercise 'Smith Machine statiic Lunges' is designed to enhance physical fitness by targeting specific muscle groups. It improves strength, flexibility, and overall endurance.","התרגיל 'מכרעים בסמיט' נועד לשפר את הכושר הגופני תוך מיקוד קבוצות שרירים ספציפיות. הוא משפר את החוזק, הגמישות והסיבולת הכללית."
סקוואט-פרונט בסמיט,https://www.youtube.com/watch?v=o47YrJgUYwk,WEIGHT,standing,medium,Smith Machine Front Squat,"The exercise 'Smith Machine Front Squat' is designed to enhance physical fitness by targeting specific muscle groups. It improves strength, flexibility, and overall endurance.","התרגיל 'סקוואט-פרונט בסמיט' נועד לשפר את הכושר הגופני תוך מיקוד קבוצות שרירים ספציפיות. הוא משפר את החוזק, הגמישות והסיבולת הכללית."
סקוואט-סומו בסמיט,https://www.youtube.com/watch?v=NPQZvIIifME,WEIGHT,standing,hard,Smith Machine Sumo Squat,"The exercise 'Smith Machine Sumo Squat' is designed to enhance physical fitness by targeting specific muscle groups. It improves strength, flexibility, and overall endurance.","התרגיל 'סקוואט-סומו בסמיט' נועד לשפר את הכושר הגופני תוך מיקוד קבוצות שרירים ספציפיות. הוא משפר את החוזק, הגמישות והסיבולת הכללית."
מכרע בסמיט מדרגה,https://www.youtube.com/watch?v=IAyGlsiGwm4,WEIGHT,standing,medium,Smith Machine elvated lunge,"The exercise 'Smith Machine elvated lunge' is designed to enhance physical fitness by targeting specific muscle groups. It improves strength, flexibility, and overall endurance.","התרגיל 'מכרע בסמיט מדרגה' נועד לשפר את הכושר הגופני תוך מיקוד קבוצות שרירים ספציפיות. הוא משפר את החוזק, הגמישות והסיבולת הכללית."
לחיצת חזה בסמיט בשיפוע חיובי,https://www.youtube.com/watch?v=-_rzCXbXyaI,WEIGHT,supine,medium,Smith Machine Incline Bench Press,"The exercise 'Smith Machine Incline Bench Press' is designed to enhance physical fitness by targeting specific muscle groups. It improves strength, flexibility, and overall endurance.","התרגיל 'לחיצת חזה בסמיט בשיפוע חיובי' נועד לשפר את הכושר הגופני תוך מיקוד קבוצות שרירים ספציפיות. הוא משפר את החוזק, הגמישות והסיבולת הכללית."
לחיצת כתפיים בסמיט,https://www.youtube.com/watch?v=uoxHYR_dDb4,WEIGHT,seating,medium,Smith Machine Shoulder Press,"The exercise 'Smith Machine Shoulder Press' is designed to enhance physical fitness by targeting specific muscle groups. It improves strength, flexibility, and overall endurance.","התרגיל 'לחיצת כתפיים בסמיט' נועד לשפר את הכושר הגופני תוך מיקוד קבוצות שרירים ספציפיות. הוא משפר את החוזק, הגמישות והסיבולת הכללית."
לחיצת-ארנולד,https://www.youtube.com/watch?v=zDSaK1v-PiE,WEIGHT,seating,medium,Arnold shoulder Press,"The exercise 'Arnold shoulder Press' is designed to enhance physical fitness by targeting specific muscle groups. It improves strength, flexibility, and overall endurance.","התרגיל 'לחיצת-ארנולד' נועד לשפר את הכושר הגופני תוך מיקוד קבוצות שרירים ספציפיות. הוא משפר את החוזק, הגמישות והסיבולת הכללית."
דדליפט-רומני בסמיט,https://www.youtube.com/watch?v=4a0IPsCKB9Y,WEIGHT,standing,hard,Smith Machine Romanian Deadlift,"The exercise 'Smith Machine Romanian Deadlift' is designed to enhance physical fitness by targeting specific muscle groups. It improves strength, flexibility, and overall endurance.","התרגיל 'דדליפט-רומני בסמיט' נועד לשפר את הכושר הגופני תוך מיקוד קבוצות שרירים ספציפיות. הוא משפר את החוזק, הגמישות והסיבולת הכללית."
כפיפת מרפקים משקולות יד רוטציה וסיבוב,https://www.youtube.com/watch?v=O9vkr-MRjKE,WEIGHT,standing,medium,Rotation Dumbbell Bicep Curl,"The exercise 'Rotation Dumbbell Bicep Curl' is designed to enhance physical fitness by targeting specific muscle groups. It improves strength, flexibility, and overall endurance.","התרגיל 'כפיפת מרפקים משקולות יד רוטציה וסיבוב' נועד לשפר את הכושר הגופני תוך מיקוד קבוצות שרירים ספציפיות. הוא משפר את החוזק, הגמישות והסיבולת הכללית."
לחיצת תאומים בסמיט,https://www.youtube.com/watch?v=jOfrjngoIwk,WEIGHT,standing,low,Smith Machine calf raise,"The exercise 'Smith Machine calf raise' is designed to enhance physical fitness by targeting specific muscle groups. It improves strength, flexibility, and overall endurance.","התרגיל 'לחיצת תאומים בסמיט' נועד לשפר את הכושר הגופני תוך מיקוד קבוצות שרירים ספציפיות. הוא משפר את החוזק, הגמישות והסיבולת הכללית."
היפ-טרסט ביסטנס,https://www.youtube.com/watch?v=0_gLy3-E1Hc,WEIGHT,seating,medium,B-Stance Hip Thrust,"The exercise 'B-Stance Hip Thrust' is designed to enhance physical fitness by targeting specific muscle groups. It improves strength, flexibility, and overall endurance.","התרגיל 'היפ-טרסט ביסטנס' נועד לשפר את הכושר הגופני תוך מיקוד קבוצות שרירים ספציפיות. הוא משפר את החוזק, הגמישות והסיבולת הכללית."
שראגס בסמיט,https://www.youtube.com/watch?v=4sgNGpGbUHs,WEIGHT,standing,medium,Smith Machine Shrugs,"The exercise 'Smith Machine Shrugs' is designed to enhance physical fitness by targeting specific muscle groups. It improves strength, flexibility, and overall endurance.","התרגיל 'שראגס בסמיט' נועד לשפר את הכושר הגופני תוך מיקוד קבוצות שרירים ספציפיות. הוא משפר את החוזק, הגמישות והסיבולת הכללית."
פשיטת-מרפקים בפולי חבל גב למכונה,https://www.youtube.com/watch?v=Hj4kC5zj4Ts,WEIGHT,standing,medium,Standing Cable Rope Tricep extention,"The exercise 'Standing Cable Rope Tricep extention' is designed to enhance physical fitness by targeting specific muscle groups. It improves strength, flexibility, and overall endurance.","התרגיל 'פשיטת-מרפקים בפולי חבל גב למכונה' נועד לשפר את הכושר הגופני תוך מיקוד קבוצות שרירים ספציפיות. הוא משפר את החוזק, הגמישות והסיבולת הכללית."
חתירה בסמיט בהטיית גב,,WEIGHT,standing,hard,Smith Machine Bent-over Row pronated grip,"The exercise 'Smith Machine Bent-over Row pronated grip' is designed to enhance physical fitness by targeting specific muscle groups. It improves strength, flexibility, and overall endurance.","התרגיל 'חתירה בסמיט בהטיית גב' נועד לשפר את הכושר הגופני תוך מיקוד קבוצות שרירים ספציפיות. הוא משפר את החוזק, הגמישות והסיבולת הכללית."
פרפר ביורק-פולי תחתון כבלים,,WEIGHT,,medium,York Cable Low Butterfly,"The exercise 'York Cable Low Butterfly' is designed to enhance physical fitness by targeting specific muscle groups. It improves strength, flexibility, and overall endurance.","התרגיל 'פרפר ביורק-פולי תחתון כבלים' נועד לשפר את הכושר הגופני תוך מיקוד קבוצות שרירים ספציפיות. הוא משפר את החוזק, הגמישות והסיבולת הכללית."
כפיפת בטן ביורק-פולי תחתון,,WEIGHT,supine,low,York Low Cable Ab Crunch,"The exercise 'York Low Cable Ab Crunch' is designed to enhance physical fitness by targeting specific muscle groups. It improves strength, flexibility, and overall endurance.","התרגיל 'כפיפת בטן ביורק-פולי תחתון' נועד לשפר את הכושר הגופני תוך מיקוד קבוצות שרירים ספציפיות. הוא משפר את החוזק, הגמישות והסיבולת הכללית."
חתירה לחזה ביורק מוט בישיבה באחיזת פרונציה,,WEIGHT,seating,medium,York seated cable row to Chest,"The exercise 'York seated cable row to Chest' is designed to enhance physical fitness by targeting specific muscle groups. It improves strength, flexibility, and overall endurance.","התרגיל 'חתירה לחזה ביורק מוט בישיבה באחיזת פרונציה' נועד לשפר את הכושר הגופני תוך מיקוד קבוצות שרירים ספציפיות. הוא משפר את החוזק, הגמישות והסיבולת הכללית."
משיכה ביורק-פולי מדרגה בשיפוע חיובי,,WEIGHT,supine,hard,York seating high pully single handPulldown,"The exercise 'York seating high pully single handPulldown' is designed to enhance physical fitness by targeting specific muscle groups. It improves strength, flexibility, and overall endurance.","התרגיל 'משיכה ביורק-פולי מדרגה בשיפוע חיובי' נועד לשפר את הכושר הגופני תוך מיקוד קבוצות שרירים ספציפיות. הוא משפר את החוזק, הגמישות והסיבולת הכללית."
כפיפת מרפקים ביורק-פולי תחתון,,WEIGHT,standing,medium,York Low Cable bar Bicep Curl,"The exercise 'York Low Cable bar Bicep Curl' is designed to enhance physical fitness by targeting specific muscle groups. It improves strength, flexibility, and overall endurance.","התרגיל 'כפיפת מרפקים ביורק-פולי תחתון' נועד לשפר את הכושר הגופני תוך מיקוד קבוצות שרירים ספציפיות. הוא משפר את החוזק, הגמישות והסיבולת הכללית."
משיכה ביורק-פולי אחיזה רחבה,,WEIGHT,seating,medium,York Cable Wide Grip pronated pull down,"The exercise 'York Cable Wide Grip pronated pull down' is designed to enhance physical fitness by targeting specific muscle groups. It improves strength, flexibility, and overall endurance.","התרגיל 'משיכה ביורק-פולי אחיזה רחבה' נועד לשפר את הכושר הגופני תוך מיקוד קבוצות שרירים ספציפיות. הוא משפר את החוזק, הגמישות והסיבולת הכללית."
דדליפט בסמיט,https://www.youtube.com/watch?v=tixeeTtSmH8,WEIGHT,standing,hard,Smith Machine classic Deadlift,"The exercise 'Smith Machine classic Deadlift' is designed to enhance physical fitness by targeting specific muscle groups. It improves strength, flexibility, and overall endurance.","התרגיל 'דדליפט בסמיט' נועד לשפר את הכושר הגופני תוך מיקוד קבוצות שרירים ספציפיות. הוא משפר את החוזק, הגמישות והסיבולת הכללית."
פשיטת-מרפקים בפולי עליון חבל גב למכונה,,WEIGHT,standing,low,High Cable triceps pushdown back to machine,"The exercise 'High Cable triceps pushdown back to machine' is designed to enhance physical fitness by targeting specific muscle groups. It improves strength, flexibility, and overall endurance.","התרגיל 'פשיטת-מרפקים בפולי עליון חבל גב למכונה' נועד לשפר את הכושר הגופני תוך מיקוד קבוצות שרירים ספציפיות. הוא משפר את החוזק, הגמישות והסיבולת הכללית."
דדליפט TrapBar,https://www.youtube.com/watch?v=ZyHnU9EiW2w,WEIGHT,standing,hard,TrapBar classic Deadlift,"The exercise 'TrapBar classic Deadlift' is designed to enhance physical fitness by targeting specific muscle groups. It improves strength, flexibility, and overall endurance.","התרגיל 'דדליפט TrapBar' נועד לשפר את הכושר הגופני תוך מיקוד קבוצות שרירים ספציפיות. הוא משפר את החוזק, הגמישות והסיבולת הכללית."
שכיבות-סמיכה תמיכת-ברכיים,https://www.youtube.com/watch?v=TFQW1N7TZYo,WEIGHT,supine,low,Lying Knee Support push ups,"The exercise 'Lying Knee Support push ups' is designed to enhance physical fitness by targeting specific muscle groups. It improves strength, flexibility, and overall endurance.","התרגיל 'שכיבות-סמיכה תמיכת-ברכיים' נועד לשפר את הכושר הגופני תוך מיקוד קבוצות שרירים ספציפיות. הוא משפר את החוזק, הגמישות והסיבולת הכללית."
פשיטת גב כיסא רומי,https://www.youtube.com/watch?v=ODm3BWuGlsA,WEIGHT,,low,Roman Chair Back Extension,"The exercise 'Roman Chair Back Extension' is designed to enhance physical fitness by targeting specific muscle groups. It improves strength, flexibility, and overall endurance.","התרגיל 'פשיטת גב כיסא רומי' נועד לשפר את הכושר הגופני תוך מיקוד קבוצות שרירים ספציפיות. הוא משפר את החוזק, הגמישות והסיבולת הכללית."
מתח-אוסטרלי,https://www.youtube.com/watch?v=lhAQESpEjJk,WEIGHT,standing,medium,Australian Pull-Up,"The exercise 'Australian Pull-Up' is designed to enhance physical fitness by targeting specific muscle groups. It improves strength, flexibility, and overall endurance.","התרגיל 'מתח-אוסטרלי' נועד לשפר את הכושר הגופני תוך מיקוד קבוצות שרירים ספציפיות. הוא משפר את החוזק, הגמישות והסיבולת הכללית."
היפ-טרסט בסמיט איבר-בודד,https://www.youtube.com/watch?v=rHEpL_Gi7nw,WEIGHT,seating,medium,Single-Arm Smith Machine Hip Thrust,"The exercise 'Single-Arm Smith Machine Hip Thrust' is designed to enhance physical fitness by targeting specific muscle groups. It improves strength, flexibility, and overall endurance.","התרגיל 'היפ-טרסט בסמיט איבר-בודד' נועד לשפר את הכושר הגופני תוך מיקוד קבוצות שרירים ספציפיות. הוא משפר את החוזק, הגמישות והסיבולת הכללית."
פרוג-פאמפס סמיט,https://www.youtube.com/watch?v=yv5W9hAmGWk,WEIGHT,,low,Smith Machine Frog Pumps,"The exercise 'Smith Machine Frog Pumps' is designed to enhance physical fitness by targeting specific muscle groups. It improves strength, flexibility, and overall endurance.","התרגיל 'פרוג-פאמפס סמיט' נועד לשפר את הכושר הגופני תוך מיקוד קבוצות שרירים ספציפיות. הוא משפר את החוזק, הגמישות והסיבולת הכללית."
אולר,https://www.youtube.com/watch?v=S4PUSbRKDoo,WEIGHT,,low,Jack knife crunch,"The exercise 'Jack knife crunch' is designed to enhance physical fitness by targeting specific muscle groups. It improves strength, flexibility, and overall endurance.","התרגיל 'אולר' נועד לשפר את הכושר הגופני תוך מיקוד קבוצות שרירים ספציפיות. הוא משפר את החוזק, הגמישות והסיבולת הכללית."
עליית מתח מיד-פוזישן,https://www.youtube.com/watch?v=rZpqJolWnjk,WEIGHT,standing,low,Mid-Position pull up,"The exercise 'Mid-Position pull up' is designed to enhance physical fitness by targeting specific muscle groups. It improves strength, flexibility, and overall endurance.","התרגיל 'עליית מתח מיד-פוזישן' נועד לשפר את הכושר הגופני תוך מיקוד קבוצות שרירים ספציפיות. הוא משפר את החוזק, הגמישות והסיבולת הכללית."
כפיפת מרפקים מוט חופשי באחיזת פרונציה,https://www.youtube.com/watch?v=OZX99rvVCGo,WEIGHT,standing,medium,Pronated Grip Barbell Curl,"The exercise 'Pronated Grip Barbell Curl' is designed to enhance physical fitness by targeting specific muscle groups. It improves strength, flexibility, and overall endurance.","התרגיל 'כפיפת מרפקים מוט חופשי באחיזת פרונציה' נועד לשפר את הכושר הגופני תוך מיקוד קבוצות שרירים ספציפיות. הוא משפר את החוזק, הגמישות והסיבולת הכללית."
חתירה בסמיט בהטיית גב ותמיכת חזה,https://www.youtube.com/watch?v=-WnY2VRNLCk,WEIGHT,standing,medium,Smith Machine Bent-over Supported Row,"The exercise 'Smith Machine Bent-over Supported Row' is designed to enhance physical fitness by targeting specific muscle groups. It improves strength, flexibility, and overall endurance.","התרגיל 'חתירה בסמיט בהטיית גב ותמיכת חזה' נועד לשפר את הכושר הגופני תוך מיקוד קבוצות שרירים ספציפיות. הוא משפר את החוזק, הגמישות והסיבולת הכללית."
הרחקה אופקית בקרוסאובר עליון,https://www.youtube.com/watch?v=0cLFVSUBiKs,WEIGHT,standing,medium,High Crossover reverse fly,"The exercise 'High Crossover reverse fly' is designed to enhance physical fitness by targeting specific muscle groups. It improves strength, flexibility, and overall endurance.","התרגיל 'הרחקה אופקית בקרוסאובר עליון' נועד לשפר את הכושר הגופני תוך מיקוד קבוצות שרירים ספציפיות. הוא משפר את החוזק, הגמישות והסיבולת הכללית."
חתירה בסמיט איבר-בודד,https://www.youtube.com/watch?v=9johAU_KDQc,WEIGHT,,medium,Single-Arm Smith Machine Row,"The exercise 'Single-Arm Smith Machine Row' is designed to enhance physical fitness by targeting specific muscle groups. It improves strength, flexibility, and overall endurance.","התרגיל 'חתירה בסמיט איבר-בודד' נועד לשפר את הכושר הגופני תוך מיקוד קבוצות שרירים ספציפיות. הוא משפר את החוזק, הגמישות והסיבולת הכללית."
חתירה בהטיית גו בסמיט באחיזת סופינציה,https://www.youtube.com/watch?v=OWQ3jYCpnEo,WEIGHT,standing,medium,Smith Machine Bent-over Supinated Row,"The exercise 'Smith Machine Bent-over Supinated Row' is designed to enhance physical fitness by targeting specific muscle groups. It improves strength, flexibility, and overall endurance.","התרגיל 'חתירה בהטיית גו בסמיט באחיזת סופינציה' נועד לשפר את הכושר הגופני תוך מיקוד קבוצות שרירים ספציפיות. הוא משפר את החוזק, הגמישות והסיבולת הכללית."
לחיצה צמודה בסמיט,https://www.youtube.com/watch?v=S0puh-0St9s,WEIGHT,,medium,Smith Machine Close-Grip Press,"The exercise 'Smith Machine Close-Grip Press' is designed to enhance physical fitness by targeting specific muscle groups. It improves strength, flexibility, and overall endurance.","התרגיל 'לחיצה צמודה בסמיט' נועד לשפר את הכושר הגופני תוך מיקוד קבוצות שרירים ספציפיות. הוא משפר את החוזק, הגמישות והסיבולת הכללית."
דונקי-קיקס בסמיט,https://www.youtube.com/watch?v=09uzPOY2Qe8,WEIGHT,,medium,Smith Machine Donkey Kicks,"The exercise 'Smith Machine Donkey Kicks' is designed to enhance physical fitness by targeting specific muscle groups. It improves strength, flexibility, and overall endurance.","התרגיל 'דונקי-קיקס בסמיט' נועד לשפר את הכושר הגופני תוך מיקוד קבוצות שרירים ספציפיות. הוא משפר את החוזק, הגמישות והסיבולת הכללית."
סקוואט-באק בסמיט,https://www.youtube.com/watch?v=RaRHNrV_f1E,WEIGHT,standing,medium,Smith Machine Back Squat,"The exercise 'Smith Machine Back Squat' is designed to enhance physical fitness by targeting specific muscle groups. It improves strength, flexibility, and overall endurance.","התרגיל 'סקוואט-באק בסמיט' נועד לשפר את הכושר הגופני תוך מיקוד קבוצות שרירים ספציפיות. הוא משפר את החוזק, הגמישות והסיבולת הכללית."
כפיפת כתפיים בקרוסאובר תחתון,https://www.youtube.com/watch?v=eOeNczzvp3k,WEIGHT,supine,medium,Crossover front raise,"The exercise 'Crossover front raise' is designed to enhance physical fitness by targeting specific muscle groups. It improves strength, flexibility, and overall endurance.","התרגיל 'כפיפת כתפיים בקרוסאובר תחתון' נועד לשפר את הכושר הגופני תוך מיקוד קבוצות שרירים ספציפיות. הוא משפר את החוזק, הגמישות והסיבולת הכללית."
סקוואט-האק,https://www.youtube.com/watch?v=U8z-7rjoxmI,WEIGHT,standing,hard,Hack Squat,"The exercise 'Hack Squat' is designed to enhance physical fitness by targeting specific muscle groups. It improves strength, flexibility, and overall endurance.","התרגיל 'סקוואט-האק' נועד לשפר את הכושר הגופני תוך מיקוד קבוצות שרירים ספציפיות. הוא משפר את החוזק, הגמישות והסיבולת הכללית."
לחיצת כתפיים בסמיט בשיפוע חיובי,https://www.youtube.com/watch?v=adHMQNsHcaE,WEIGHT,seating,medium,Smith Machine Incline Shoulder Press,"The exercise 'Smith Machine Incline Shoulder Press' is designed to enhance physical fitness by targeting specific muscle groups. It improves strength, flexibility, and overall endurance.","התרגיל 'לחיצת כתפיים בסמיט בשיפוע חיובי' נועד לשפר את הכושר הגופני תוך מיקוד קבוצות שרירים ספציפיות. הוא משפר את החוזק, הגמישות והסיבולת הכללית."
גלוט-ברידג בסמיט,https://www.youtube.com/watch?v=pT9RWPe1tOo,WEIGHT,seating,low,Smith Machine Glute Bridge,"The exercise 'Smith Machine Glute Bridge' is designed to enhance physical fitness by targeting specific muscle groups. It improves strength, flexibility, and overall endurance.","התרגיל 'גלוט-ברידג בסמיט' נועד לשפר את הכושר הגופני תוך מיקוד קבוצות שרירים ספציפיות. הוא משפר את החוזק, הגמישות והסיבולת הכללית."
גוד-מורנינג בסמיט,https://www.youtube.com/watch?v=zL4iJ5I6d_U,WEIGHT,,hard,Smith Machine Good Morning,"The exercise 'Smith Machine Good Morning' is designed to enhance physical fitness by targeting specific muscle groups. It improves strength, flexibility, and overall endurance.","התרגיל 'גוד-מורנינג בסמיט' נועד לשפר את הכושר הגופני תוך מיקוד קבוצות שרירים ספציפיות. הוא משפר את החוזק, הגמישות והסיבולת הכללית."
הרמת שכמות משקולות יד,https://www.youtube.com/watch?v=3NZmX8YvE-c,WEIGHT,standing,medium,Dumbbell shrugs,"The exercise 'Dumbbell shrugs' is designed to enhance physical fitness by targeting specific muscle groups. It improves strength, flexibility, and overall endurance.","התרגיל 'הרמת שכמות משקולות יד' נועד לשפר את הכושר הגופני תוך מיקוד קבוצות שרירים ספציפיות. הוא משפר את החוזק, הגמישות והסיבולת הכללית."
סקוואט Box,https://www.youtube.com/watch?v=kyl7_xuROt4,WEIGHT,standing,medium,Box Squat,"The exercise 'Box Squat' is designed to enhance physical fitness by targeting specific muscle groups. It improves strength, flexibility, and overall endurance.","התרגיל 'סקוואט Box' נועד לשפר את הכושר הגופני תוך מיקוד קבוצות שרירים ספציפיות. הוא משפר את החוזק, הגמישות והסיבולת הכללית."
הרחקת ירך מזרן בשכיבה,https://www.youtube.com/watch?v=5f4Vsxe9DzM,WEIGHT,supine,low,Lying Hip Abduction,"The exercise 'Lying Hip Abduction' is designed to enhance physical fitness by targeting specific muscle groups. It improves strength, flexibility, and overall endurance.","התרגיל 'הרחקת ירך מזרן בשכיבה' נועד לשפר את הכושר הגופני תוך מיקוד קבוצות שרירים ספציפיות. הוא משפר את החוזק, הגמישות והסיבולת הכללית."
פרפר ביורק-פולי עליון כבלים,,WEIGHT,,medium,High Cable Fly,"The exercise 'High Cable Fly' is designed to enhance physical fitness by targeting specific muscle groups. It improves strength, flexibility, and overall endurance.","התרגיל 'פרפר ביורק-פולי עליון כבלים' נועד לשפר את הכושר הגופני תוך מיקוד קבוצות שרירים ספציפיות. הוא משפר את החוזק, הגמישות והסיבולת הכללית."
בטן-סטטי ביורק צידי,,TIME,standing,medium,York Side cable Plank,"The exercise 'York Side cable Plank' is designed to enhance physical fitness by targeting specific muscle groups. It improves strength, flexibility, and overall endurance.","התרגיל 'בטן-סטטי ביורק צידי' נועד לשפר את הכושר הגופני תוך מיקוד קבוצות שרירים ספציפיות. הוא משפר את החוזק, הגמישות והסיבולת הכללית."
משיכה ביורק-פולי באחיזת סופינציה,,WEIGHT,seating,medium,York Supinated Grip Lat Pulldown,"The exercise 'York Supinated Grip Lat Pulldown' is designed to enhance physical fitness by targeting specific muscle groups. It improves strength, flexibility, and overall endurance.","התרגיל 'משיכה ביורק-פולי באחיזת סופינציה' נועד לשפר את הכושר הגופני תוך מיקוד קבוצות שרירים ספציפיות. הוא משפר את החוזק, הגמישות והסיבולת הכללית."
מתח ביורק גרביטון באחיזת סופינציה,,WEIGHT,standing,medium,York Supinated Grip Graviton,"The exercise 'York Supinated Grip Graviton' is designed to enhance physical fitness by targeting specific muscle groups. It improves strength, flexibility, and overall endurance.","התרגיל 'מתח ביורק גרביטון באחיזת סופינציה' נועד לשפר את הכושר הגופני תוך מיקוד קבוצות שרירים ספציפיות. הוא משפר את החוזק, הגמישות והסיבולת הכללית."
מקבילים ביורק גרביטון,,WEIGHT,standing,medium,York Gravitron Dips,"The exercise 'York Gravitron Dips' is designed to enhance physical fitness by targeting specific muscle groups. It improves strength, flexibility, and overall endurance.","התרגיל 'מקבילים ביורק גרביטון' נועד לשפר את הכושר הגופני תוך מיקוד קבוצות שרירים ספציפיות. הוא משפר את החוזק, הגמישות והסיבולת הכללית."
דונקי-קיקס ביורק,,WEIGHT,,medium,York Donkey Kicks,"The exercise 'York Donkey Kicks' is designed to enhance physical fitness by targeting specific muscle groups. It improves strength, flexibility, and overall endurance.","התרגיל 'דונקי-קיקס ביורק' נועד לשפר את הכושר הגופני תוך מיקוד קבוצות שרירים ספציפיות. הוא משפר את החוזק, הגמישות והסיבולת הכללית."
משיכה ביורק-פולי אחיזה צרה,,WEIGHT,seating,medium,York Close Grip Lat Pulldown,"The exercise 'York Close Grip Lat Pulldown' is designed to enhance physical fitness by targeting specific muscle groups. It improves strength, flexibility, and overall endurance.","התרגיל 'משיכה ביורק-פולי אחיזה צרה' נועד לשפר את הכושר הגופני תוך מיקוד קבוצות שרירים ספציפיות. הוא משפר את החוזק, הגמישות והסיבולת הכללית."
הרחקת כתפיים בפולי רצועות פנים למכונה,https://www.youtube.com/watch?v=OcTyCXDzgKs,WEIGHT,standing,medium,Crossover lying lateral raise strip,"The exercise 'Crossover lying lateral raise strip' is designed to enhance physical fitness by targeting specific muscle groups. It improves strength, flexibility, and overall endurance.","התרגיל 'הרחקת כתפיים בפולי רצועות פנים למכונה' נועד לשפר את הכושר הגופני תוך מיקוד קבוצות שרירים ספציפיות. הוא משפר את החוזק, הגמישות והסיבולת הכללית."
לחיצת חזה במכונה יעודית,,WEIGHT,,medium,Chest Press-press Machine,"The exercise 'Chest Press-press Machine' is designed to enhance physical fitness by targeting specific muscle groups. It improves strength, flexibility, and overall endurance.","התרגיל 'לחיצת חזה במכונה יעודית' נועד לשפר את הכושר הגופני תוך מיקוד קבוצות שרירים ספציפיות. הוא משפר את החוזק, הגמישות והסיבולת הכללית."
סטיף דדליפט,https://www.youtube.com/watch?v=D959mFUMDh4,WEIGHT,standing,hard,Stiff leg barbell Deadlift,"The exercise 'Stiff leg barbell Deadlift' is designed to enhance physical fitness by targeting specific muscle groups. It improves strength, flexibility, and overall endurance.","התרגיל 'סטיף דדליפט' נועד לשפר את הכושר הגופני תוך מיקוד קבוצות שרירים ספציפיות. הוא משפר את החוזק, הגמישות והסיבולת הכללית."
פרפר בפולי אמצע כבלים בשיפוע חיובי,https://www.youtube.com/watch?v=2RQektQIdy0,WEIGHT,supine,medium,Incline lying Cable Flyes,"The exercise 'Incline lying Cable Flyes' is designed to enhance physical fitness by targeting specific muscle groups. It improves strength, flexibility, and overall endurance.","התרגיל 'פרפר בפולי אמצע כבלים בשיפוע חיובי' נועד לשפר את הכושר הגופני תוך מיקוד קבוצות שרירים ספציפיות. הוא משפר את החוזק, הגמישות והסיבולת הכללית."
סקוואט בכייבל בפולי תחתון,https://www.youtube.com/watch?v=9knixcI0JDc,WEIGHT,standing,medium,Low Cable Squat,"The exercise 'Low Cable Squat' is designed to enhance physical fitness by targeting specific muscle groups. It improves strength, flexibility, and overall endurance.","התרגיל 'סקוואט בכייבל בפולי תחתון' נועד לשפר את הכושר הגופני תוך מיקוד קבוצות שרירים ספציפיות. הוא משפר את החוזק, הגמישות והסיבולת הכללית."
לחיצת כתפיים בפולי עליון משולש,https://www.youtube.com/watch?v=rFrQICYsDk4,WEIGHT,standing,medium,Triangle Cable Shoulder Press,"The exercise 'Triangle Cable Shoulder Press' is designed to enhance physical fitness by targeting specific muscle groups. It improves strength, flexibility, and overall endurance.","התרגיל 'לחיצת כתפיים בפולי עליון משולש' נועד לשפר את הכושר הגופני תוך מיקוד קבוצות שרירים ספציפיות. הוא משפר את החוזק, הגמישות והסיבולת הכללית."
קיקבאק-לאחור משקולות יד,https://www.youtube.com/watch?v=EDJVnbZXetg,WEIGHT,,medium,Dumbbell Tricep Kickback,"The exercise 'Dumbbell Tricep Kickback' is designed to enhance physical fitness by targeting specific muscle groups. It improves strength, flexibility, and overall endurance.","התרגיל 'קיקבאק-לאחור משקולות יד' נועד לשפר את הכושר הגופני תוך מיקוד קבוצות שרירים ספציפיות. הוא משפר את החוזק, הגמישות והסיבולת הכללית."
פשיטת-מרפקים בפולי חבל בישיבה גב למכונה,https://www.youtube.com/watch?v=mZ9cKKFcTZM,WEIGHT,seating,medium,Seated Tricep Rope Pushdown back to machine,"The exercise 'Seated Tricep Rope Pushdown back to machine' is designed to enhance physical fitness by targeting specific muscle groups. It improves strength, flexibility, and overall endurance.","התרגיל 'פשיטת-מרפקים בפולי חבל בישיבה גב למכונה' נועד לשפר את הכושר הגופני תוך מיקוד קבוצות שרירים ספציפיות. הוא משפר את החוזק, הגמישות והסיבולת הכללית."
פרפר-בהטיית זוקפי גו בקרוסאובר עליון כבלים,https://www.youtube.com/watch?v=bWhlJKO80DE,WEIGHT,standing,hard,High Cable Bent Over chest Fly,"The exercise 'High Cable Bent Over chest Fly' is designed to enhance physical fitness by targeting specific muscle groups. It improves strength, flexibility, and overall endurance.","התרגיל 'פרפר-בהטיית זוקפי גו בקרוסאובר עליון כבלים' נועד לשפר את הכושר הגופני תוך מיקוד קבוצות שרירים ספציפיות. הוא משפר את החוזק, הגמישות והסיבולת הכללית."
מכרע מדרגה,https://www.youtube.com/watch?v=R6Z91EUqjrU,WEIGHT,standing,medium,Elevated lunges,"The exercise 'Elevated lunges' is designed to enhance physical fitness by targeting specific muscle groups. It improves strength, flexibility, and overall endurance.","התרגיל 'מכרע מדרגה' נועד לשפר את הכושר הגופני תוך מיקוד קבוצות שרירים ספציפיות. הוא משפר את החוזק, הגמישות והסיבולת הכללית."
לחיצת חזה מוט בשיפוע שלילי,https://www.youtube.com/watch?v=mmGJRUSnecM,WEIGHT,supine,medium,Decline Barbell Bench Press,"The exercise 'Decline Barbell Bench Press' is designed to enhance physical fitness by targeting specific muscle groups. It improves strength, flexibility, and overall endurance.","התרגיל 'לחיצת חזה מוט בשיפוע שלילי' נועד לשפר את הכושר הגופני תוך מיקוד קבוצות שרירים ספציפיות. הוא משפר את החוזק, הגמישות והסיבולת הכללית."
פשיטת-מרפקים בפולי גב למכונה,https://www.youtube.com/watch?v=g8tIenV0kTc,WEIGHT,standing,medium,Tricep Pushdown on Back Machine,"The exercise 'Tricep Pushdown on Back Machine' is designed to enhance physical fitness by targeting specific muscle groups. It improves strength, flexibility, and overall endurance.","התרגיל 'פשיטת-מרפקים בפולי גב למכונה' נועד לשפר את הכושר הגופני תוך מיקוד קבוצות שרירים ספציפיות. הוא משפר את החוזק, הגמישות והסיבולת הכללית."
לחיצה-פרפר בשיפוע חיובי,https://www.youtube.com/watch?v=ylEE82VwHsY,WEIGHT,supine,medium,Incline Press Fly,"The exercise 'Incline Press Fly' is designed to enhance physical fitness by targeting specific muscle groups. It improves strength, flexibility, and overall endurance.","התרגיל 'לחיצה-פרפר בשיפוע חיובי' נועד לשפר את הכושר הגופני תוך מיקוד קבוצות שרירים ספציפיות. הוא משפר את החוזק, הגמישות והסיבולת הכללית."
פרפר משקולות יד בשכיבה,https://www.youtube.com/watch?v=LpNzlEpaH9c,WEIGHT,supine,medium,Lying Dumbbell Fly,"The exercise 'Lying Dumbbell Fly' is designed to enhance physical fitness by targeting specific muscle groups. It improves strength, flexibility, and overall endurance.","התרגיל 'פרפר משקולות יד בשכיבה' נועד לשפר את הכושר הגופני תוך מיקוד קבוצות שרירים ספציפיות. הוא משפר את החוזק, הגמישות והסיבולת הכללית."
פולאובר ידיות בישיבה,https://www.youtube.com/watch?v=B1cGCXYhEus,WEIGHT,seating,medium,Seated Handles Pullover,"The exercise 'Seated Handles Pullover' is designed to enhance physical fitness by targeting specific muscle groups. It improves strength, flexibility, and overall endurance.","התרגיל 'פולאובר ידיות בישיבה' נועד לשפר את הכושר הגופני תוך מיקוד קבוצות שרירים ספציפיות. הוא משפר את החוזק, הגמישות והסיבולת הכללית."
סקוואט-נמוך בגומייה,https://www.youtube.com/watch?v=okrKmEQwryY,WEIGHT,standing,medium,Resistance Band Squat,"The exercise 'Resistance Band Squat' is designed to enhance physical fitness by targeting specific muscle groups. It improves strength, flexibility, and overall endurance.","התרגיל 'סקוואט-נמוך בגומייה' נועד לשפר את הכושר הגופני תוך מיקוד קבוצות שרירים ספציפיות. הוא משפר את החוזק, הגמישות והסיבולת הכללית."
כפיפות בטן צידיות כסא רומי,https://www.youtube.com/watch?v=zYyOhIjG41w,WEIGHT,supine,medium,Roman Chair side ab Crunch,"The exercise 'Roman Chair side ab Crunch' is designed to enhance physical fitness by targeting specific muscle groups. It improves strength, flexibility, and overall endurance.","התרגיל 'כפיפות בטן צידיות כסא רומי' נועד לשפר את הכושר הגופני תוך מיקוד קבוצות שרירים ספציפיות. הוא משפר את החוזק, הגמישות והסיבולת הכללית."
סקול-קראשר מוט-W בשיפוע שלילי,https://www.youtube.com/watch?v=mqQZeYBs0d8,WEIGHT,standing,medium,Decline W-bar Skull Crusher,"The exercise 'Decline W-bar Skull Crusher' is designed to enhance physical fitness by targeting specific muscle groups. It improves strength, flexibility, and overall endurance.","התרגיל 'סקול-קראשר מוט-W בשיפוע שלילי' נועד לשפר את הכושר הגופני תוך מיקוד קבוצות שרירים ספציפיות. הוא משפר את החוזק, הגמישות והסיבולת הכללית."
פול-ארוונד,https://www.youtube.com/watch?v=Bnu-kSlWVzw,WEIGHT,standing,medium,Pull-Around single-hand chest fly,"The exercise 'Pull-Around single-hand chest fly' is designed to enhance physical fitness by targeting specific muscle groups. It improves strength, flexibility, and overall endurance.","התרגיל 'פול-ארוונד' נועד לשפר את הכושר הגופני תוך מיקוד קבוצות שרירים ספציפיות. הוא משפר את החוזק, הגמישות והסיבולת הכללית."
חתירה בסמיט בעמידה,https://www.youtube.com/watch?v=-_L84pwlVzE,WEIGHT,standing,medium,Smith Machine upright Row,"The exercise 'Smith Machine upright Row' is designed to enhance physical fitness by targeting specific muscle groups. It improves strength, flexibility, and overall endurance.","התרגיל 'חתירה בסמיט בעמידה' נועד לשפר את הכושר הגופני תוך מיקוד קבוצות שרירים ספציפיות. הוא משפר את החוזק, הגמישות והסיבולת הכללית."
סקול-קראשר משקולות יד בשיפוע שלילי,https://www.youtube.com/watch?v=_NYVPRFfd8o,WEIGHT,standing,medium,Decline Dumbbell Skull Crusher,"The exercise 'Decline Dumbbell Skull Crusher' is designed to enhance physical fitness by targeting specific muscle groups. It improves strength, flexibility, and overall endurance.","התרגיל 'סקול-קראשר משקולות יד בשיפוע שלילי' נועד לשפר את הכושר הגופני תוך מיקוד קבוצות שרירים ספציפיות. הוא משפר את החוזק, הגמישות והסיבולת הכללית."
חתירה משקולות יד בעמידה,https://www.youtube.com/watch?v=QLp40kGAqbw,WEIGHT,standing,medium,Standing Dumbbell upright Row,"The exercise 'Standing Dumbbell upright Row' is designed to enhance physical fitness by targeting specific muscle groups. It improves strength, flexibility, and overall endurance.","התרגיל 'חתירה משקולות יד בעמידה' נועד לשפר את הכושר הגופני תוך מיקוד קבוצות שרירים ספציפיות. הוא משפר את החוזק, הגמישות והסיבולת הכללית."
היפ-טרסט אמריקאי,https://www.youtube.com/watch?v=_DpFfjfD7RM,WEIGHT,seating,medium,American\ kase Hip Thrust,"The exercise 'American\ kase Hip Thrust' is designed to enhance physical fitness by targeting specific muscle groups. It improves strength, flexibility, and overall endurance.","התרגיל 'היפ-טרסט אמריקאי' נועד לשפר את הכושר הגופני תוך מיקוד קבוצות שרירים ספציפיות. הוא משפר את החוזק, הגמישות והסיבולת הכללית."
כפיפת מרפקים כיסא פריצר מוט-W,https://www.youtube.com/watch?v=kQ1xWpv5Mu0,WEIGHT,seating,medium,W-Bar Preacher biceps Curl,"The exercise 'W-Bar Preacher biceps Curl' is designed to enhance physical fitness by targeting specific muscle groups. It improves strength, flexibility, and overall endurance.","התרגיל 'כפיפת מרפקים כיסא פריצר מוט-W' נועד לשפר את הכושר הגופני תוך מיקוד קבוצות שרירים ספציפיות. הוא משפר את החוזק, הגמישות והסיבולת הכללית."
כפיפת מרפקים משקולות יד אחיזת פטישים,https://www.youtube.com/watch?v=tqBOHd479Vw,WEIGHT,standing,medium,Hammer Dumbbell Bicep Curl,"The exercise 'Hammer Dumbbell Bicep Curl' is designed to enhance physical fitness by targeting specific muscle groups. It improves strength, flexibility, and overall endurance.","התרגיל 'כפיפת מרפקים משקולות יד אחיזת פטישים' נועד לשפר את הכושר הגופני תוך מיקוד קבוצות שרירים ספציפיות. הוא משפר את החוזק, הגמישות והסיבולת הכללית."
עליית מתח גרביטון,,WEIGHT,standing,medium,Gravitron pull-Up,"The exercise 'Gravitron pull-Up' is designed to enhance physical fitness by targeting specific muscle groups. It improves strength, flexibility, and overall endurance.","התרגיל 'עליית מתח גרביטון' נועד לשפר את הכושר הגופני תוך מיקוד קבוצות שרירים ספציפיות. הוא משפר את החוזק, הגמישות והסיבולת הכללית."
חתירה בסמיט באחיזת סופינציה,,WEIGHT,standing,hard,Smith Machine Row Supination Grip,"The exercise 'Smith Machine Row Supination Grip' is designed to enhance physical fitness by targeting specific muscle groups. It improves strength, flexibility, and overall endurance.","התרגיל 'חתירה בסמיט באחיזת סופינציה' נועד לשפר את הכושר הגופני תוך מיקוד קבוצות שרירים ספציפיות. הוא משפר את החוזק, הגמישות והסיבולת הכללית."
מדרגות,,WEIGHT,,low,Step-Ups,"The exercise 'Step-Ups' is designed to enhance physical fitness by targeting specific muscle groups. It improves strength, flexibility, and overall endurance.","התרגיל 'מדרגות' נועד לשפר את הכושר הגופני תוך מיקוד קבוצות שרירים ספציפיות. הוא משפר את החוזק, הגמישות והסיבולת הכללית."
משיכה ביורק-פולי עליון ידיות,,WEIGHT,seating,medium,York Handles lat pulldown,"The exercise 'York Handles lat pulldown' is designed to enhance physical fitness by targeting specific muscle groups. It improves strength, flexibility, and overall endurance.","התרגיל 'משיכה ביורק-פולי עליון ידיות' נועד לשפר את הכושר הגופני תוך מיקוד קבוצות שרירים ספציפיות. הוא משפר את החוזק, הגמישות והסיבולת הכללית."
כפיפות ברכיים איבר-בודד,,WEIGHT,seating,medium,Single-Leg Knee Curl,"The exercise 'Single-Leg Knee Curl' is designed to enhance physical fitness by targeting specific muscle groups. It improves strength, flexibility, and overall endurance.","התרגיל 'כפיפות ברכיים איבר-בודד' נועד לשפר את הכושר הגופני תוך מיקוד קבוצות שרירים ספציפיות. הוא משפר את החוזק, הגמישות והסיבולת הכללית."
לחיצת תאומים בישיבה,,WEIGHT,seating,low,Seated calf raise,"The exercise 'Seated calf raise' is designed to enhance physical fitness by targeting specific muscle groups. It improves strength, flexibility, and overall endurance.","התרגיל 'לחיצת תאומים בישיבה' נועד לשפר את הכושר הגופני תוך מיקוד קבוצות שרירים ספציפיות. הוא משפר את החוזק, הגמישות והסיבולת הכללית."
הרחקת כתפיים בקרוסאובר גב למכונה,,WEIGHT,standing,medium,Back to Crossover Lateral Raise,"The exercise 'Back to Crossover Lateral Raise' is designed to enhance physical fitness by targeting specific muscle groups. It improves strength, flexibility, and overall endurance.","התרגיל 'הרחקת כתפיים בקרוסאובר גב למכונה' נועד לשפר את הכושר הגופני תוך מיקוד קבוצות שרירים ספציפיות. הוא משפר את החוזק, הגמישות והסיבולת הכללית."
כפיפת מרפקים משקולות יד תמיכת גב,https://www.youtube.com/watch?v=FIuuz99a5sQ,WEIGHT,standing,low,Back Supported Dumbbell bicep Curl,"The exercise 'Back Supported Dumbbell bicep Curl' is designed to enhance physical fitness by targeting specific muscle groups. It improves strength, flexibility, and overall endurance.","התרגיל 'כפיפת מרפקים משקולות יד תמיכת גב' נועד לשפר את הכושר הגופני תוך מיקוד קבוצות שרירים ספציפיות. הוא משפר את החוזק, הגמישות והסיבולת הכללית."
הרחקת כתפיים משקולות יד איבר-בודד,https://www.youtube.com/watch?v=wIYN4ogstTE,WEIGHT,standing,low,Single-Arm Dumbbell Lateral Raise,"The exercise 'Single-Arm Dumbbell Lateral Raise' is designed to enhance physical fitness by targeting specific muscle groups. It improves strength, flexibility, and overall endurance.","התרגיל 'הרחקת כתפיים משקולות יד איבר-בודד' נועד לשפר את הכושר הגופני תוך מיקוד קבוצות שרירים ספציפיות. הוא משפר את החוזק, הגמישות והסיבולת הכללית."
לחיצת חזה משקולות יד,https://www.youtube.com/watch?v=RR2s3pn55x8,WEIGHT,,medium,Dumbbell Chest Press,"The exercise 'Dumbbell Chest Press' is designed to enhance physical fitness by targeting specific muscle groups. It improves strength, flexibility, and overall endurance.","התרגיל 'לחיצת חזה משקולות יד' נועד לשפר את הכושר הגופני תוך מיקוד קבוצות שרירים ספציפיות. הוא משפר את החוזק, הגמישות והסיבולת הכללית."
הרחקת ירך בקרוסאובר כבלים בעמידה שש,https://www.youtube.com/watch?v=cGoMBaU0r9U,WEIGHT,standing,hard,Cable Hip Abduction plank position,"The exercise 'Cable Hip Abduction plank position' is designed to enhance physical fitness by targeting specific muscle groups. It improves strength, flexibility, and overall endurance.","התרגיל 'הרחקת ירך בקרוסאובר כבלים בעמידה שש' נועד לשפר את הכושר הגופני תוך מיקוד קבוצות שרירים ספציפיות. הוא משפר את החוזק, הגמישות והסיבולת הכללית."
בטן-סטטי,https://www.youtube.com/watch?v=2U5nI4ETL2I,TIME,,medium,Static plank,"The exercise 'Static plank' is designed to enhance physical fitness by targeting specific muscle groups. It improves strength, flexibility, and overall endurance.","התרגיל 'בטן-סטטי' נועד לשפר את הכושר הגופני תוך מיקוד קבוצות שרירים ספציפיות. הוא משפר את החוזק, הגמישות והסיבולת הכללית."
לחיצת חזה צמודה,https://www.youtube.com/watch?v=EsRG2os68fU,WEIGHT,,medium,Close-Grip Chest Press,"The exercise 'Close-Grip Chest Press' is designed to enhance physical fitness by targeting specific muscle groups. It improves strength, flexibility, and overall endurance.","התרגיל 'לחיצת חזה צמודה' נועד לשפר את הכושר הגופני תוך מיקוד קבוצות שרירים ספציפיות. הוא משפר את החוזק, הגמישות והסיבולת הכללית."
פשיטת גב כיסא רומי וריאציית ישבן,https://www.youtube.com/watch?v=OKFkdzlLTew,WEIGHT,,medium,Roman Chair Back Extension Glute Variation,"The exercise 'Roman Chair Back Extension Glute Variation' is designed to enhance physical fitness by targeting specific muscle groups. It improves strength, flexibility, and overall endurance.","התרגיל 'פשיטת גב כיסא רומי וריאציית ישבן' נועד לשפר את הכושר הגופני תוך מיקוד קבוצות שרירים ספציפיות. הוא משפר את החוזק, הגמישות והסיבולת הכללית."
כפיפת מרפקים בפולי תחתון ידיות,https://www.youtube.com/watch?v=g1LHldku_84,WEIGHT,standing,medium,Low Pulley Handles Bicep Curl,"The exercise 'Low Pulley Handles Bicep Curl' is designed to enhance physical fitness by targeting specific muscle groups. It improves strength, flexibility, and overall endurance.","התרגיל 'כפיפת מרפקים בפולי תחתון ידיות' נועד לשפר את הכושר הגופני תוך מיקוד קבוצות שרירים ספציפיות. הוא משפר את החוזק, הגמישות והסיבולת הכללית."
פשיטת ברכיים בפולי תחתון רצועות,https://www.youtube.com/watch?v=9noSaLAHx_A,WEIGHT,seating,low,Cable Low Pulley Leg Extension,"The exercise 'Cable Low Pulley Leg Extension' is designed to enhance physical fitness by targeting specific muscle groups. It improves strength, flexibility, and overall endurance.","התרגיל 'פשיטת ברכיים בפולי תחתון רצועות' נועד לשפר את הכושר הגופני תוך מיקוד קבוצות שרירים ספציפיות. הוא משפר את החוזק, הגמישות והסיבולת הכללית."
לחיצת רגליים במכונה יעודית,https://www.youtube.com/watch?v=IdMpxvxqS8Q,WEIGHT,seating,low,Leg press on dedicated machine,"The exercise 'Leg press on dedicated machine' is designed to enhance physical fitness by targeting specific muscle groups. It improves strength, flexibility, and overall endurance.","התרגיל 'לחיצת רגליים במכונה יעודית' נועד לשפר את הכושר הגופני תוך מיקוד קבוצות שרירים ספציפיות. הוא משפר את החוזק, הגמישות והסיבולת הכללית."
גלגלת בטן רגליים ישרות,https://www.youtube.com/watch?v=tx_2a62Dp-k,WEIGHT,standing,hard,Ab whell Straight Legs,"The exercise 'Ab whell Straight Legs' is designed to enhance physical fitness by targeting specific muscle groups. It improves strength, flexibility, and overall endurance.","התרגיל 'גלגלת בטן רגליים ישרות' נועד לשפר את הכושר הגופני תוך מיקוד קבוצות שרירים ספציפיות. הוא משפר את החוזק, הגמישות והסיבולת הכללית."
פשיטת ברכיים במכונה יעודית,https://www.youtube.com/watch?v=9Lad7B_j_ew,WEIGHT,seating,low,Leg extension on leg extension machine,"The exercise 'Leg extension on leg extension machine' is designed to enhance physical fitness by targeting specific muscle groups. It improves strength, flexibility, and overall endurance.","התרגיל 'פשיטת ברכיים במכונה יעודית' נועד לשפר את הכושר הגופני תוך מיקוד קבוצות שרירים ספציפיות. הוא משפר את החוזק, הגמישות והסיבולת הכללית."
משיכה ביורק-פולי ידיות אחיזה צרה,,WEIGHT,seating,medium,York Cable close Grip handle lat pulldown,"The exercise 'York Cable close Grip handle lat pulldown' is designed to enhance physical fitness by targeting specific muscle groups. It improves strength, flexibility, and overall endurance.","התרגיל 'משיכה ביורק-פולי ידיות אחיזה צרה' נועד לשפר את הכושר הגופני תוך מיקוד קבוצות שרירים ספציפיות. הוא משפר את החוזק, הגמישות והסיבולת הכללית."
פולאובר ביורק-פולי חבל,,WEIGHT,standing,medium,York Cable Rope Pullover,"The exercise 'York Cable Rope Pullover' is designed to enhance physical fitness by targeting specific muscle groups. It improves strength, flexibility, and overall endurance.","התרגיל 'פולאובר ביורק-פולי חבל' נועד לשפר את הכושר הגופני תוך מיקוד קבוצות שרירים ספציפיות. הוא משפר את החוזק, הגמישות והסיבולת הכללית."
חתירה ביורק-פולי אמצע איבר-בודד,,WEIGHT,seating,medium,Single-Arm Mid Cable Row,"The exercise 'Single-Arm Mid Cable Row' is designed to enhance physical fitness by targeting specific muscle groups. It improves strength, flexibility, and overall endurance.","התרגיל 'חתירה ביורק-פולי אמצע איבר-בודד' נועד לשפר את הכושר הגופני תוך מיקוד קבוצות שרירים ספציפיות. הוא משפר את החוזק, הגמישות והסיבולת הכללית."
כפיפת ברכיים במכונה יעודית רצועות בשכיבה,,WEIGHT,supine,low,Cable lying leg curl,"The exercise 'Cable lying leg curl' is designed to enhance physical fitness by targeting specific muscle groups. It improves strength, flexibility, and overall endurance.","התרגיל 'כפיפת ברכיים במכונה יעודית רצועות בשכיבה' נועד לשפר את הכושר הגופני תוך מיקוד קבוצות שרירים ספציפיות. הוא משפר את החוזק, הגמישות והסיבולת הכללית."
דדליפט-רומני במכונה יעודית חבל,,WEIGHT,standing,medium,Romanian Deadlift on Cable Machine,"The exercise 'Romanian Deadlift on Cable Machine' is designed to enhance physical fitness by targeting specific muscle groups. It improves strength, flexibility, and overall endurance.","התרגיל 'דדליפט-רומני במכונה יעודית חבל' נועד לשפר את הכושר הגופני תוך מיקוד קבוצות שרירים ספציפיות. הוא משפר את החוזק, הגמישות והסיבולת הכללית."
הרמת רגליים במכונה יעודית,,WEIGHT,,medium,Leg Raise on Machine,"The exercise 'Leg Raise on Machine' is designed to enhance physical fitness by targeting specific muscle groups. It improves strength, flexibility, and overall endurance.","התרגיל 'הרמת רגליים במכונה יעודית' נועד לשפר את הכושר הגופני תוך מיקוד קבוצות שרירים ספציפיות. הוא משפר את החוזק, הגמישות והסיבולת הכללית."
הרמת ברכיים במכונה יעודית,,WEIGHT,,medium,Knee raise on Machine,"The exercise 'Knee raise on Machine' is designed to enhance physical fitness by targeting specific muscle groups. It improves strength, flexibility, and overall endurance.","התרגיל 'הרמת ברכיים במכונה יעודית' נועד לשפר את הכושר הגופני תוך מיקוד קבוצות שרירים ספציפיות. הוא משפר את החוזק, הגמישות והסיבולת הכללית."
חתירה במכונה יעודית,,WEIGHT,seating,medium,Mid position row on rowing machine,"The exercise 'Mid position row on rowing machine' is designed to enhance physical fitness by targeting specific muscle groups. It improves strength, flexibility, and overall endurance.","התרגיל 'חתירה במכונה יעודית' נועד לשפר את הכושר הגופני תוך מיקוד קבוצות שרירים ספציפיות. הוא משפר את החוזק, הגמישות והסיבולת הכללית."
כפיפות ברכיים במכונה יעודית חד״כ,,WEIGHT,seating,medium,Leg curl on leg-curl machine gym,"The exercise 'Leg curl on leg-curl machine gym' is designed to enhance physical fitness by targeting specific muscle groups. It improves strength, flexibility, and overall endurance.","התרגיל 'כפיפות ברכיים במכונה יעודית חד״כ' נועד לשפר את הכושר הגופני תוך מיקוד קבוצות שרירים ספציפיות. הוא משפר את החוזק, הגמישות והסיבולת הכללית."
לחיצת-תאומים בהאק-סקוואט,,WEIGHT,standing,hard,Calf raise on hack-squat machine,"The exercise 'Calf raise on hack-squat machine' is designed to enhance physical fitness by targeting specific muscle groups. It improves strength, flexibility, and overall endurance.","התרגיל 'לחיצת-תאומים בהאק-סקוואט' נועד לשפר את הכושר הגופני תוך מיקוד קבוצות שרירים ספציפיות. הוא משפר את החוזק, הגמישות והסיבולת הכללית."
לחיצת תאומים במכונה יעודית,,WEIGHT,seating,low,Calf raise on calf-raise machine,"The exercise 'Calf raise on calf-raise machine' is designed to enhance physical fitness by targeting specific muscle groups. It improves strength, flexibility, and overall endurance.","התרגיל 'לחיצת תאומים במכונה יעודית' נועד לשפר את הכושר הגופני תוך מיקוד קבוצות שרירים ספציפיות. הוא משפר את החוזק, הגמישות והסיבולת הכללית."
פרפר במכונה יעודית חד״כ,,WEIGHT,seating,medium,Chest Flyes-chest flys machine,"The exercise 'Chest Flyes-chest flys machine' is designed to enhance physical fitness by targeting specific muscle groups. It improves strength, flexibility, and overall endurance.","התרגיל 'פרפר במכונה יעודית חד״כ' נועד לשפר את הכושר הגופני תוך מיקוד קבוצות שרירים ספציפיות. הוא משפר את החוזק, הגמישות והסיבולת הכללית."
משיכה בפולי חד״כ באחיזת סופינציה,,WEIGHT,seating,medium,Pulldown supination grip pulldown-machine,"The exercise 'Pulldown supination grip pulldown-machine' is designed to enhance physical fitness by targeting specific muscle groups. It improves strength, flexibility, and overall endurance.","התרגיל 'משיכה בפולי חד״כ באחיזת סופינציה' נועד לשפר את הכושר הגופני תוך מיקוד קבוצות שרירים ספציפיות. הוא משפר את החוזק, הגמישות והסיבולת הכללית."
פולאובר בקרוסאובר חד״כ חבל,,WEIGHT,standing,medium,Rope pullover,"The exercise 'Rope pullover' is designed to enhance physical fitness by targeting specific muscle groups. It improves strength, flexibility, and overall endurance.","התרגיל 'פולאובר בקרוסאובר חד״כ חבל' נועד לשפר את הכושר הגופני תוך מיקוד קבוצות שרירים ספציפיות. הוא משפר את החוזק, הגמישות והסיבולת הכללית."
כפיפת מרפקים בפולי חד״כ תחתון חבל,,WEIGHT,standing,medium,Low Pulley rope Bicep Curl,"The exercise 'Low Pulley rope Bicep Curl' is designed to enhance physical fitness by targeting specific muscle groups. It improves strength, flexibility, and overall endurance.","התרגיל 'כפיפת מרפקים בפולי חד״כ תחתון חבל' נועד לשפר את הכושר הגופני תוך מיקוד קבוצות שרירים ספציפיות. הוא משפר את החוזק, הגמישות והסיבולת הכללית."
הרחקת ירך במכונה יעודית חד״כ,,WEIGHT,seating,hard,Single-leg hip abduction on hip-abduction machine,"The exercise 'Single-leg hip abduction on hip-abduction machine' is designed to enhance physical fitness by targeting specific muscle groups. It improves strength, flexibility, and overall endurance.","התרגיל 'הרחקת ירך במכונה יעודית חד״כ' נועד לשפר את הכושר הגופני תוך מיקוד קבוצות שרירים ספציפיות. הוא משפר את החוזק, הגמישות והסיבולת הכללית."
פרפר משקולות יד בשיפוע חיובי איבר-בודד,https://www.youtube.com/watch?v=F4CA262dJvg,WEIGHT,supine,medium,Single-Arm Incline Dumbbell Fly,"The exercise 'Single-Arm Incline Dumbbell Fly' is designed to enhance physical fitness by targeting specific muscle groups. It improves strength, flexibility, and overall endurance.","התרגיל 'פרפר משקולות יד בשיפוע חיובי איבר-בודד' נועד לשפר את הכושר הגופני תוך מיקוד קבוצות שרירים ספציפיות. הוא משפר את החוזק, הגמישות והסיבולת הכללית."
פשיטת גב כיסא רומי איבר-בודד,https://www.youtube.com/watch?v=cd8RZ5aBPO0,WEIGHT,,hard,Single-leg Roman Chair Back Extension,"The exercise 'Single-leg Roman Chair Back Extension' is designed to enhance physical fitness by targeting specific muscle groups. It improves strength, flexibility, and overall endurance.","התרגיל 'פשיטת גב כיסא רומי איבר-בודד' נועד לשפר את הכושר הגופני תוך מיקוד קבוצות שרירים ספציפיות. הוא משפר את החוזק, הגמישות והסיבולת הכללית."
חתירה מוט חופשי בישיבה באחיזת פרונציה לחזה,https://www.youtube.com/watch?v=PfrASwbSAxQ,WEIGHT,seating,medium,Seated cable row to chest,"The exercise 'Seated cable row to chest' is designed to enhance physical fitness by targeting specific muscle groups. It improves strength, flexibility, and overall endurance.","התרגיל 'חתירה מוט חופשי בישיבה באחיזת פרונציה לחזה' נועד לשפר את הכושר הגופני תוך מיקוד קבוצות שרירים ספציפיות. הוא משפר את החוזק, הגמישות והסיבולת הכללית."
פרפר כבלים בשיפוע שלילי,https://www.youtube.com/watch?v=mgWrSy__3gk,WEIGHT,,medium,Seated Cable incline chest fly,"The exercise 'Seated Cable incline chest fly' is designed to enhance physical fitness by targeting specific muscle groups. It improves strength, flexibility, and overall endurance.","התרגיל 'פרפר כבלים בשיפוע שלילי' נועד לשפר את הכושר הגופני תוך מיקוד קבוצות שרירים ספציפיות. הוא משפר את החוזק, הגמישות והסיבולת הכללית."
לחיצת כתפיים משקולות יד איבר-בודד,https://www.youtube.com/watch?v=7_LndjLhXE4,WEIGHT,seating,medium,Single-Arm Dumbbell Shoulder Press,"The exercise 'Single-Arm Dumbbell Shoulder Press' is designed to enhance physical fitness by targeting specific muscle groups. It improves strength, flexibility, and overall endurance.","התרגיל 'לחיצת כתפיים משקולות יד איבר-בודד' נועד לשפר את הכושר הגופני תוך מיקוד קבוצות שרירים ספציפיות. הוא משפר את החוזק, הגמישות והסיבולת הכללית."
פשיטת ירך בפולי תחתון רצועות איבר-בודד,https://www.youtube.com/watch?v=JogdYOuT6qQ,WEIGHT,standing,medium,Single-Leg Cable Hip Extension,"The exercise 'Single-Leg Cable Hip Extension' is designed to enhance physical fitness by targeting specific muscle groups. It improves strength, flexibility, and overall endurance.","התרגיל 'פשיטת ירך בפולי תחתון רצועות איבר-בודד' נועד לשפר את הכושר הגופני תוך מיקוד קבוצות שרירים ספציפיות. הוא משפר את החוזק, הגמישות והסיבולת הכללית."
סופרמן בשכיבה,https://www.youtube.com/watch?v=iImVaJRHXf8,WEIGHT,supine,low,Lying back extention Superman,"The exercise 'Lying back extention Superman' is designed to enhance physical fitness by targeting specific muscle groups. It improves strength, flexibility, and overall endurance.","התרגיל 'סופרמן בשכיבה' נועד לשפר את הכושר הגופני תוך מיקוד קבוצות שרירים ספציפיות. הוא משפר את החוזק, הגמישות והסיבולת הכללית."
כפיפת ברכיים במכונה יעודית,https://www.youtube.com/watch?v=3u7wJSVFSJE,WEIGHT,seating,low,Leg curl on leg-curl machine,"The exercise 'Leg curl on leg-curl machine' is designed to enhance physical fitness by targeting specific muscle groups. It improves strength, flexibility, and overall endurance.","התרגיל 'כפיפת ברכיים במכונה יעודית' נועד לשפר את הכושר הגופני תוך מיקוד קבוצות שרירים ספציפיות. הוא משפר את החוזק, הגמישות והסיבולת הכללית."
סקול-קראשר מוט-W בשיפוע חיובי,https://www.youtube.com/watch?v=f8Z9VfyOFSo,WEIGHT,supine,medium,Incline W-Bar Skull Crusher,"The exercise 'Incline W-Bar Skull Crusher' is designed to enhance physical fitness by targeting specific muscle groups. It improves strength, flexibility, and overall endurance.","התרגיל 'סקול-קראשר מוט-W בשיפוע חיובי' נועד לשפר את הכושר הגופני תוך מיקוד קבוצות שרירים ספציפיות. הוא משפר את החוזק, הגמישות והסיבולת הכללית."
סטפ-אפ מדרגה,https://www.youtube.com/watch?v=56SXwuIViXY,WEIGHT,standing,medium,Step-Up low box,"The exercise 'Step-Up low box' is designed to enhance physical fitness by targeting specific muscle groups. It improves strength, flexibility, and overall endurance.","התרגיל 'סטפ-אפ מדרגה' נועד לשפר את הכושר הגופני תוך מיקוד קבוצות שרירים ספציפיות. הוא משפר את החוזק, הגמישות והסיבולת הכללית."
פשיטת-מרפקים בפולי עליון חבל,https://www.youtube.com/watch?v=9WsXkYTz3JE,WEIGHT,standing,medium,Rope Cable Tricep Extension,"The exercise 'Rope Cable Tricep Extension' is designed to enhance physical fitness by targeting specific muscle groups. It improves strength, flexibility, and overall endurance.","התרגיל 'פשיטת-מרפקים בפולי עליון חבל' נועד לשפר את הכושר הגופני תוך מיקוד קבוצות שרירים ספציפיות. הוא משפר את החוזק, הגמישות והסיבולת הכללית."
הרחקת ירך בפולי תחתון רצועות איבר-בודד,https://www.youtube.com/watch?v=FcihozLiBpo,WEIGHT,standing,medium,Single-Leg Cable Hip Abduction,"The exercise 'Single-Leg Cable Hip Abduction' is designed to enhance physical fitness by targeting specific muscle groups. It improves strength, flexibility, and overall endurance.","התרגיל 'הרחקת ירך בפולי תחתון רצועות איבר-בודד' נועד לשפר את הכושר הגופני תוך מיקוד קבוצות שרירים ספציפיות. הוא משפר את החוזק, הגמישות והסיבולת הכללית."
לחיצת חזה באחיזת סופינציה,https://www.youtube.com/watch?v=O_oJ6aVsADY,WEIGHT,supine,medium,Supination Grip barbell bench Press,"The exercise 'Supination Grip barbell bench Press' is designed to enhance physical fitness by targeting specific muscle groups. It improves strength, flexibility, and overall endurance.","התרגיל 'לחיצת חזה באחיזת סופינציה' נועד לשפר את הכושר הגופני תוך מיקוד קבוצות שרירים ספציפיות. הוא משפר את החוזק, הגמישות והסיבולת הכללית."
לחיצת חזה בסמיט,https://www.youtube.com/watch?v=KHbuzgF4nk4,WEIGHT,,medium,Smith Machine Chest Press,"The exercise 'Smith Machine Chest Press' is designed to enhance physical fitness by targeting specific muscle groups. It improves strength, flexibility, and overall endurance.","התרגיל 'לחיצת חזה בסמיט' נועד לשפר את הכושר הגופני תוך מיקוד קבוצות שרירים ספציפיות. הוא משפר את החוזק, הגמישות והסיבולת הכללית."
כפיפת מרפקים מוט-W,https://www.youtube.com/watch?v=qLaszSiESnI,WEIGHT,standing,medium,W-Bar Bicep Curl,"The exercise 'W-Bar Bicep Curl' is designed to enhance physical fitness by targeting specific muscle groups. It improves strength, flexibility, and overall endurance.","התרגיל 'כפיפת מרפקים מוט-W' נועד לשפר את הכושר הגופני תוך מיקוד קבוצות שרירים ספציפיות. הוא משפר את החוזק, הגמישות והסיבולת הכללית."
חתירה משקולות יד בשיפוע חיובי,https://www.youtube.com/watch?v=q5XyWYD7zak,WEIGHT,supine,medium,Incline Dumbbell Row,"The exercise 'Incline Dumbbell Row' is designed to enhance physical fitness by targeting specific muscle groups. It improves strength, flexibility, and overall endurance.","התרגיל 'חתירה משקולות יד בשיפוע חיובי' נועד לשפר את הכושר הגופני תוך מיקוד קבוצות שרירים ספציפיות. הוא משפר את החוזק, הגמישות והסיבולת הכללית."
הרחקת כתפיים בקרוסאובר תחתון ידיות בשכיבה,https://www.youtube.com/watch?v=HsczZ8H_2ko,WEIGHT,supine,hard,Crossover lying handle lateral raise,"The exercise 'Crossover lying handle lateral raise' is designed to enhance physical fitness by targeting specific muscle groups. It improves strength, flexibility, and overall endurance.","התרגיל 'הרחקת כתפיים בקרוסאובר תחתון ידיות בשכיבה' נועד לשפר את הכושר הגופני תוך מיקוד קבוצות שרירים ספציפיות. הוא משפר את החוזק, הגמישות והסיבולת הכללית."
משיכה ביורק-פולי בשיפוע חיובי פנים למכונה בתמיכת ספה,https://www.youtube.com/watch?v=chCbzupdinU,WEIGHT,supine,medium,Seating high pully single handPulldown,"The exercise 'Seating high pully single handPulldown' is designed to enhance physical fitness by targeting specific muscle groups. It improves strength, flexibility, and overall endurance.","התרגיל 'משיכה ביורק-פולי בשיפוע חיובי פנים למכונה בתמיכת ספה' נועד לשפר את הכושר הגופני תוך מיקוד קבוצות שרירים ספציפיות. הוא משפר את החוזק, הגמישות והסיבולת הכללית."
עליית מתח מיד-פוזישן גרביטון,https://www.youtube.com/watch?v=IXumv-5LO9Q,WEIGHT,standing,low,Gravitron Mid-Position pull up,"The exercise 'Gravitron Mid-Position pull up' is designed to enhance physical fitness by targeting specific muscle groups. It improves strength, flexibility, and overall endurance.","התרגיל 'עליית מתח מיד-פוזישן גרביטון' נועד לשפר את הכושר הגופני תוך מיקוד קבוצות שרירים ספציפיות. הוא משפר את החוזק, הגמישות והסיבולת הכללית."
מכרעיים-דינמיים,https://www.youtube.com/watch?v=7LfQ1eixHw0,WEIGHT,standing,medium,Dynamic Lunges,"The exercise 'Dynamic Lunges' is designed to enhance physical fitness by targeting specific muscle groups. It improves strength, flexibility, and overall endurance.","התרגיל 'מכרעיים-דינמיים' נועד לשפר את הכושר הגופני תוך מיקוד קבוצות שרירים ספציפיות. הוא משפר את החוזק, הגמישות והסיבולת הכללית."
כפיפת מרפקים משקולות יד בשיפוע חיובי אחיזת פטישים,https://www.youtube.com/watch?v=28HYmXHs0hg,WEIGHT,supine,low,Incline Dumbbells Hammer Curl,"The exercise 'Incline Dumbbells Hammer Curl' is designed to enhance physical fitness by targeting specific muscle groups. It improves strength, flexibility, and overall endurance.","התרגיל 'כפיפת מרפקים משקולות יד בשיפוע חיובי אחיזת פטישים' נועד לשפר את הכושר הגופני תוך מיקוד קבוצות שרירים ספציפיות. הוא משפר את החוזק, הגמישות והסיבולת הכללית."
מכרע-בולגרי בסמיט,https://www.youtube.com/watch?v=nlRDRIJOaaY,WEIGHT,standing,hard,Smith Machine Bulgarian Split Squat,"The exercise 'Smith Machine Bulgarian Split Squat' is designed to enhance physical fitness by targeting specific muscle groups. It improves strength, flexibility, and overall endurance.","התרגיל 'מכרע-בולגרי בסמיט' נועד לשפר את הכושר הגופני תוך מיקוד קבוצות שרירים ספציפיות. הוא משפר את החוזק, הגמישות והסיבולת הכללית."
כפיפת מרפקים משקולות יד איבר-בודד תמיכת ספה,https://www.youtube.com/watch?v=ySAhocCjHb0,WEIGHT,standing,low,Single-Arm Dumbbell Bicep Curl on bench Support,"The exercise 'Single-Arm Dumbbell Bicep Curl on bench Support' is designed to enhance physical fitness by targeting specific muscle groups. It improves strength, flexibility, and overall endurance.","התרגיל 'כפיפת מרפקים משקולות יד איבר-בודד תמיכת ספה' נועד לשפר את הכושר הגופני תוך מיקוד קבוצות שרירים ספציפיות. הוא משפר את החוזק, הגמישות והסיבולת הכללית."
הרחקת כתפיים בפולי תחתון איבר-בודד,https://www.youtube.com/watch?v=RXZeODE64gc,WEIGHT,standing,medium,Singl-Arm Low Pulley Lateral Raise,"The exercise 'Singl-Arm Low Pulley Lateral Raise' is designed to enhance physical fitness by targeting specific muscle groups. It improves strength, flexibility, and overall endurance.","התרגיל 'הרחקת כתפיים בפולי תחתון איבר-בודד' נועד לשפר את הכושר הגופני תוך מיקוד קבוצות שרירים ספציפיות. הוא משפר את החוזק, הגמישות והסיבולת הכללית."
עליות-מדרגה איבר-בודד,https://www.youtube.com/watch?v=qTozYpFWVlw,WEIGHT,standing,medium,Single-Leg Step-Ups,"The exercise 'Single-Leg Step-Ups' is designed to enhance physical fitness by targeting specific muscle groups. It improves strength, flexibility, and overall endurance.","התרגיל 'עליות-מדרגה איבר-בודד' נועד לשפר את הכושר הגופני תוך מיקוד קבוצות שרירים ספציפיות. הוא משפר את החוזק, הגמישות והסיבולת הכללית."
פרפר בפולי עליון כבלים בישיבה,https://www.youtube.com/watch?v=gvgYY7mPSvA,WEIGHT,seating,medium,Seated High Pulley Cable fly,"The exercise 'Seated High Pulley Cable fly' is designed to enhance physical fitness by targeting specific muscle groups. It improves strength, flexibility, and overall endurance.","התרגיל 'פרפר בפולי עליון כבלים בישיבה' נועד לשפר את הכושר הגופני תוך מיקוד קבוצות שרירים ספציפיות. הוא משפר את החוזק, הגמישות והסיבולת הכללית."
עליית מתח גרביטון באחיזת סופינציה,https://www.youtube.com/watch?v=KOLgDmV5xW8,WEIGHT,standing,low,Gravitron Pull-up Supination Grip,"The exercise 'Gravitron Pull-up Supination Grip' is designed to enhance physical fitness by targeting specific muscle groups. It improves strength, flexibility, and overall endurance.","התרגיל 'עליית מתח גרביטון באחיזת סופינציה' נועד לשפר את הכושר הגופני תוך מיקוד קבוצות שרירים ספציפיות. הוא משפר את החוזק, הגמישות והסיבולת הכללית."
כפיפת כתפיים משקולות יד איבר-בודד,https://www.youtube.com/watch?v=Zb_IhKAikoQ,WEIGHT,standing,low,Single-Arm Dumbbell Shoulder raise,"The exercise 'Single-Arm Dumbbell Shoulder raise' is designed to enhance physical fitness by targeting specific muscle groups. It improves strength, flexibility, and overall endurance.","התרגיל 'כפיפת כתפיים משקולות יד איבר-בודד' נועד לשפר את הכושר הגופני תוך מיקוד קבוצות שרירים ספציפיות. הוא משפר את החוזק, הגמישות והסיבולת הכללית."
כפיפת מרפקים בפולי תחתון באחיזת פרונציה,https://www.youtube.com/watch?v=Ht-MTKo0dZc,WEIGHT,standing,medium,Pronated Grip Low Cable Bicep Curl,"The exercise 'Pronated Grip Low Cable Bicep Curl' is designed to enhance physical fitness by targeting specific muscle groups. It improves strength, flexibility, and overall endurance.","התרגיל 'כפיפת מרפקים בפולי תחתון באחיזת פרונציה' נועד לשפר את הכושר הגופני תוך מיקוד קבוצות שרירים ספציפיות. הוא משפר את החוזק, הגמישות והסיבולת הכללית."
הרחקת כתפיים בקרוסאובר תמיכת ספה,https://www.youtube.com/watch?v=xiNoCfPdI1A,WEIGHT,standing,low,Lateral raises Crossover bench Support,"The exercise 'Lateral raises Crossover bench Support' is designed to enhance physical fitness by targeting specific muscle groups. It improves strength, flexibility, and overall endurance.","התרגיל 'הרחקת כתפיים בקרוסאובר תמיכת ספה' נועד לשפר את הכושר הגופני תוך מיקוד קבוצות שרירים ספציפיות. הוא משפר את החוזק, הגמישות והסיבולת הכללית."
משיכה בפולי באחיזת סופינציה,https://www.youtube.com/watch?v=oTltcJX5um0,WEIGHT,seating,low,Supinated Grip Lat Pulldown,"The exercise 'Supinated Grip Lat Pulldown' is designed to enhance physical fitness by targeting specific muscle groups. It improves strength, flexibility, and overall endurance.","התרגיל 'משיכה בפולי באחיזת סופינציה' נועד לשפר את הכושר הגופני תוך מיקוד קבוצות שרירים ספציפיות. הוא משפר את החוזק, הגמישות והסיבולת הכללית."
הרמת רגליים מעל חזה מזרן בשכיבה,https://www.youtube.com/watch?v=Z3KkwMk_cMU,WEIGHT,supine,hard,Lying Leg Raise Over Chest,"The exercise 'Lying Leg Raise Over Chest' is designed to enhance physical fitness by targeting specific muscle groups. It improves strength, flexibility, and overall endurance.","התרגיל 'הרמת רגליים מעל חזה מזרן בשכיבה' נועד לשפר את הכושר הגופני תוך מיקוד קבוצות שרירים ספציפיות. הוא משפר את החוזק, הגמישות והסיבולת הכללית."
כפיפת מרפקים כיסא פריצר איבר-בודד אחיזת פטישים,https://www.youtube.com/watch?v=SHjiwV8-A34,WEIGHT,seating,hard,Single-Arm Hammer Grip Preacher Curl,"The exercise 'Single-Arm Hammer Grip Preacher Curl' is designed to enhance physical fitness by targeting specific muscle groups. It improves strength, flexibility, and overall endurance.","התרגיל 'כפיפת מרפקים כיסא פריצר איבר-בודד אחיזת פטישים' נועד לשפר את הכושר הגופני תוך מיקוד קבוצות שרירים ספציפיות. הוא משפר את החוזק, הגמישות והסיבולת הכללית."
פשיטת-מרפקים משקולות יד בישיבה,,WEIGHT,seating,medium,Seated Dumbbell Tricep overhead Extension,"The exercise 'Seated Dumbbell Tricep overhead Extension' is designed to enhance physical fitness by targeting specific muscle groups. It improves strength, flexibility, and overall endurance.","התרגיל 'פשיטת-מרפקים משקולות יד בישיבה' נועד לשפר את הכושר הגופני תוך מיקוד קבוצות שרירים ספציפיות. הוא משפר את החוזק, הגמישות והסיבולת הכללית."
כפיפות-ספיידר מוט-W בשכיבה,https://www.youtube.com/watch?v=JT1GMISKA-0,WEIGHT,supine,medium,Spider Curl with W-Bar in,"The exercise 'Spider Curl with W-Bar in' is designed to enhance physical fitness by targeting specific muscle groups. It improves strength, flexibility, and overall endurance.","התרגיל 'כפיפות-ספיידר מוט-W בשכיבה' נועד לשפר את הכושר הגופני תוך מיקוד קבוצות שרירים ספציפיות. הוא משפר את החוזק, הגמישות והסיבולת הכללית."
הרחקת ירך בפולי תחתון רצועות בשכיבה איבר-בודד,https://www.youtube.com/watch?v=0Pvzn-elrV4,WEIGHT,supine,medium,Lying Single Leg Abduction,"The exercise 'Lying Single Leg Abduction' is designed to enhance physical fitness by targeting specific muscle groups. It improves strength, flexibility, and overall endurance.","התרגיל 'הרחקת ירך בפולי תחתון רצועות בשכיבה איבר-בודד' נועד לשפר את הכושר הגופני תוך מיקוד קבוצות שרירים ספציפיות. הוא משפר את החוזק, הגמישות והסיבולת הכללית."
הרחקת ירך ביורק רצועות איבר-בודד,,WEIGHT,standing,medium,York Single-Leg Cable Hip Abduction,"The exercise 'York Single-Leg Cable Hip Abduction' is designed to enhance physical fitness by targeting specific muscle groups. It improves strength, flexibility, and overall endurance.","התרגיל 'הרחקת ירך ביורק רצועות איבר-בודד' נועד לשפר את הכושר הגופני תוך מיקוד קבוצות שרירים ספציפיות. הוא משפר את החוזק, הגמישות והסיבולת הכללית."
לחיצת רגליים במכונה יעודית איבר-בודד,https://www.youtube.com/watch?v=4zx6QmAH8Xc,WEIGHT,seating,medium,Single-leg press on dedicated machine,"The exercise 'Single-leg press on dedicated machine' is designed to enhance physical fitness by targeting specific muscle groups. It improves strength, flexibility, and overall endurance.","התרגיל 'לחיצת רגליים במכונה יעודית איבר-בודד' נועד לשפר את הכושר הגופני תוך מיקוד קבוצות שרירים ספציפיות. הוא משפר את החוזק, הגמישות והסיבולת הכללית."
דדליפט-רומני משקולות יד,https://www.youtube.com/watch?v=gcrhgd_2ZQY,WEIGHT,standing,medium,Dumbbells Romanian Deadlift,"The exercise 'Dumbbells Romanian Deadlift' is designed to enhance physical fitness by targeting specific muscle groups. It improves strength, flexibility, and overall endurance.","התרגיל 'דדליפט-רומני משקולות יד' נועד לשפר את הכושר הגופני תוך מיקוד קבוצות שרירים ספציפיות. הוא משפר את החוזק, הגמישות והסיבולת הכללית."
כפיפת מרפקים בפולי תחתון איבר-בודד תמיכת ספה,https://www.youtube.com/watch?v=VJ2awqMbSeE,WEIGHT,standing,low,Single-Arm Low Cable Bicep Curl on bench Support,"The exercise 'Single-Arm Low Cable Bicep Curl on bench Support' is designed to enhance physical fitness by targeting specific muscle groups. It improves strength, flexibility, and overall endurance.","התרגיל 'כפיפת מרפקים בפולי תחתון איבר-בודד תמיכת ספה' נועד לשפר את הכושר הגופני תוך מיקוד קבוצות שרירים ספציפיות. הוא משפר את החוזק, הגמישות והסיבולת הכללית."
חתירה בפולי תחתון בעמידה,https://www.youtube.com/watch?v=qaCAAHvx7Y8,WEIGHT,standing,medium,Standing Low Pulley Row,"The exercise 'Standing Low Pulley Row' is designed to enhance physical fitness by targeting specific muscle groups. It improves strength, flexibility, and overall endurance.","התרגיל 'חתירה בפולי תחתון בעמידה' נועד לשפר את הכושר הגופני תוך מיקוד קבוצות שרירים ספציפיות. הוא משפר את החוזק, הגמישות והסיבולת הכללית."
עליית מתח גרביטון באחיזת פרונציה,https://www.youtube.com/watch?v=Jjq7CKoH__w,WEIGHT,standing,low,Gravitron Pull-up Pronation Grip,"The exercise 'Gravitron Pull-up Pronation Grip' is designed to enhance physical fitness by targeting specific muscle groups. It improves strength, flexibility, and overall endurance.","התרגיל 'עליית מתח גרביטון באחיזת פרונציה' נועד לשפר את הכושר הגופני תוך מיקוד קבוצות שרירים ספציפיות. הוא משפר את החוזק, הגמישות והסיבולת הכללית."
סופרמן כתף קדמית בהתנגדות,https://www.youtube.com/watch?v=6ewEg8oR7qs,WEIGHT,,medium,Superman back extention + front raise,"The exercise 'Superman back extention + front raise' is designed to enhance physical fitness by targeting specific muscle groups. It improves strength, flexibility, and overall endurance.","התרגיל 'סופרמן כתף קדמית בהתנגדות' נועד לשפר את הכושר הגופני תוך מיקוד קבוצות שרירים ספציפיות. הוא משפר את החוזק, הגמישות והסיבולת הכללית."
כפיפות בטן צידית מזרן,https://www.youtube.com/watch?v=eL5p7XyPKAk,WEIGHT,supine,low,Side Ab Crunche,"The exercise 'Side Ab Crunche' is designed to enhance physical fitness by targeting specific muscle groups. It improves strength, flexibility, and overall endurance.","התרגיל 'כפיפות בטן צידית מזרן' נועד לשפר את הכושר הגופני תוך מיקוד קבוצות שרירים ספציפיות. הוא משפר את החוזק, הגמישות והסיבולת הכללית."
חתירה בפולי תחתון ידיות תמיכת ספה,https://www.youtube.com/watch?v=UpWdI6vPK6o,WEIGHT,seating,medium,Low Pulley handle single arm Row bench Support,"The exercise 'Low Pulley handle single arm Row bench Support' is designed to enhance physical fitness by targeting specific muscle groups. It improves strength, flexibility, and overall endurance.","התרגיל 'חתירה בפולי תחתון ידיות תמיכת ספה' נועד לשפר את הכושר הגופני תוך מיקוד קבוצות שרירים ספציפיות. הוא משפר את החוזק, הגמישות והסיבולת הכללית."
פשיטת ירך מזרן בשכיבה,https://www.youtube.com/watch?v=zH9dYvP-DJM,WEIGHT,supine,low,Lying Hip Extension on Mat,"The exercise 'Lying Hip Extension on Mat' is designed to enhance physical fitness by targeting specific muscle groups. It improves strength, flexibility, and overall endurance.","התרגיל 'פשיטת ירך מזרן בשכיבה' נועד לשפר את הכושר הגופני תוך מיקוד קבוצות שרירים ספציפיות. הוא משפר את החוזק, הגמישות והסיבולת הכללית."
חתירה ביורק-פולי תחתון משולש,https://www.youtube.com/watch?v=GWl8Xj9reow,WEIGHT,seating,medium,York Low Cable Triangle Row,"The exercise 'York Low Cable Triangle Row' is designed to enhance physical fitness by targeting specific muscle groups. It improves strength, flexibility, and overall endurance.","התרגיל 'חתירה ביורק-פולי תחתון משולש' נועד לשפר את הכושר הגופני תוך מיקוד קבוצות שרירים ספציפיות. הוא משפר את החוזק, הגמישות והסיבולת הכללית."
בטן-סטטי צידי בפולי אמצע,https://www.youtube.com/watch?v=zZjG1X6oElk,TIME,standing,medium,Static Side plank with Middle Cable,"The exercise 'Static Side plank with Middle Cable' is designed to enhance physical fitness by targeting specific muscle groups. It improves strength, flexibility, and overall endurance.","התרגיל 'בטן-סטטי צידי בפולי אמצע' נועד לשפר את הכושר הגופני תוך מיקוד קבוצות שרירים ספציפיות. הוא משפר את החוזק, הגמישות והסיבולת הכללית."
פתיחות צדפה בשכיבה על הצד עם גומיה מיוחד,,,supine,hard,פתיחות צדפה בשכיבה על הצד עם גומיה מיוחד,"The exercise 'פתיחות צדפה בשכיבה על הצד עם גומיה מיוחד' is designed to enhance physical fitness by targeting specific muscle groups. It improves strength, flexibility, and overall endurance.","התרגיל 'פתיחות צדפה בשכיבה על הצד עם גומיה מיוחד' נועד לשפר את הכושר הגופני תוך מיקוד קבוצות שרירים ספציפיות. הוא משפר את החוזק, הגמישות והסיבולת הכללית."
פיסטול סקוואט,,,,hard,פיסטול סקוואט,"The exercise 'פיסטול סקוואט' is designed to enhance physical fitness by targeting specific muscle groups. It improves strength, flexibility, and overall endurance.","התרגיל 'פיסטול סקוואט' נועד לשפר את הכושר הגופני תוך מיקוד קבוצות שרירים ספציפיות. הוא משפר את החוזק, הגמישות והסיבולת הכללית."
פשיטת מרפק בשכיבה עם משקולות יד - שיפוע חיובי,,,supine,medium,פשיטת מרפק בשכיבה עם משקולות יד - שיפוע חיובי,"The exercise 'פשיטת מרפק בשכיבה עם משקולות יד - שיפוע חיובי' is designed to enhance physical fitness by targeting specific muscle groups. It improves strength, flexibility, and overall endurance.","התרגיל 'פשיטת מרפק בשכיבה עם משקולות יד - שיפוע חיובי' נועד לשפר את הכושר הגופני תוך מיקוד קבוצות שרירים ספציפיות. הוא משפר את החוזק, הגמישות והסיבולת הכללית."
הרחקת ירך בפולי תחתון רצועות איבר-בודר בתמיכת ספה,,,,medium,הרחקת ירך בפולי תחתון רצועות איבר-בודר בתמיכת ספה,"The exercise 'הרחקת ירך בפולי תחתון רצועות איבר-בודר בתמיכת ספה' is designed to enhance physical fitness by targeting specific muscle groups. It improves strength, flexibility, and overall endurance.","התרגיל 'הרחקת ירך בפולי תחתון רצועות איבר-בודר בתמיכת ספה' נועד לשפר את הכושר הגופני תוך מיקוד קבוצות שרירים ספציפיות. הוא משפר את החוזק, הגמישות והסיבולת הכללית."
כפיפת מרפקים משקולות יד בתמיכה על המרפק,,,,low,כפיפת מרפקים משקולות יד בתמיכה על המרפק,"The exercise 'כפיפת מרפקים משקולות יד בתמיכה על המרפק' is designed to enhance physical fitness by targeting specific muscle groups. It improves strength, flexibility, and overall endurance.","התרגיל 'כפיפת מרפקים משקולות יד בתמיכה על המרפק' נועד לשפר את הכושר הגופני תוך מיקוד קבוצות שרירים ספציפיות. הוא משפר את החוזק, הגמישות והסיבולת הכללית."
שכיבות סמיכה שיפוע חיובי,,,standing,low,שכיבות סמיכה שיפוע חיובי,"The exercise 'שכיבות סמיכה שיפוע חיובי' is designed to enhance physical fitness by targeting specific muscle groups. It improves strength, flexibility, and overall endurance.","התרגיל 'שכיבות סמיכה שיפוע חיובי' נועד לשפר את הכושר הגופני תוך מיקוד קבוצות שרירים ספציפיות. הוא משפר את החוזק, הגמישות והסיבולת הכללית."
הרחקה אופקית בפולי תחתון איבר-בודד,https://www.youtube.com/watch?v=xgTfSVuZFK8,,,medium,הרחקה אופקית בפולי תחתון איבר-בודד,"The exercise 'הרחקה אופקית בפולי תחתון איבר-בודד' is designed to enhance physical fitness by targeting specific muscle groups. It improves strength, flexibility, and overall endurance.","התרגיל 'הרחקה אופקית בפולי תחתון איבר-בודד' נועד לשפר את הכושר הגופני תוך מיקוד קבוצות שרירים ספציפיות. הוא משפר את החוזק, הגמישות והסיבולת הכללית."
,https://www.youtube.com/watch?v=4DM5LYAX6uQ,WEIGHT,standing,medium,פשיטת-מרפקים בפולי עליון מוט,"The exercise 'פשיטת-מרפקים בפולי עליון מוט' is designed to enhance physical fitness by targeting specific muscle groups. It improves strength, flexibility, and overall endurance.","התרגיל 'nan' נועד לשפר את הכושר הגופני תוך מיקוד קבוצות שרירים ספציפיות. הוא משפר את החוזק, הגמישות והסיבולת הכללית."
,https://www.youtube.com/watch?v=EyK83maaig8,WEIGHT,standing,medium,סקול-קראשר משקולות יד,"The exercise 'סקול-קראשר משקולות יד' is designed to enhance physical fitness by targeting specific muscle groups. It improves strength, flexibility, and overall endurance.","התרגיל 'nan' נועד לשפר את הכושר הגופני תוך מיקוד קבוצות שרירים ספציפיות. הוא משפר את החוזק, הגמישות והסיבולת הכללית."
"פוש-ארונד בפולי שיפוע חיובי - חד""כ",,,,hard,"פוש-ארונד בפולי שיפוע חיובי - חד""כ","The exercise 'פוש-ארונד בפולי שיפוע חיובי - חד""כ' is designed to enhance physical fitness by targeting specific muscle groups. It improves strength, flexibility, and overall endurance.","התרגיל 'פוש-ארונד בפולי שיפוע חיובי - חד""כ' נועד לשפר את הכושר הגופני תוך מיקוד קבוצות שרירים ספציפיות. הוא משפר את החוזק, הגמישות והסיבולת הכללית."
סקול-קראשר בסמיט,,,,medium,סקול-קראשר בסמיט,"The exercise 'סקול-קראשר בסמיט' is designed to enhance physical fitness by targeting specific muscle groups. It improves strength, flexibility, and overall endurance.","התרגיל 'סקול-קראשר בסמיט' נועד לשפר את הכושר הגופני תוך מיקוד קבוצות שרירים ספציפיות. הוא משפר את החוזק, הגמישות והסיבולת הכללית."
"מכרע-בולגרי בסמיט אלכסון - חד""כ",,,,hard,"מכרע-בולגרי בסמיט אלכסון - חד""כ","The exercise 'מכרע-בולגרי בסמיט אלכסון - חד""כ' is designed to enhance physical fitness by targeting specific muscle groups. It improves strength, flexibility, and overall endurance.","התרגיל 'מכרע-בולגרי בסמיט אלכסון - חד""כ' נועד לשפר את הכושר הגופני תוך מיקוד קבוצות שרירים ספציפיות. הוא משפר את החוזק, הגמישות והסיבולת הכללית."
לחיצת תאומים בסמיט בישיבה,,,,low,לחיצת תאומים בסמיט בישיבה,"The exercise 'לחיצת תאומים בסמיט בישיבה' is designed to enhance physical fitness by targeting specific muscle groups. It improves strength, flexibility, and overall endurance.","התרגיל 'לחיצת תאומים בסמיט בישיבה' נועד לשפר את הכושר הגופני תוך מיקוד קבוצות שרירים ספציפיות. הוא משפר את החוזק, הגמישות והסיבולת הכללית."
"פשיטת-מרפקים בפולי אמצע גב לפולי - חד""כ",,,,medium,"פשיטת-מרפקים בפולי אמצע גב לפולי - חד""כ","The exercise 'פשיטת-מרפקים בפולי אמצע גב לפולי - חד""כ' is designed to enhance physical fitness by targeting specific muscle groups. It improves strength, flexibility, and overall endurance.","התרגיל 'פשיטת-מרפקים בפולי אמצע גב לפולי - חד""כ' נועד לשפר את הכושר הגופני תוך מיקוד קבוצות שרירים ספציפיות. הוא משפר את החוזק, הגמישות והסיבולת הכללית."
V-Squat,,,,medium,V-Squat,"The exercise 'V-Squat' is designed to enhance physical fitness by targeting specific muscle groups. It improves strength, flexibility, and overall endurance.","התרגיל 'V-Squat' נועד לשפר את הכושר הגופני תוך מיקוד קבוצות שרירים ספציפיות. הוא משפר את החוזק, הגמישות והסיבולת הכללית."
"כפיפת ברכיים במכונה יעודית - חד""כ",,,,low,"כפיפת ברכיים במכונה יעודית - חד""כ","The exercise 'כפיפת ברכיים במכונה יעודית - חד""כ' is designed to enhance physical fitness by targeting specific muscle groups. It improves strength, flexibility, and overall endurance.","התרגיל 'כפיפת ברכיים במכונה יעודית - חד""כ' נועד לשפר את הכושר הגופני תוך מיקוד קבוצות שרירים ספציפיות. הוא משפר את החוזק, הגמישות והסיבולת הכללית."
"לחיצת חזה בפולי אמצע כבלים - חד""כ",,,,medium,"לחיצת חזה בפולי אמצע כבלים - חד""כ","The exercise 'לחיצת חזה בפולי אמצע כבלים - חד""כ' is designed to enhance physical fitness by targeting specific muscle groups. It improves strength, flexibility, and overall endurance.","התרגיל 'לחיצת חזה בפולי אמצע כבלים - חד""כ' נועד לשפר את הכושר הגופני תוך מיקוד קבוצות שרירים ספציפיות. הוא משפר את החוזק, הגמישות והסיבולת הכללית."
"פשיטת ברכיים במכונה יעודית - חד""כ",,,,low,"פשיטת ברכיים במכונה יעודית - חד""כ","The exercise 'פשיטת ברכיים במכונה יעודית - חד""כ' is designed to enhance physical fitness by targeting specific muscle groups. It improves strength, flexibility, and overall endurance.","התרגיל 'פשיטת ברכיים במכונה יעודית - חד""כ' נועד לשפר את הכושר הגופני תוך מיקוד קבוצות שרירים ספציפיות. הוא משפר את החוזק, הגמישות והסיבולת הכללית."
,https://www.youtube.com/watch?v=ydmGdH93Azo,WEIGHT,standing,low,כפיפת מרפקים משקולות יד,"The exercise 'כפיפת מרפקים משקולות יד' is designed to enhance physical fitness by targeting specific muscle groups. It improves strength, flexibility, and overall endurance.","התרגיל 'nan' נועד לשפר את הכושר הגופני תוך מיקוד קבוצות שרירים ספציפיות. הוא משפר את החוזק, הגמישות והסיבולת הכללית."
,https://www.youtube.com/watch?v=KalxWp_L3_A,WEIGHT,seating,medium,היפ-טרסט,"The exercise 'היפ-טרסט' is designed to enhance physical fitness by targeting specific muscle groups. It improves strength, flexibility, and overall endurance.","התרגיל 'nan' נועד לשפר את הכושר הגופני תוך מיקוד קבוצות שרירים ספציפיות. הוא משפר את החוזק, הגמישות והסיבולת הכללית."
,,WEIGHT,seating,low,Seated calf raise,"The exercise 'Seated calf raise' is designed to enhance physical fitness by targeting specific muscle groups. It improves strength, flexibility, and overall endurance.","התרגיל 'nan' נועד לשפר את הכושר הגופני תוך מיקוד קבוצות שרירים ספציפיות. הוא משפר את החוזק, הגמישות והסיבולת הכללית."
,,WEIGHT,standing,medium,פשיטת-מרפקים ביורק מוט,"The exercise 'פשיטת-מרפקים ביורק מוט' is designed to enhance physical fitness by targeting specific muscle groups. It improves strength, flexibility, and overall endurance.","התרגיל 'nan' נועד לשפר את הכושר הגופני תוך מיקוד קבוצות שרירים ספציפיות. הוא משפר את החוזק, הגמישות והסיבולת הכללית."
,,WEIGHT,standing,medium,פשיטת-מרפקים ביורק חבל,"The exercise 'פשיטת-מרפקים ביורק חבל' is designed to enhance physical fitness by targeting specific muscle groups. It improves strength, flexibility, and overall endurance.","התרגיל 'nan' נועד לשפר את הכושר הגופני תוך מיקוד קבוצות שרירים ספציפיות. הוא משפר את החוזק, הגמישות והסיבולת הכללית."
,https://www.youtube.com/watch?v=NPQZvIIifME,WEIGHT,standing,hard,סקוואט-סומו בסמיט,"The exercise 'סקוואט-סומו בסמיט' is designed to enhance physical fitness by targeting specific muscle groups. It improves strength, flexibility, and overall endurance.","התרגיל 'nan' נועד לשפר את הכושר הגופני תוך מיקוד קבוצות שרירים ספציפיות. הוא משפר את החוזק, הגמישות והסיבולת הכללית."
,https://www.youtube.com/watch?v=Hj4kC5zj4Ts,WEIGHT,standing,medium,פשיטת-מרפקים בפולי חבל גב למכונה,"The exercise 'פשיטת-מרפקים בפולי חבל גב למכונה' is designed to enhance physical fitness by targeting specific muscle groups. It improves strength, flexibility, and overall endurance.","התרגיל 'nan' נועד לשפר את הכושר הגופני תוך מיקוד קבוצות שרירים ספציפיות. הוא משפר את החוזק, הגמישות והסיבולת הכללית."
,https://www.youtube.com/watch?v=S4PUSbRKDoo,WEIGHT,,low,אולר,"The exercise 'אולר' is designed to enhance physical fitness by targeting specific muscle groups. It improves strength, flexibility, and overall endurance.","התרגיל 'nan' נועד לשפר את הכושר הגופני תוך מיקוד קבוצות שרירים ספציפיות. הוא משפר את החוזק, הגמישות והסיבולת הכללית."
עליית מתח גרביטון,,,,medium,עליית מתח גרביטון,"The exercise 'עליית מתח גרביטון' is designed to enhance physical fitness by targeting specific muscle groups. It improves strength, flexibility, and overall endurance.","התרגיל 'עליית מתח גרביטון' נועד לשפר את הכושר הגופני תוך מיקוד קבוצות שרירים ספציפיות. הוא משפר את החוזק, הגמישות והסיבולת הכללית."
מדרגות,,,,low,מדרגות,"The exercise 'מדרגות' is designed to enhance physical fitness by targeting specific muscle groups. It improves strength, flexibility, and overall endurance.","התרגיל 'מדרגות' נועד לשפר את הכושר הגופני תוך מיקוד קבוצות שרירים ספציפיות. הוא משפר את החוזק, הגמישות והסיבולת הכללית."
,,WEIGHT,seating,medium,משיכה ביורק-פולי עליון ידיות,"The exercise 'משיכה ביורק-פולי עליון ידיות' is designed to enhance physical fitness by targeting specific muscle groups. It improves strength, flexibility, and overall endurance.","התרגיל 'nan' נועד לשפר את הכושר הגופני תוך מיקוד קבוצות שרירים ספציפיות. הוא משפר את החוזק, הגמישות והסיבולת הכללית."
לחיצת חזה במכונה יעודית,,,,medium,לחיצת חזה במכונה יעודית,"The exercise 'לחיצת חזה במכונה יעודית' is designed to enhance physical fitness by targeting specific muscle groups. It improves strength, flexibility, and overall endurance.","התרגיל 'לחיצת חזה במכונה יעודית' נועד לשפר את הכושר הגופני תוך מיקוד קבוצות שרירים ספציפיות. הוא משפר את החוזק, הגמישות והסיבולת הכללית."
דדליפט-רומני במכונה יעודית חבל,,,,medium,דדליפט-רומני במכונה יעודית חבל,"The exercise 'דדליפט-רומני במכונה יעודית חבל' is designed to enhance physical fitness by targeting specific muscle groups. It improves strength, flexibility, and overall endurance.","התרגיל 'דדליפט-רומני במכונה יעודית חבל' נועד לשפר את הכושר הגופני תוך מיקוד קבוצות שרירים ספציפיות. הוא משפר את החוזק, הגמישות והסיבולת הכללית."
הרמת ברכיים במכונה יעודית,,,,medium,הרמת ברכיים במכונה יעודית,"The exercise 'הרמת ברכיים במכונה יעודית' is designed to enhance physical fitness by targeting specific muscle groups. It improves strength, flexibility, and overall endurance.","התרגיל 'הרמת ברכיים במכונה יעודית' נועד לשפר את הכושר הגופני תוך מיקוד קבוצות שרירים ספציפיות. הוא משפר את החוזק, הגמישות והסיבולת הכללית."
,https://www.youtube.com/watch?v=9Lad7B_j_ew,WEIGHT,seating,low,פשיטת ברכיים במכונה יעודית,"The exercise 'פשיטת ברכיים במכונה יעודית' is designed to enhance physical fitness by targeting specific muscle groups. It improves strength, flexibility, and overall endurance.","התרגיל 'nan' נועד לשפר את הכושר הגופני תוך מיקוד קבוצות שרירים ספציפיות. הוא משפר את החוזק, הגמישות והסיבולת הכללית."
,https://www.youtube.com/watch?v=9WsXkYTz3JE,WEIGHT,standing,medium,פשיטת-מרפקים בפולי עליון חבל,"The exercise 'פשיטת-מרפקים בפולי עליון חבל' is designed to enhance physical fitness by targeting specific muscle groups. It improves strength, flexibility, and overall endurance.","התרגיל 'nan' נועד לשפר את הכושר הגופני תוך מיקוד קבוצות שרירים ספציפיות. הוא משפר את החוזק, הגמישות והסיבולת הכללית."
לחיצת חזה באחיזת סופינציה,https://www.youtube.com/watch?v=O_oJ6aVsADY,,standing,medium,לחיצת חזה באחיזת סופינציה,"The exercise 'לחיצת חזה באחיזת סופינציה' is designed to enhance physical fitness by targeting specific muscle groups. It improves strength, flexibility, and overall endurance.","התרגיל 'לחיצת חזה באחיזת סופינציה' נועד לשפר את הכושר הגופני תוך מיקוד קבוצות שרירים ספציפיות. הוא משפר את החוזק, הגמישות והסיבולת הכללית."
,https://www.youtube.com/watch?v=7LfQ1eixHw0,WEIGHT,standing,medium,מכרעיים-דינמיים,"The exercise 'מכרעיים-דינמיים' is designed to enhance physical fitness by targeting specific muscle groups. It improves strength, flexibility, and overall endurance.","התרגיל 'nan' נועד לשפר את הכושר הגופני תוך מיקוד קבוצות שרירים ספציפיות. הוא משפר את החוזק, הגמישות והסיבולת הכללית."
עליות-מדרגה איבר-בודד,https://www.youtube.com/watch?v=qTozYpFWVlw,,,medium,עליות-מדרגה איבר-בודד,"The exercise 'עליות-מדרגה איבר-בודד' is designed to enhance physical fitness by targeting specific muscle groups. It improves strength, flexibility, and overall endurance.","התרגיל 'עליות-מדרגה איבר-בודד' נועד לשפר את הכושר הגופני תוך מיקוד קבוצות שרירים ספציפיות. הוא משפר את החוזק, הגמישות והסיבולת הכללית."
סופרמן כתף קדמית בהתנגדות,https://www.youtube.com/watch?v=6ewEg8oR7qs,,,medium,סופרמן כתף קדמית בהתנגדות,"The exercise 'סופרמן כתף קדמית בהתנגדות' is designed to enhance physical fitness by targeting specific muscle groups. It improves strength, flexibility, and overall endurance.","התרגיל 'סופרמן כתף קדמית בהתנגדות' נועד לשפר את הכושר הגופני תוך מיקוד קבוצות שרירים ספציפיות. הוא משפר את החוזק, הגמישות והסיבולת הכללית."
פשיטת ברכיים במכונה יעודית איבר בודד,,,seating,low,פשיטת ברכיים במכונה יעודית איבר בודד,"The exercise 'פשיטת ברכיים במכונה יעודית איבר בודד' is designed to enhance physical fitness by targeting specific muscle groups. It improves strength, flexibility, and overall endurance.","התרגיל 'פשיטת ברכיים במכונה יעודית איבר בודד' נועד לשפר את הכושר הגופני תוך מיקוד קבוצות שרירים ספציפיות. הוא משפר את החוזק, הגמישות והסיבולת הכללית."
"משיכה בפולי בשיפוע חיובי בשעינה על ספה - חד""כ",,,,hard,"משיכה בפולי בשיפוע חיובי בשעינה על ספה - חד""כ","The exercise 'משיכה בפולי בשיפוע חיובי בשעינה על ספה - חד""כ' is designed to enhance physical fitness by targeting specific muscle groups. It improves strength, flexibility, and overall endurance.","התרגיל 'משיכה בפולי בשיפוע חיובי בשעינה על ספה - חד""כ' נועד לשפר את הכושר הגופני תוך מיקוד קבוצות שרירים ספציפיות. הוא משפר את החוזק, הגמישות והסיבולת הכללית."
כפיפת מרפקים בפולי אחיזת פטיש גב למכונה,,,,medium,כפיפת מרפקים בפולי אחיזת פטיש גב למכונה,"The exercise 'כפיפת מרפקים בפולי אחיזת פטיש גב למכונה' is designed to enhance physical fitness by targeting specific muscle groups. It improves strength, flexibility, and overall endurance.","התרגיל 'כפיפת מרפקים בפולי אחיזת פטיש גב למכונה' נועד לשפר את הכושר הגופני תוך מיקוד קבוצות שרירים ספציפיות. הוא משפר את החוזק, הגמישות והסיבולת הכללית."
"הרחקת כתפיים בפולי תחתון איבר-בודד - חד""כ",,,,medium,"הרחקת כתפיים בפולי תחתון איבר-בודד - חד""כ","The exercise 'הרחקת כתפיים בפולי תחתון איבר-בודד - חד""כ' is designed to enhance physical fitness by targeting specific muscle groups. It improves strength, flexibility, and overall endurance.","התרגיל 'הרחקת כתפיים בפולי תחתון איבר-בודד - חד""כ' נועד לשפר את הכושר הגופני תוך מיקוד קבוצות שרירים ספציפיות. הוא משפר את החוזק, הגמישות והסיבולת הכללית."
הרחקת ירך בפולי תחתון רצועות איבר-בודד (קיצור מנוף ),,,,medium,הרחקת ירך בפולי תחתון רצועות איבר-בודד (קיצור מנוף ),"The exercise 'הרחקת ירך בפולי תחתון רצועות איבר-בודד (קיצור מנוף )' is designed to enhance physical fitness by targeting specific muscle groups. It improves strength, flexibility, and overall endurance.","התרגיל 'הרחקת ירך בפולי תחתון רצועות איבר-בודד (קיצור מנוף )' נועד לשפר את הכושר הגופני תוך מיקוד קבוצות שרירים ספציפיות. הוא משפר את החוזק, הגמישות והסיבולת הכללית."
,https://www.youtube.com/watch?v=S5r7QUH7rUk,,,medium,הרחקה אופקית בפולי תחתון,"The exercise 'הרחקה אופקית בפולי תחתון' is designed to enhance physical fitness by targeting specific muscle groups. It improves strength, flexibility, and overall endurance.","התרגיל 'nan' נועד לשפר את הכושר הגופני תוך מיקוד קבוצות שרירים ספציפיות. הוא משפר את החוזק, הגמישות והסיבולת הכללית."
כפיפת כתפיים מוט חופשי,https://www.youtube.com/watch?v=Wvb9k7hbpis,,,medium,כפיפת כתפיים מוט חופשי,"The exercise 'כפיפת כתפיים מוט חופשי' is designed to enhance physical fitness by targeting specific muscle groups. It improves strength, flexibility, and overall endurance.","התרגיל 'כפיפת כתפיים מוט חופשי' נועד לשפר את הכושר הגופני תוך מיקוד קבוצות שרירים ספציפיות. הוא משפר את החוזק, הגמישות והסיבולת הכללית."
,https://www.youtube.com/watch?v=jOfrjngoIwk,WEIGHT,standing,low,לחיצת תאומים בסמיט,"The exercise 'לחיצת תאומים בסמיט' is designed to enhance physical fitness by targeting specific muscle groups. It improves strength, flexibility, and overall endurance.","התרגיל 'nan' נועד לשפר את הכושר הגופני תוך מיקוד קבוצות שרירים ספציפיות. הוא משפר את החוזק, הגמישות והסיבולת הכללית."
,,WEIGHT,seating,low,לחיצת תאומים בישיבה,"The exercise 'לחיצת תאומים בישיבה' is designed to enhance physical fitness by targeting specific muscle groups. It improves strength, flexibility, and overall endurance.","התרגיל 'nan' נועד לשפר את הכושר הגופני תוך מיקוד קבוצות שרירים ספציפיות. הוא משפר את החוזק, הגמישות והסיבולת הכללית."
,https://www.youtube.com/watch?v=wqs6ctYNsB4,WEIGHT,seating,medium,לחיצת כתפיים מוט חופשי,"The exercise 'לחיצת כתפיים מוט חופשי' is designed to enhance physical fitness by targeting specific muscle groups. It improves strength, flexibility, and overall endurance.","התרגיל 'nan' נועד לשפר את הכושר הגופני תוך מיקוד קבוצות שרירים ספציפיות. הוא משפר את החוזק, הגמישות והסיבולת הכללית."
,https://www.youtube.com/watch?v=XnSHS38yFNE,WEIGHT,standing,medium,הרחקת כתפיים בקרוסאובר תחתון,"The exercise 'הרחקת כתפיים בקרוסאובר תחתון' is designed to enhance physical fitness by targeting specific muscle groups. It improves strength, flexibility, and overall endurance.","התרגיל 'nan' נועד לשפר את הכושר הגופני תוך מיקוד קבוצות שרירים ספציפיות. הוא משפר את החוזק, הגמישות והסיבולת הכללית."
test,,,standing,low,test,"The exercise 'test' is designed to enhance physical fitness by targeting specific muscle groups. It improves strength, flexibility, and overall endurance.","התרגיל 'test' נועד לשפר את הכושר הגופני תוך מיקוד קבוצות שרירים ספציפיות. הוא משפר את החוזק, הגמישות והסיבולת הכללית."
,,,,low,לחיצת חזה במכונת HAMMER,"The exercise 'לחיצת חזה במכונת HAMMER' is designed to enhance physical fitness by targeting specific muscle groups. It improves strength, flexibility, and overall endurance.","התרגיל 'nan' נועד לשפר את הכושר הגופני תוך מיקוד קבוצות שרירים ספציפיות. הוא משפר את החוזק, הגמישות והסיבולת הכללית."
,https://www.youtube.com/watch?v=x_aKH3hNFro,,,medium,פרפר בפולי אמצע כבלים,"The exercise 'פרפר בפולי אמצע כבלים' is designed to enhance physical fitness by targeting specific muscle groups. It improves strength, flexibility, and overall endurance.","התרגיל 'nan' נועד לשפר את הכושר הגופני תוך מיקוד קבוצות שרירים ספציפיות. הוא משפר את החוזק, הגמישות והסיבולת הכללית."
,https://www.youtube.com/watch?v=5B3oW6mr95Q,,,medium,הרמת רגליים מזרן בשכיבה,"The exercise 'הרמת רגליים מזרן בשכיבה' is designed to enhance physical fitness by targeting specific muscle groups. It improves strength, flexibility, and overall endurance.","התרגיל 'nan' נועד לשפר את הכושר הגופני תוך מיקוד קבוצות שרירים ספציפיות. הוא משפר את החוזק, הגמישות והסיבולת הכללית."
,,,,hard,סטפ-אפ קופסא בפולי תחתון,"The exercise 'סטפ-אפ קופסא בפולי תחתון' is designed to enhance physical fitness by targeting specific muscle groups. It improves strength, flexibility, and overall endurance.","התרגיל 'nan' נועד לשפר את הכושר הגופני תוך מיקוד קבוצות שרירים ספציפיות. הוא משפר את החוזק, הגמישות והסיבולת הכללית."
,https://www.youtube.com/watch?v=f8Z9VfyOFSo,WEIGHT,supine,medium,סקול-קראשר מוט-W בשיפוע חיובי,"The exercise 'סקול-קראשר מוט-W בשיפוע חיובי' is designed to enhance physical fitness by targeting specific muscle groups. It improves strength, flexibility, and overall endurance.","התרגיל 'nan' נועד לשפר את הכושר הגופני תוך מיקוד קבוצות שרירים ספציפיות. הוא משפר את החוזק, הגמישות והסיבולת הכללית."
,,,,hard,פייס-פולס בפולי עליון בישיבה,"The exercise 'פייס-פולס בפולי עליון בישיבה' is designed to enhance physical fitness by targeting specific muscle groups. It improves strength, flexibility, and overall endurance.","התרגיל 'nan' נועד לשפר את הכושר הגופני תוך מיקוד קבוצות שרירים ספציפיות. הוא משפר את החוזק, הגמישות והסיבולת הכללית."
,https://www.youtube.com/watch?v=JT1GMISKA-0,,,medium,כפיפות-ספיידר מוט-W בשכיבה,"The exercise 'כפיפות-ספיידר מוט-W בשכיבה' is designed to enhance physical fitness by targeting specific muscle groups. It improves strength, flexibility, and overall endurance.","התרגיל 'nan' נועד לשפר את הכושר הגופני תוך מיקוד קבוצות שרירים ספציפיות. הוא משפר את החוזק, הגמישות והסיבולת הכללית."
,https://www.youtube.com/watch?v=nHxmfxEIHSw,,,low,פשיטת-מרפקים בפולי תחתון חבל גב למכונה,"The exercise 'פשיטת-מרפקים בפולי תחתון חבל גב למכונה' is designed to enhance physical fitness by targeting specific muscle groups. It improves strength, flexibility, and overall endurance.","התרגיל 'nan' נועד לשפר את הכושר הגופני תוך מיקוד קבוצות שרירים ספציפיות. הוא משפר את החוזק, הגמישות והסיבולת הכללית."
,https://www.youtube.com/watch?v=rReJDFFgoSo,,,medium,פייס-פולס בפולי עליון,"The exercise 'פייס-פולס בפולי עליון' is designed to enhance physical fitness by targeting specific muscle groups. It improves strength, flexibility, and overall endurance.","התרגיל 'nan' נועד לשפר את הכושר הגופני תוך מיקוד קבוצות שרירים ספציפיות. הוא משפר את החוזק, הגמישות והסיבולת הכללית."
כפיפות ברכיים איבר-בודד,,,,medium,כפיפות ברכיים איבר-בודד,"The exercise 'כפיפות ברכיים איבר-בודד' is designed to enhance physical fitness by targeting specific muscle groups. It improves strength, flexibility, and overall endurance.","התרגיל 'כפיפות ברכיים איבר-בודד' נועד לשפר את הכושר הגופני תוך מיקוד קבוצות שרירים ספציפיות. הוא משפר את החוזק, הגמישות והסיבולת הכללית."
,https://www.youtube.com/watch?v=HsczZ8H_2ko,,,hard,הרחקת כתפיים בקרוסאובר תחתון ידיות בשכיבה,"The exercise 'הרחקת כתפיים בקרוסאובר תחתון ידיות בשכיבה' is designed to enhance physical fitness by targeting specific muscle groups. It improves strength, flexibility, and overall endurance.","התרגיל 'nan' נועד לשפר את הכושר הגופני תוך מיקוד קבוצות שרירים ספציפיות. הוא משפר את החוזק, הגמישות והסיבולת הכללית."
,https://www.youtube.com/watch?v=9noSaLAHx_A,WEIGHT,seating,low,Cable Low Pulley Leg Extension,"The exercise 'Cable Low Pulley Leg Extension' is designed to enhance physical fitness by targeting specific muscle groups. It improves strength, flexibility, and overall endurance.","התרגיל 'nan' נועד לשפר את הכושר הגופני תוך מיקוד קבוצות שרירים ספציפיות. הוא משפר את החוזק, הגמישות והסיבולת הכללית."
,https://www.youtube.com/watch?v=qTozYpFWVlw,WEIGHT,standing,medium,Single-Leg Step-Ups,"The exercise 'Single-Leg Step-Ups' is designed to enhance physical fitness by targeting specific muscle groups. It improves strength, flexibility, and overall endurance.","התרגיל 'nan' נועד לשפר את הכושר הגופני תוך מיקוד קבוצות שרירים ספציפיות. הוא משפר את החוזק, הגמישות והסיבולת הכללית."
,https://www.youtube.com/watch?v=zDSaK1v-PiE,,,medium,לחיצת-ארנולד,"The exercise 'לחיצת-ארנולד' is designed to enhance physical fitness by targeting specific muscle groups. It improves strength, flexibility, and overall endurance.","התרגיל 'nan' נועד לשפר את הכושר הגופני תוך מיקוד קבוצות שרירים ספציפיות. הוא משפר את החוזק, הגמישות והסיבולת הכללית."
,https://www.youtube.com/watch?v=0cLFVSUBiKs,,,medium,הרחקה אופקית בקרוסאובר עליון,"The exercise 'הרחקה אופקית בקרוסאובר עליון' is designed to enhance physical fitness by targeting specific muscle groups. It improves strength, flexibility, and overall endurance.","התרגיל 'nan' נועד לשפר את הכושר הגופני תוך מיקוד קבוצות שרירים ספציפיות. הוא משפר את החוזק, הגמישות והסיבולת הכללית."
,https://www.youtube.com/watch?v=rFrQICYsDk4,,,medium,לחיצת כתפיים בפולי עליון משולש,"The exercise 'לחיצת כתפיים בפולי עליון משולש' is designed to enhance physical fitness by targeting specific muscle groups. It improves strength, flexibility, and overall endurance.","התרגיל 'nan' נועד לשפר את הכושר הגופני תוך מיקוד קבוצות שרירים ספציפיות. הוא משפר את החוזק, הגמישות והסיבולת הכללית."
סקוואט בכייבל בפולי תחתון,https://www.youtube.com/watch?v=9knixcI0JDc,,,medium,סקוואט בכייבל בפולי תחתון,"The exercise 'סקוואט בכייבל בפולי תחתון' is designed to enhance physical fitness by targeting specific muscle groups. It improves strength, flexibility, and overall endurance.","התרגיל 'סקוואט בכייבל בפולי תחתון' נועד לשפר את הכושר הגופני תוך מיקוד קבוצות שרירים ספציפיות. הוא משפר את החוזק, הגמישות והסיבולת הכללית."
לחיצת חזה מוט בשיפוע שלילי,https://www.youtube.com/watch?v=mmGJRUSnecM,,,medium,לחיצת חזה מוט בשיפוע שלילי,"The exercise 'לחיצת חזה מוט בשיפוע שלילי' is designed to enhance physical fitness by targeting specific muscle groups. It improves strength, flexibility, and overall endurance.","התרגיל 'לחיצת חזה מוט בשיפוע שלילי' נועד לשפר את הכושר הגופני תוך מיקוד קבוצות שרירים ספציפיות. הוא משפר את החוזק, הגמישות והסיבולת הכללית."
,https://www.youtube.com/watch?v=okrKmEQwryY,,,medium,סקוואט-נמוך בגומייה,"The exercise 'סקוואט-נמוך בגומייה' is designed to enhance physical fitness by targeting specific muscle groups. It improves strength, flexibility, and overall endurance.","התרגיל 'nan' נועד לשפר את הכושר הגופני תוך מיקוד קבוצות שרירים ספציפיות. הוא משפר את החוזק, הגמישות והסיבולת הכללית."
חתירה משקולות יד בעמידה,https://www.youtube.com/watch?v=QLp40kGAqbw,,,medium,חתירה משקולות יד בעמידה,"The exercise 'חתירה משקולות יד בעמידה' is designed to enhance physical fitness by targeting specific muscle groups. It improves strength, flexibility, and overall endurance.","התרגיל 'חתירה משקולות יד בעמידה' נועד לשפר את הכושר הגופני תוך מיקוד קבוצות שרירים ספציפיות. הוא משפר את החוזק, הגמישות והסיבולת הכללית."
,,,,medium,חתירה ביורק-פולי אמצע איבר-בודד,"The exercise 'חתירה ביורק-פולי אמצע איבר-בודד' is designed to enhance physical fitness by targeting specific muscle groups. It improves strength, flexibility, and overall endurance.","התרגיל 'nan' נועד לשפר את הכושר הגופני תוך מיקוד קבוצות שרירים ספציפיות. הוא משפר את החוזק, הגמישות והסיבולת הכללית."
,https://www.youtube.com/watch?v=mgWrSy__3gk,,,medium,פרפר כבלים בשיפוע שלילי,"The exercise 'פרפר כבלים בשיפוע שלילי' is designed to enhance physical fitness by targeting specific muscle groups. It improves strength, flexibility, and overall endurance.","התרגיל 'nan' נועד לשפר את הכושר הגופני תוך מיקוד קבוצות שרירים ספציפיות. הוא משפר את החוזק, הגמישות והסיבולת הכללית."
,https://www.youtube.com/watch?v=OKFkdzlLTew,,,medium,פשיטת גב כיסא רומי וריאציית ישבן,"The exercise 'פשיטת גב כיסא רומי וריאציית ישבן' is designed to enhance physical fitness by targeting specific muscle groups. It improves strength, flexibility, and overall endurance.","התרגיל 'nan' נועד לשפר את הכושר הגופני תוך מיקוד קבוצות שרירים ספציפיות. הוא משפר את החוזק, הגמישות והסיבולת הכללית."
,https://www.youtube.com/watch?v=chCbzupdinU,,,medium,משיכה ביורק-פולי בשיפוע חיובי פנים למכונה בתמיכת ספה,"The exercise 'משיכה ביורק-פולי בשיפוע חיובי פנים למכונה בתמיכת ספה' is designed to enhance physical fitness by targeting specific muscle groups. It improves strength, flexibility, and overall endurance.","התרגיל 'nan' נועד לשפר את הכושר הגופני תוך מיקוד קבוצות שרירים ספציפיות. הוא משפר את החוזק, הגמישות והסיבולת הכללית."
,https://www.youtube.com/watch?v=nlRDRIJOaaY,,,hard,מכרע-בולגרי בסמיט,"The exercise 'מכרע-בולגרי בסמיט' is designed to enhance physical fitness by targeting specific muscle groups. It improves strength, flexibility, and overall endurance.","התרגיל 'nan' נועד לשפר את הכושר הגופני תוך מיקוד קבוצות שרירים ספציפיות. הוא משפר את החוזק, הגמישות והסיבולת הכללית."
,https://www.youtube.com/watch?v=qLaszSiESnI,,,medium,כפיפת מרפקים מוט-W,"The exercise 'כפיפת מרפקים מוט-W' is designed to enhance physical fitness by targeting specific muscle groups. It improves strength, flexibility, and overall endurance.","התרגיל 'nan' נועד לשפר את הכושר הגופני תוך מיקוד קבוצות שרירים ספציפיות. הוא משפר את החוזק, הגמישות והסיבולת הכללית."
,https://www.youtube.com/watch?v=q5XyWYD7zak,,,medium,חתירה משקולות יד בשיפוע חיובי,"The exercise 'חתירה משקולות יד בשיפוע חיובי' is designed to enhance physical fitness by targeting specific muscle groups. It improves strength, flexibility, and overall endurance.","התרגיל 'nan' נועד לשפר את הכושר הגופני תוך מיקוד קבוצות שרירים ספציפיות. הוא משפר את החוזק, הגמישות והסיבולת הכללית."
,https://www.youtube.com/watch?v=UpWdI6vPK6o,,,medium,חתירה בפולי תחתון ידיות תמיכת ספה,"The exercise 'חתירה בפולי תחתון ידיות תמיכת ספה' is designed to enhance physical fitness by targeting specific muscle groups. It improves strength, flexibility, and overall endurance.","התרגיל 'nan' נועד לשפר את הכושר הגופני תוך מיקוד קבוצות שרירים ספציפיות. הוא משפר את החוזק, הגמישות והסיבולת הכללית."
פייס-פולס בפולי עליון בשכיבה,,,seating,hard,פייס-פולס בפולי עליון בשכיבה,"The exercise 'פייס-פולס בפולי עליון בשכיבה' is designed to enhance physical fitness by targeting specific muscle groups. It improves strength, flexibility, and overall endurance.","התרגיל 'פייס-פולס בפולי עליון בשכיבה' נועד לשפר את הכושר הגופני תוך מיקוד קבוצות שרירים ספציפיות. הוא משפר את החוזק, הגמישות והסיבולת הכללית."
,https://www.youtube.com/watch?v=i53GqUM1d4A,WEIGHT,standing,medium,לחיצת-גקסון,"The exercise 'לחיצת-גקסון' is designed to enhance physical fitness by targeting specific muscle groups. It improves strength, flexibility, and overall endurance.","התרגיל 'nan' נועד לשפר את הכושר הגופני תוך מיקוד קבוצות שרירים ספציפיות. הוא משפר את החוזק, הגמישות והסיבולת הכללית."
כפיפת מרפקים משקולת יד בתמיכה איבר-בודד,,,seating,low,כפיפת מרפקים משקולת יד בתמיכה איבר-בודד,"The exercise 'כפיפת מרפקים משקולת יד בתמיכה איבר-בודד' is designed to enhance physical fitness by targeting specific muscle groups. It improves strength, flexibility, and overall endurance.","התרגיל 'כפיפת מרפקים משקולת יד בתמיכה איבר-בודד' נועד לשפר את הכושר הגופני תוך מיקוד קבוצות שרירים ספציפיות. הוא משפר את החוזק, הגמישות והסיבולת הכללית."
Hip Adduction with Resistance Band,,WEIGHT,standing,low,,"The exercise 'קירוב ירך גומייה' is designed to enhance physical fitness by targeting specific muscle groups. It improves strength, flexibility, and overall endurance.","התרגיל 'nan' נועד לשפר את הכושר הגופני תוך מיקוד קבוצות שרירים ספציפיות. הוא משפר את החוזק, הגמישות והסיבולת הכללית."
,,,,hard,לחיצת חזה מוט חופשי אחיזה צרה,"The exercise 'לחיצת חזה מוט חופשי אחיזה צרה' is designed to enhance physical fitness by targeting specific muscle groups. It improves strength, flexibility, and overall endurance.","התרגיל 'nan' נועד לשפר את הכושר הגופני תוך מיקוד קבוצות שרירים ספציפיות. הוא משפר את החוזק, הגמישות והסיבולת הכללית."
,https://www.youtube.com/watch?v=2EGe9soq4Ek,,,medium,פרפר בפולי עליון,"The exercise 'פרפר בפולי עליון' is designed to enhance physical fitness by targeting specific muscle groups. It improves strength, flexibility, and overall endurance.","התרגיל 'nan' נועד לשפר את הכושר הגופני תוך מיקוד קבוצות שרירים ספציפיות. הוא משפר את החוזק, הגמישות והסיבולת הכללית."
לחיצת חזה במכונת HAMMER,,,,low,לחיצת חזה במכונת HAMMER,"The exercise 'לחיצת חזה במכונת HAMMER' is designed to enhance physical fitness by targeting specific muscle groups. It improves strength, flexibility, and overall endurance.","התרגיל 'לחיצת חזה במכונת HAMMER' נועד לשפר את הכושר הגופני תוך מיקוד קבוצות שרירים ספציפיות. הוא משפר את החוזק, הגמישות והסיבולת הכללית."
,https://www.youtube.com/watch?v=D1o5UjAh9pc,,,medium,סקול-קראשר מוט-W,"The exercise 'סקול-קראשר מוט-W' is designed to enhance physical fitness by targeting specific muscle groups. It improves strength, flexibility, and overall endurance.","התרגיל 'nan' נועד לשפר את הכושר הגופני תוך מיקוד קבוצות שרירים ספציפיות. הוא משפר את החוזק, הגמישות והסיבולת הכללית."
פרפר כבלים איבר בודד תמיכת ספה,,,,medium,פרפר כבלים איבר בודד תמיכת ספה,"The exercise 'פרפר כבלים איבר בודד תמיכת ספה' is designed to enhance physical fitness by targeting specific muscle groups. It improves strength, flexibility, and overall endurance.","התרגיל 'פרפר כבלים איבר בודד תמיכת ספה' נועד לשפר את הכושר הגופני תוך מיקוד קבוצות שרירים ספציפיות. הוא משפר את החוזק, הגמישות והסיבולת הכללית."
"פייס-פולס בפולי עליון - חד""כ",,,,medium,"פייס-פולס בפולי עליון - חד""כ","The exercise 'פייס-פולס בפולי עליון - חד""כ' is designed to enhance physical fitness by targeting specific muscle groups. It improves strength, flexibility, and overall endurance.","התרגיל 'פייס-פולס בפולי עליון - חד""כ' נועד לשפר את הכושר הגופני תוך מיקוד קבוצות שרירים ספציפיות. הוא משפר את החוזק, הגמישות והסיבולת הכללית."
הרחקת ירך בישיבה עם גומיה,,,,low,הרחקת ירך בישיבה עם גומיה,"The exercise 'הרחקת ירך בישיבה עם גומיה' is designed to enhance physical fitness by targeting specific muscle groups. It improves strength, flexibility, and overall endurance.","התרגיל 'הרחקת ירך בישיבה עם גומיה' נועד לשפר את הכושר הגופני תוך מיקוד קבוצות שרירים ספציפיות. הוא משפר את החוזק, הגמישות והסיבולת הכללית."
,,,,medium,חתירה ידיות ישיבה על ספה,"The exercise 'חתירה ידיות ישיבה על ספה' is designed to enhance physical fitness by targeting specific muscle groups. It improves strength, flexibility, and overall endurance.","התרגיל 'nan' נועד לשפר את הכושר הגופני תוך מיקוד קבוצות שרירים ספציפיות. הוא משפר את החוזק, הגמישות והסיבולת הכללית."
כפיפות כתפיים בפולי תחתון,https://www.youtube.com/watch?v=90F1bquscN0,,,low,כפיפות כתפיים בפולי תחתון,"The exercise 'כפיפות כתפיים בפולי תחתון' is designed to enhance physical fitness by targeting specific muscle groups. It improves strength, flexibility, and overall endurance.","התרגיל 'כפיפות כתפיים בפולי תחתון' נועד לשפר את הכושר הגופני תוך מיקוד קבוצות שרירים ספציפיות. הוא משפר את החוזק, הגמישות והסיבולת הכללית."
,https://www.youtube.com/watch?v=iA-rGfHFthM,,,low,כפיפת מרפקים בפולי תחתון,"The exercise 'כפיפת מרפקים בפולי תחתון' is designed to enhance physical fitness by targeting specific muscle groups. It improves strength, flexibility, and overall endurance.","התרגיל 'nan' נועד לשפר את הכושר הגופני תוך מיקוד קבוצות שרירים ספציפיות. הוא משפר את החוזק, הגמישות והסיבולת הכללית."
,https://www.youtube.com/watch?v=9noSaLAHx_A,WEIGHT,seating,low,פשיטת ברכיים בפולי תחתון רצועות,"The exercise 'פשיטת ברכיים בפולי תחתון רצועות' is designed to enhance physical fitness by targeting specific muscle groups. It improves strength, flexibility, and overall endurance.","התרגיל 'nan' נועד לשפר את הכושר הגופני תוך מיקוד קבוצות שרירים ספציפיות. הוא משפר את החוזק, הגמישות והסיבולת הכללית."
,https://www.youtube.com/watch?v=0pdJGjHWlyo,WEIGHT,standing,medium,כפיפת מרפקים בקרוסאובר גב למכונה,"The exercise 'כפיפת מרפקים בקרוסאובר גב למכונה' is designed to enhance physical fitness by targeting specific muscle groups. It improves strength, flexibility, and overall endurance.","התרגיל 'nan' נועד לשפר את הכושר הגופני תוך מיקוד קבוצות שרירים ספציפיות. הוא משפר את החוזק, הגמישות והסיבולת הכללית."
,https://www.youtube.com/watch?v=xyhEUGy5jpg,,,medium,כפיפות בטן כדורBOSU בשכיבה,"The exercise 'כפיפות בטן כדורBOSU בשכיבה' is designed to enhance physical fitness by targeting specific muscle groups. It improves strength, flexibility, and overall endurance.","התרגיל 'nan' נועד לשפר את הכושר הגופני תוך מיקוד קבוצות שרירים ספציפיות. הוא משפר את החוזק, הגמישות והסיבולת הכללית."
,,,,medium,פשיטת-מרפקים רצועות בישיבה גב למכונה,"The exercise 'פשיטת-מרפקים רצועות בישיבה גב למכונה' is designed to enhance physical fitness by targeting specific muscle groups. It improves strength, flexibility, and overall endurance.","התרגיל 'nan' נועד לשפר את הכושר הגופני תוך מיקוד קבוצות שרירים ספציפיות. הוא משפר את החוזק, הגמישות והסיבולת הכללית."
,,,,low,לחיצת רגליים סומו במכונה יעודית,"The exercise 'לחיצת רגליים סומו במכונה יעודית' is designed to enhance physical fitness by targeting specific muscle groups. It improves strength, flexibility, and overall endurance.","התרגיל 'nan' נועד לשפר את הכושר הגופני תוך מיקוד קבוצות שרירים ספציפיות. הוא משפר את החוזק, הגמישות והסיבולת הכללית."
,,,,hard,פיסטול סקוואט,"The exercise 'פיסטול סקוואט' is designed to enhance physical fitness by targeting specific muscle groups. It improves strength, flexibility, and overall endurance.","התרגיל 'nan' נועד לשפר את הכושר הגופני תוך מיקוד קבוצות שרירים ספציפיות. הוא משפר את החוזק, הגמישות והסיבולת הכללית."
,,,,medium,פשיטת-מרפקים בפולי עליון ידיות איבר-בודד בהצלבה,"The exercise 'פשיטת-מרפקים בפולי עליון ידיות איבר-בודד בהצלבה' is designed to enhance physical fitness by targeting specific muscle groups. It improves strength, flexibility, and overall endurance.","התרגיל 'nan' נועד לשפר את הכושר הגופני תוך מיקוד קבוצות שרירים ספציפיות. הוא משפר את החוזק, הגמישות והסיבולת הכללית."
,,WEIGHT,seating,medium,משיכה ביורק-פולי אחיזה צרה,"The exercise 'משיכה ביורק-פולי אחיזה צרה' is designed to enhance physical fitness by targeting specific muscle groups. It improves strength, flexibility, and overall endurance.","התרגיל 'nan' נועד לשפר את הכושר הגופני תוך מיקוד קבוצות שרירים ספציפיות. הוא משפר את החוזק, הגמישות והסיבולת הכללית."
משיכה בפולי באחיזת סופינציה,https://www.youtube.com/watch?v=oTltcJX5um0,,,low,משיכה בפולי באחיזת סופינציה,"The exercise 'משיכה בפולי באחיזת סופינציה' is designed to enhance physical fitness by targeting specific muscle groups. It improves strength, flexibility, and overall endurance.","התרגיל 'משיכה בפולי באחיזת סופינציה' נועד לשפר את הכושר הגופני תוך מיקוד קבוצות שרירים ספציפיות. הוא משפר את החוזק, הגמישות והסיבולת הכללית."
פשיטת ברכיים בפולי תחתון רצועות,https://www.youtube.com/watch?v=9noSaLAHx_A,,,low,פשיטת ברכיים בפולי תחתון רצועות,"The exercise 'פשיטת ברכיים בפולי תחתון רצועות' is designed to enhance physical fitness by targeting specific muscle groups. It improves strength, flexibility, and overall endurance.","התרגיל 'פשיטת ברכיים בפולי תחתון רצועות' נועד לשפר את הכושר הגופני תוך מיקוד קבוצות שרירים ספציפיות. הוא משפר את החוזק, הגמישות והסיבולת הכללית."
,https://www.youtube.com/watch?v=5Pp6SAbOU7g,WEIGHT,standing,medium,Single-Leg Cable Leg Curl,"The exercise 'Single-Leg Cable Leg Curl' is designed to enhance physical fitness by targeting specific muscle groups. It improves strength, flexibility, and overall endurance.","התרגיל 'nan' נועד לשפר את הכושר הגופני תוך מיקוד קבוצות שרירים ספציפיות. הוא משפר את החוזק, הגמישות והסיבולת הכללית."
,https://www.youtube.com/watch?v=tixeeTtSmH8,,,hard,דדליפט בסמיט,"The exercise 'דדליפט בסמיט' is designed to enhance physical fitness by targeting specific muscle groups. It improves strength, flexibility, and overall endurance.","התרגיל 'nan' נועד לשפר את הכושר הגופני תוך מיקוד קבוצות שרירים ספציפיות. הוא משפר את החוזק, הגמישות והסיבולת הכללית."
,https://www.youtube.com/watch?v=E9j-rMZRHzI,,,low,פשיטת-מרפקים בקרוסאובר,"The exercise 'פשיטת-מרפקים בקרוסאובר' is designed to enhance physical fitness by targeting specific muscle groups. It improves strength, flexibility, and overall endurance.","התרגיל 'nan' נועד לשפר את הכושר הגופני תוך מיקוד קבוצות שרירים ספציפיות. הוא משפר את החוזק, הגמישות והסיבולת הכללית."
,https://www.youtube.com/watch?v=0_gLy3-E1Hc,,,medium,היפ-טרסט ביסטנס,"The exercise 'היפ-טרסט ביסטנס' is designed to enhance physical fitness by targeting specific muscle groups. It improves strength, flexibility, and overall endurance.","התרגיל 'nan' נועד לשפר את הכושר הגופני תוך מיקוד קבוצות שרירים ספציפיות. הוא משפר את החוזק, הגמישות והסיבולת הכללית."
,https://www.youtube.com/watch?v=U8z-7rjoxmI,,,hard,סקוואט-האק,"The exercise 'סקוואט-האק' is designed to enhance physical fitness by targeting specific muscle groups. It improves strength, flexibility, and overall endurance.","התרגיל 'nan' נועד לשפר את הכושר הגופני תוך מיקוד קבוצות שרירים ספציפיות. הוא משפר את החוזק, הגמישות והסיבולת הכללית."
,,,,medium,עליית מתח גרביטון,"The exercise 'עליית מתח גרביטון' is designed to enhance physical fitness by targeting specific muscle groups. It improves strength, flexibility, and overall endurance.","התרגיל 'nan' נועד לשפר את הכושר הגופני תוך מיקוד קבוצות שרירים ספציפיות. הוא משפר את החוזק, הגמישות והסיבולת הכללית."
,,,,low,מדרגות,"The exercise 'מדרגות' is designed to enhance physical fitness by targeting specific muscle groups. It improves strength, flexibility, and overall endurance.","התרגיל 'nan' נועד לשפר את הכושר הגופני תוך מיקוד קבוצות שרירים ספציפיות. הוא משפר את החוזק, הגמישות והסיבולת הכללית."
,https://www.youtube.com/watch?v=D959mFUMDh4,,,hard,סטיף דדליפט,"The exercise 'סטיף דדליפט' is designed to enhance physical fitness by targeting specific muscle groups. It improves strength, flexibility, and overall endurance.","התרגיל 'nan' נועד לשפר את הכושר הגופני תוך מיקוד קבוצות שרירים ספציפיות. הוא משפר את החוזק, הגמישות והסיבולת הכללית."
חתירה בסמיט בעמידה,https://www.youtube.com/watch?v=-_L84pwlVzE,,,medium,חתירה בסמיט בעמידה,"The exercise 'חתירה בסמיט בעמידה' is designed to enhance physical fitness by targeting specific muscle groups. It improves strength, flexibility, and overall endurance.","התרגיל 'חתירה בסמיט בעמידה' נועד לשפר את הכושר הגופני תוך מיקוד קבוצות שרירים ספציפיות. הוא משפר את החוזק, הגמישות והסיבולת הכללית."
,https://www.youtube.com/watch?v=-_L84pwlVzE,,,medium,חתירה בסמיט בעמידה,"The exercise 'חתירה בסמיט בעמידה' is designed to enhance physical fitness by targeting specific muscle groups. It improves strength, flexibility, and overall endurance.","התרגיל 'nan' נועד לשפר את הכושר הגופני תוך מיקוד קבוצות שרירים ספציפיות. הוא משפר את החוזק, הגמישות והסיבולת הכללית."
כפיפת ברכיים במכונה יעודית רצועות בשכיבה,,,,low,כפיפת ברכיים במכונה יעודית רצועות בשכיבה,"The exercise 'כפיפת ברכיים במכונה יעודית רצועות בשכיבה' is designed to enhance physical fitness by targeting specific muscle groups. It improves strength, flexibility, and overall endurance.","התרגיל 'כפיפת ברכיים במכונה יעודית רצועות בשכיבה' נועד לשפר את הכושר הגופני תוך מיקוד קבוצות שרירים ספציפיות. הוא משפר את החוזק, הגמישות והסיבולת הכללית."
,,,,medium,כפיפות ברכיים במכונה יעודית חד״כ,"The exercise 'כפיפות ברכיים במכונה יעודית חד״כ' is designed to enhance physical fitness by targeting specific muscle groups. It improves strength, flexibility, and overall endurance.","התרגיל 'nan' נועד לשפר את הכושר הגופני תוך מיקוד קבוצות שרירים ספציפיות. הוא משפר את החוזק, הגמישות והסיבולת הכללית."
,https://www.youtube.com/watch?v=RR2s3pn55x8,,,medium,לחיצת חזה משקולות יד,"The exercise 'לחיצת חזה משקולות יד' is designed to enhance physical fitness by targeting specific muscle groups. It improves strength, flexibility, and overall endurance.","התרגיל 'nan' נועד לשפר את הכושר הגופני תוך מיקוד קבוצות שרירים ספציפיות. הוא משפר את החוזק, הגמישות והסיבולת הכללית."
,https://www.youtube.com/watch?v=FcihozLiBpo,,,medium,הרחקת ירך בפולי תחתון רצועות איבר-בודד,"The exercise 'הרחקת ירך בפולי תחתון רצועות איבר-בודד' is designed to enhance physical fitness by targeting specific muscle groups. It improves strength, flexibility, and overall endurance.","התרגיל 'nan' נועד לשפר את הכושר הגופני תוך מיקוד קבוצות שרירים ספציפיות. הוא משפר את החוזק, הגמישות והסיבולת הכללית."
,https://www.youtube.com/watch?v=28HYmXHs0hg,,,low,כפיפת מרפקים משקולות יד בשיפוע חיובי אחיזת פטישים,"The exercise 'כפיפת מרפקים משקולות יד בשיפוע חיובי אחיזת פטישים' is designed to enhance physical fitness by targeting specific muscle groups. It improves strength, flexibility, and overall endurance.","התרגיל 'nan' נועד לשפר את הכושר הגופני תוך מיקוד קבוצות שרירים ספציפיות. הוא משפר את החוזק, הגמישות והסיבולת הכללית."
,https://www.youtube.com/watch?v=ySAhocCjHb0,,,low,כפיפת מרפקים משקולות יד איבר-בודד תמיכת ספה,"The exercise 'כפיפת מרפקים משקולות יד איבר-בודד תמיכת ספה' is designed to enhance physical fitness by targeting specific muscle groups. It improves strength, flexibility, and overall endurance.","התרגיל 'nan' נועד לשפר את הכושר הגופני תוך מיקוד קבוצות שרירים ספציפיות. הוא משפר את החוזק, הגמישות והסיבולת הכללית."
,https://www.youtube.com/watch?v=6ewEg8oR7qs,,,medium,סופרמן כתף קדמית בהתנגדות,"The exercise 'סופרמן כתף קדמית בהתנגדות' is designed to enhance physical fitness by targeting specific muscle groups. It improves strength, flexibility, and overall endurance.","התרגיל 'nan' נועד לשפר את הכושר הגופני תוך מיקוד קבוצות שרירים ספציפיות. הוא משפר את החוזק, הגמישות והסיבולת הכללית."
,https://www.youtube.com/watch?v=mEOAoRkNOoA,WEIGHT,standing,medium,מכרעים-בהליכה,"The exercise 'מכרעים-בהליכה' is designed to enhance physical fitness by targeting specific muscle groups. It improves strength, flexibility, and overall endurance.","התרגיל 'nan' נועד לשפר את הכושר הגופני תוך מיקוד קבוצות שרירים ספציפיות. הוא משפר את החוזק, הגמישות והסיבולת הכללית."
,,WEIGHT,standing,medium,סקול-קראשר ביורק-פולי תחתון,"The exercise 'סקול-קראשר ביורק-פולי תחתון' is designed to enhance physical fitness by targeting specific muscle groups. It improves strength, flexibility, and overall endurance.","התרגיל 'nan' נועד לשפר את הכושר הגופני תוך מיקוד קבוצות שרירים ספציפיות. הוא משפר את החוזק, הגמישות והסיבולת הכללית."
,https://www.youtube.com/watch?v=A58BHqktRpQ,WEIGHT,standing,low,הרחקת כתפיים משקולות יד,"The exercise 'הרחקת כתפיים משקולות יד' is designed to enhance physical fitness by targeting specific muscle groups. It improves strength, flexibility, and overall endurance.","התרגיל 'nan' נועד לשפר את הכושר הגופני תוך מיקוד קבוצות שרירים ספציפיות. הוא משפר את החוזק, הגמישות והסיבולת הכללית."
,https://www.youtube.com/watch?v=DaUdcT3S2Pg,WEIGHT,,medium,חתירה-רחבה משקולות יד,"The exercise 'חתירה-רחבה משקולות יד' is designed to enhance physical fitness by targeting specific muscle groups. It improves strength, flexibility, and overall endurance.","התרגיל 'nan' נועד לשפר את הכושר הגופני תוך מיקוד קבוצות שרירים ספציפיות. הוא משפר את החוזק, הגמישות והסיבולת הכללית."
פשיטת-מרפקים בפולי מאחורי הראש איבר-בודד,,,standing,low,פשיטת-מרפקים בפולי מאחורי הראש איבר-בודד,"The exercise 'פשיטת-מרפקים בפולי מאחורי הראש איבר-בודד' is designed to enhance physical fitness by targeting specific muscle groups. It improves strength, flexibility, and overall endurance.","התרגיל 'פשיטת-מרפקים בפולי מאחורי הראש איבר-בודד' נועד לשפר את הכושר הגופני תוך מיקוד קבוצות שרירים ספציפיות. הוא משפר את החוזק, הגמישות והסיבולת הכללית."
לחיצת תאומים משקולות יד איבר-בודד,,,standing,medium,לחיצת תאומים משקולות יד איבר-בודד,"The exercise 'לחיצת תאומים משקולות יד איבר-בודד' is designed to enhance physical fitness by targeting specific muscle groups. It improves strength, flexibility, and overall endurance.","התרגיל 'לחיצת תאומים משקולות יד איבר-בודד' נועד לשפר את הכושר הגופני תוך מיקוד קבוצות שרירים ספציפיות. הוא משפר את החוזק, הגמישות והסיבולת הכללית."
לחיצה-פרפר משקולות יד,,,supine,medium,לחיצה-פרפר משקולות יד,"The exercise 'לחיצה-פרפר משקולות יד' is designed to enhance physical fitness by targeting specific muscle groups. It improves strength, flexibility, and overall endurance.","התרגיל 'לחיצה-פרפר משקולות יד' נועד לשפר את הכושר הגופני תוך מיקוד קבוצות שרירים ספציפיות. הוא משפר את החוזק, הגמישות והסיבולת הכללית."
,https://www.youtube.com/watch?v=1R74IsyQX1I,WEIGHT,standing,hard,מקבילים,"The exercise 'מקבילים' is designed to enhance physical fitness by targeting specific muscle groups. It improves strength, flexibility, and overall endurance.","התרגיל 'nan' נועד לשפר את הכושר הגופני תוך מיקוד קבוצות שרירים ספציפיות. הוא משפר את החוזק, הגמישות והסיבולת הכללית."
,https://www.youtube.com/watch?v=O_IU16nj4zQ,WEIGHT,supine,low,כפיפת ברכיים משקולות יד בשכיבה,"The exercise 'כפיפת ברכיים משקולות יד בשכיבה' is designed to enhance physical fitness by targeting specific muscle groups. It improves strength, flexibility, and overall endurance.","התרגיל 'nan' נועד לשפר את הכושר הגופני תוך מיקוד קבוצות שרירים ספציפיות. הוא משפר את החוזק, הגמישות והסיבולת הכללית."
עליית מתח בגרביטון,,,standing,medium,עליית מתח בגרביטון,"The exercise 'עליית מתח בגרביטון' is designed to enhance physical fitness by targeting specific muscle groups. It improves strength, flexibility, and overall endurance.","התרגיל 'עליית מתח בגרביטון' נועד לשפר את הכושר הגופני תוך מיקוד קבוצות שרירים ספציפיות. הוא משפר את החוזק, הגמישות והסיבולת הכללית."
פרוג-פאמפ בסמית,,,supine,medium,פרוג-פאמפ בסמית,"The exercise 'פרוג-פאמפ בסמית' is designed to enhance physical fitness by targeting specific muscle groups. It improves strength, flexibility, and overall endurance.","התרגיל 'פרוג-פאמפ בסמית' נועד לשפר את הכושר הגופני תוך מיקוד קבוצות שרירים ספציפיות. הוא משפר את החוזק, הגמישות והסיבולת הכללית."
,https://www.youtube.com/watch?v=JogdYOuT6qQ,WEIGHT,standing,medium,Single-Leg Cable Hip Extension,"The exercise 'Single-Leg Cable Hip Extension' is designed to enhance physical fitness by targeting specific muscle groups. It improves strength, flexibility, and overall endurance.","התרגיל 'nan' נועד לשפר את הכושר הגופני תוך מיקוד קבוצות שרירים ספציפיות. הוא משפר את החוזק, הגמישות והסיבולת הכללית."
,https://www.youtube.com/watch?v=zH9dYvP-DJM,WEIGHT,supine,low,Lying Hip Extension on Mat,"The exercise 'Lying Hip Extension on Mat' is designed to enhance physical fitness by targeting specific muscle groups. It improves strength, flexibility, and overall endurance.","התרגיל 'nan' נועד לשפר את הכושר הגופני תוך מיקוד קבוצות שרירים ספציפיות. הוא משפר את החוזק, הגמישות והסיבולת הכללית."
,https://www.youtube.com/watch?v=N8vnVCUKcQ8,WEIGHT,standing,medium,כפיפת מרפקים בפולי תחתון חבל,"The exercise 'כפיפת מרפקים בפולי תחתון חבל' is designed to enhance physical fitness by targeting specific muscle groups. It improves strength, flexibility, and overall endurance.","התרגיל 'nan' נועד לשפר את הכושר הגופני תוך מיקוד קבוצות שרירים ספציפיות. הוא משפר את החוזק, הגמישות והסיבולת הכללית."
,https://www.youtube.com/watch?v=KJ-qLqC5yUg,TIME,,medium,בטן-סטטי בשיפוע שלילי,"The exercise 'בטן-סטטי בשיפוע שלילי' is designed to enhance physical fitness by targeting specific muscle groups. It improves strength, flexibility, and overall endurance.","התרגיל 'nan' נועד לשפר את הכושר הגופני תוך מיקוד קבוצות שרירים ספציפיות. הוא משפר את החוזק, הגמישות והסיבולת הכללית."
,https://www.youtube.com/watch?v=nlTSYvzmBA8,WEIGHT,supine,medium,כפיפות-ספיידר משקולות יד בשכיבה בשיפוע חיובי,"The exercise 'כפיפות-ספיידר משקולות יד בשכיבה בשיפוע חיובי' is designed to enhance physical fitness by targeting specific muscle groups. It improves strength, flexibility, and overall endurance.","התרגיל 'nan' נועד לשפר את הכושר הגופני תוך מיקוד קבוצות שרירים ספציפיות. הוא משפר את החוזק, הגמישות והסיבולת הכללית."
,,WEIGHT,supine,low,כפיפת בטן ביורק-פולי תחתון,"The exercise 'כפיפת בטן ביורק-פולי תחתון' is designed to enhance physical fitness by targeting specific muscle groups. It improves strength, flexibility, and overall endurance.","התרגיל 'nan' נועד לשפר את הכושר הגופני תוך מיקוד קבוצות שרירים ספציפיות. הוא משפר את החוזק, הגמישות והסיבולת הכללית."
,,WEIGHT,seating,medium,משיכה ביורק-פולי אחיזה רחבה,"The exercise 'משיכה ביורק-פולי אחיזה רחבה' is designed to enhance physical fitness by targeting specific muscle groups. It improves strength, flexibility, and overall endurance.","התרגיל 'nan' נועד לשפר את הכושר הגופני תוך מיקוד קבוצות שרירים ספציפיות. הוא משפר את החוזק, הגמישות והסיבולת הכללית."
,https://www.youtube.com/watch?v=N7lD1M293CY,WEIGHT,seating,medium,היפ-טרסט בסמיט,"The exercise 'היפ-טרסט בסמיט' is designed to enhance physical fitness by targeting specific muscle groups. It improves strength, flexibility, and overall endurance.","התרגיל 'nan' נועד לשפר את הכושר הגופני תוך מיקוד קבוצות שרירים ספציפיות. הוא משפר את החוזק, הגמישות והסיבולת הכללית."
,https://www.youtube.com/watch?v=-_rzCXbXyaI,WEIGHT,supine,medium,לחיצת חזה בסמיט בשיפוע חיובי,"The exercise 'לחיצת חזה בסמיט בשיפוע חיובי' is designed to enhance physical fitness by targeting specific muscle groups. It improves strength, flexibility, and overall endurance.","התרגיל 'nan' נועד לשפר את הכושר הגופני תוך מיקוד קבוצות שרירים ספציפיות. הוא משפר את החוזק, הגמישות והסיבולת הכללית."
,https://www.youtube.com/watch?v=IAyGlsiGwm4,WEIGHT,standing,medium,מכרע בסמיט מדרגה,"The exercise 'מכרע בסמיט מדרגה' is designed to enhance physical fitness by targeting specific muscle groups. It improves strength, flexibility, and overall endurance.","התרגיל 'nan' נועד לשפר את הכושר הגופני תוך מיקוד קבוצות שרירים ספציפיות. הוא משפר את החוזק, הגמישות והסיבולת הכללית."
,https://www.youtube.com/watch?v=ZyHnU9EiW2w,WEIGHT,standing,hard,דדליפט TrapBar,"The exercise 'דדליפט TrapBar' is designed to enhance physical fitness by targeting specific muscle groups. It improves strength, flexibility, and overall endurance.","התרגיל 'nan' נועד לשפר את הכושר הגופני תוך מיקוד קבוצות שרירים ספציפיות. הוא משפר את החוזק, הגמישות והסיבולת הכללית."
,https://www.youtube.com/watch?v=3NZmX8YvE-c,WEIGHT,standing,medium,הרמת שכמות משקולות יד,"The exercise 'הרמת שכמות משקולות יד' is designed to enhance physical fitness by targeting specific muscle groups. It improves strength, flexibility, and overall endurance.","התרגיל 'nan' נועד לשפר את הכושר הגופני תוך מיקוד קבוצות שרירים ספציפיות. הוא משפר את החוזק, הגמישות והסיבולת הכללית."
,https://www.youtube.com/watch?v=tqBOHd479Vw,WEIGHT,standing,medium,כפיפת מרפקים משקולות יד אחיזת פטישים,"The exercise 'כפיפת מרפקים משקולות יד אחיזת פטישים' is designed to enhance physical fitness by targeting specific muscle groups. It improves strength, flexibility, and overall endurance.","התרגיל 'nan' נועד לשפר את הכושר הגופני תוך מיקוד קבוצות שרירים ספציפיות. הוא משפר את החוזק, הגמישות והסיבולת הכללית."
,https://www.youtube.com/watch?v=IdMpxvxqS8Q,WEIGHT,seating,low,לחיצת רגליים במכונה יעודית,"The exercise 'לחיצת רגליים במכונה יעודית' is designed to enhance physical fitness by targeting specific muscle groups. It improves strength, flexibility, and overall endurance.","התרגיל 'nan' נועד לשפר את הכושר הגופני תוך מיקוד קבוצות שרירים ספציפיות. הוא משפר את החוזק, הגמישות והסיבולת הכללית."
,https://www.youtube.com/watch?v=3u7wJSVFSJE,WEIGHT,seating,low,כפיפת ברכיים במכונה יעודית,"The exercise 'כפיפת ברכיים במכונה יעודית' is designed to enhance physical fitness by targeting specific muscle groups. It improves strength, flexibility, and overall endurance.","התרגיל 'nan' נועד לשפר את הכושר הגופני תוך מיקוד קבוצות שרירים ספציפיות. הוא משפר את החוזק, הגמישות והסיבולת הכללית."
,https://www.youtube.com/watch?v=Zb_IhKAikoQ,WEIGHT,standing,low,כפיפת כתפיים משקולות יד איבר-בודד,"The exercise 'כפיפת כתפיים משקולות יד איבר-בודד' is designed to enhance physical fitness by targeting specific muscle groups. It improves strength, flexibility, and overall endurance.","התרגיל 'nan' נועד לשפר את הכושר הגופני תוך מיקוד קבוצות שרירים ספציפיות. הוא משפר את החוזק, הגמישות והסיבולת הכללית."
,,WEIGHT,seating,medium,לחיצת חזה בפולי אמצע כבלים,"The exercise 'לחיצת חזה בפולי אמצע כבלים' is designed to enhance physical fitness by targeting specific muscle groups. It improves strength, flexibility, and overall endurance.","התרגיל 'nan' נועד לשפר את הכושר הגופני תוך מיקוד קבוצות שרירים ספציפיות. הוא משפר את החוזק, הגמישות והסיבולת הכללית."
,,WEIGHT,supine,medium,סקול-קראשר ביורק-פולי חבל בשיפוע חיובי,"The exercise 'סקול-קראשר ביורק-פולי חבל בשיפוע חיובי' is designed to enhance physical fitness by targeting specific muscle groups. It improves strength, flexibility, and overall endurance.","התרגיל 'nan' נועד לשפר את הכושר הגופני תוך מיקוד קבוצות שרירים ספציפיות. הוא משפר את החוזק, הגמישות והסיבולת הכללית."
,https://www.youtube.com/watch?v=8gVT-Hge48M,WEIGHT,seating,medium,לחיצת חזה בקרוסאובר כבלים,"The exercise 'לחיצת חזה בקרוסאובר כבלים' is designed to enhance physical fitness by targeting specific muscle groups. It improves strength, flexibility, and overall endurance.","התרגיל 'nan' נועד לשפר את הכושר הגופני תוך מיקוד קבוצות שרירים ספציפיות. הוא משפר את החוזק, הגמישות והסיבולת הכללית."
,,WEIGHT,,medium,פרפר כבלים איבר-בודד,"The exercise 'פרפר כבלים איבר-בודד' is designed to enhance physical fitness by targeting specific muscle groups. It improves strength, flexibility, and overall endurance.","התרגיל 'nan' נועד לשפר את הכושר הגופני תוך מיקוד קבוצות שרירים ספציפיות. הוא משפר את החוזק, הגמישות והסיבולת הכללית."
,https://www.youtube.com/watch?v=eXh1KMLeMqk,WEIGHT,supine,medium,Push-ups,"The exercise 'Push-ups' is designed to enhance physical fitness by targeting specific muscle groups. It improves strength, flexibility, and overall endurance.","התרגיל 'nan' נועד לשפר את הכושר הגופני תוך מיקוד קבוצות שרירים ספציפיות. הוא משפר את החוזק, הגמישות והסיבולת הכללית."
,https://www.youtube.com/watch?v=5Pp6SAbOU7g,WEIGHT,standing,medium,כפיפת ברכיים בפולי תחתון רצועות איבר-בודד,"The exercise 'כפיפת ברכיים בפולי תחתון רצועות איבר-בודד' is designed to enhance physical fitness by targeting specific muscle groups. It improves strength, flexibility, and overall endurance.","התרגיל 'nan' נועד לשפר את הכושר הגופני תוך מיקוד קבוצות שרירים ספציפיות. הוא משפר את החוזק, הגמישות והסיבולת הכללית."
,https://www.youtube.com/watch?v=JUW5-Xne-Js,WEIGHT,supine,medium,לחיצת חזה בפולי כבלים בשיפוע חיובי,"The exercise 'לחיצת חזה בפולי כבלים בשיפוע חיובי' is designed to enhance physical fitness by targeting specific muscle groups. It improves strength, flexibility, and overall endurance.","התרגיל 'nan' נועד לשפר את הכושר הגופני תוך מיקוד קבוצות שרירים ספציפיות. הוא משפר את החוזק, הגמישות והסיבולת הכללית."
פשיטת-מרפקים בפולי עליון מוט גב למכונה,,,standing,low,פשיטת-מרפקים בפולי עליון מוט גב למכונה,"The exercise 'פשיטת-מרפקים בפולי עליון מוט גב למכונה' is designed to enhance physical fitness by targeting specific muscle groups. It improves strength, flexibility, and overall endurance.","התרגיל 'פשיטת-מרפקים בפולי עליון מוט גב למכונה' נועד לשפר את הכושר הגופני תוך מיקוד קבוצות שרירים ספציפיות. הוא משפר את החוזק, הגמישות והסיבולת הכללית."
כפיפת מרפקים בפולי ידית גב למכונה,,,standing,medium,כפיפת מרפקים בפולי ידית גב למכונה,"The exercise 'כפיפת מרפקים בפולי ידית גב למכונה' is designed to enhance physical fitness by targeting specific muscle groups. It improves strength, flexibility, and overall endurance.","התרגיל 'כפיפת מרפקים בפולי ידית גב למכונה' נועד לשפר את הכושר הגופני תוך מיקוד קבוצות שרירים ספציפיות. הוא משפר את החוזק, הגמישות והסיבולת הכללית."
,https://www.youtube.com/watch?v=hsLaz_KoIZQ,WEIGHT,,medium,קיקבאק-לאחור בפולי תחתון,"The exercise 'קיקבאק-לאחור בפולי תחתון' is designed to enhance physical fitness by targeting specific muscle groups. It improves strength, flexibility, and overall endurance.","התרגיל 'nan' נועד לשפר את הכושר הגופני תוך מיקוד קבוצות שרירים ספציפיות. הוא משפר את החוזק, הגמישות והסיבולת הכללית."
,https://www.youtube.com/watch?v=FIuuz99a5sQ,WEIGHT,standing,low,כפיפת מרפקים משקולות יד תמיכת גב,"The exercise 'כפיפת מרפקים משקולות יד תמיכת גב' is designed to enhance physical fitness by targeting specific muscle groups. It improves strength, flexibility, and overall endurance.","התרגיל 'nan' נועד לשפר את הכושר הגופני תוך מיקוד קבוצות שרירים ספציפיות. הוא משפר את החוזק, הגמישות והסיבולת הכללית."
,https://www.youtube.com/watch?v=GyPENveX47c,WEIGHT,standing,medium,פרפר בפולי תחתון כבלים,"The exercise 'פרפר בפולי תחתון כבלים' is designed to enhance physical fitness by targeting specific muscle groups. It improves strength, flexibility, and overall endurance.","התרגיל 'nan' נועד לשפר את הכושר הגופני תוך מיקוד קבוצות שרירים ספציפיות. הוא משפר את החוזק, הגמישות והסיבולת הכללית."
,https://www.youtube.com/watch?v=sdrnhaoVLD0,WEIGHT,standing,medium,פשיטת-מרפקים משקולות יד איבר-בודד,"The exercise 'פשיטת-מרפקים משקולות יד איבר-בודד' is designed to enhance physical fitness by targeting specific muscle groups. It improves strength, flexibility, and overall endurance.","התרגיל 'nan' נועד לשפר את הכושר הגופני תוך מיקוד קבוצות שרירים ספציפיות. הוא משפר את החוזק, הגמישות והסיבולת הכללית."
,https://www.youtube.com/watch?v=j9LF-1-0qB0,WEIGHT,seating,medium,כפיפת מרפקים בתמיכת ירך משקולות יד אחיזת פטישים,"The exercise 'כפיפת מרפקים בתמיכת ירך משקולות יד אחיזת פטישים' is designed to enhance physical fitness by targeting specific muscle groups. It improves strength, flexibility, and overall endurance.","התרגיל 'nan' נועד לשפר את הכושר הגופני תוך מיקוד קבוצות שרירים ספציפיות. הוא משפר את החוזק, הגמישות והסיבולת הכללית."
,https://www.youtube.com/watch?v=fcTDEtv_pzw,WEIGHT,seating,hard,כפיפה נורדית,"The exercise 'כפיפה נורדית' is designed to enhance physical fitness by targeting specific muscle groups. It improves strength, flexibility, and overall endurance.","התרגיל 'nan' נועד לשפר את הכושר הגופני תוך מיקוד קבוצות שרירים ספציפיות. הוא משפר את החוזק, הגמישות והסיבולת הכללית."
,https://www.youtube.com/watch?v=0Pvzn-elrV4,WEIGHT,supine,medium,הרחקת ירך בפולי תחתון רצועות בשכיבה איבר-בודד,"The exercise 'הרחקת ירך בפולי תחתון רצועות בשכיבה איבר-בודד' is designed to enhance physical fitness by targeting specific muscle groups. It improves strength, flexibility, and overall endurance.","התרגיל 'nan' נועד לשפר את הכושר הגופני תוך מיקוד קבוצות שרירים ספציפיות. הוא משפר את החוזק, הגמישות והסיבולת הכללית."
,https://www.youtube.com/watch?v=Rh6iqqXac8U,WEIGHT,supine,medium,פרפר כבלים בשיפוע חיובי,"The exercise 'פרפר כבלים בשיפוע חיובי' is designed to enhance physical fitness by targeting specific muscle groups. It improves strength, flexibility, and overall endurance.","התרגיל 'nan' נועד לשפר את הכושר הגופני תוך מיקוד קבוצות שרירים ספציפיות. הוא משפר את החוזק, הגמישות והסיבולת הכללית."
,https://www.youtube.com/watch?v=uoxHYR_dDb4,WEIGHT,seating,medium,לחיצת כתפיים בסמיט,"The exercise 'לחיצת כתפיים בסמיט' is designed to enhance physical fitness by targeting specific muscle groups. It improves strength, flexibility, and overall endurance.","התרגיל 'nan' נועד לשפר את הכושר הגופני תוך מיקוד קבוצות שרירים ספציפיות. הוא משפר את החוזק, הגמישות והסיבולת הכללית."
,,WEIGHT,seating,medium,משיכה ביורק-פולי באחיזת סופינציה,"The exercise 'משיכה ביורק-פולי באחיזת סופינציה' is designed to enhance physical fitness by targeting specific muscle groups. It improves strength, flexibility, and overall endurance.","התרגיל 'nan' נועד לשפר את הכושר הגופני תוך מיקוד קבוצות שרירים ספציפיות. הוא משפר את החוזק, הגמישות והסיבולת הכללית."
,https://www.youtube.com/watch?v=R6Z91EUqjrU,WEIGHT,standing,medium,מכרע מדרגה,"The exercise 'מכרע מדרגה' is designed to enhance physical fitness by targeting specific muscle groups. It improves strength, flexibility, and overall endurance.","התרגיל 'nan' נועד לשפר את הכושר הגופני תוך מיקוד קבוצות שרירים ספציפיות. הוא משפר את החוזק, הגמישות והסיבולת הכללית."
,https://www.youtube.com/watch?v=LpNzlEpaH9c,WEIGHT,supine,medium,פרפר משקולות יד בשכיבה,"The exercise 'פרפר משקולות יד בשכיבה' is designed to enhance physical fitness by targeting specific muscle groups. It improves strength, flexibility, and overall endurance.","התרגיל 'nan' נועד לשפר את הכושר הגופני תוך מיקוד קבוצות שרירים ספציפיות. הוא משפר את החוזק, הגמישות והסיבולת הכללית."
,https://www.youtube.com/watch?v=PfrASwbSAxQ,WEIGHT,seating,medium,חתירה מוט חופשי בישיבה באחיזת פרונציה לחזה,"The exercise 'חתירה מוט חופשי בישיבה באחיזת פרונציה לחזה' is designed to enhance physical fitness by targeting specific muscle groups. It improves strength, flexibility, and overall endurance.","התרגיל 'nan' נועד לשפר את הכושר הגופני תוך מיקוד קבוצות שרירים ספציפיות. הוא משפר את החוזק, הגמישות והסיבולת הכללית."
,https://www.youtube.com/watch?v=tx_2a62Dp-k,WEIGHT,standing,hard,גלגלת בטן רגליים ישרות,"The exercise 'גלגלת בטן רגליים ישרות' is designed to enhance physical fitness by targeting specific muscle groups. It improves strength, flexibility, and overall endurance.","התרגיל 'nan' נועד לשפר את הכושר הגופני תוך מיקוד קבוצות שרירים ספציפיות. הוא משפר את החוזק, הגמישות והסיבולת הכללית."
,https://www.youtube.com/watch?v=qTozYpFWVlw,WEIGHT,standing,medium,עליות-מדרגה איבר-בודד,"The exercise 'עליות-מדרגה איבר-בודד' is designed to enhance physical fitness by targeting specific muscle groups. It improves strength, flexibility, and overall endurance.","התרגיל 'nan' נועד לשפר את הכושר הגופני תוך מיקוד קבוצות שרירים ספציפיות. הוא משפר את החוזק, הגמישות והסיבולת הכללית."
,https://www.youtube.com/watch?v=oTltcJX5um0,WEIGHT,seating,low,משיכה בפולי באחיזת סופינציה,"The exercise 'משיכה בפולי באחיזת סופינציה' is designed to enhance physical fitness by targeting specific muscle groups. It improves strength, flexibility, and overall endurance.","התרגיל 'nan' נועד לשפר את הכושר הגופני תוך מיקוד קבוצות שרירים ספציפיות. הוא משפר את החוזק, הגמישות והסיבולת הכללית."
,https://www.youtube.com/watch?v=zH9dYvP-DJM,WEIGHT,supine,low,פשיטת ירך מזרן בשכיבה,"The exercise 'פשיטת ירך מזרן בשכיבה' is designed to enhance physical fitness by targeting specific muscle groups. It improves strength, flexibility, and overall endurance.","התרגיל 'nan' נועד לשפר את הכושר הגופני תוך מיקוד קבוצות שרירים ספציפיות. הוא משפר את החוזק, הגמישות והסיבולת הכללית."
כפיפת מרפקים בפולי אחיזת פטיש,,,standing,medium,כפיפת מרפקים בפולי אחיזת פטיש,"The exercise 'כפיפת מרפקים בפולי אחיזת פטיש' is designed to enhance physical fitness by targeting specific muscle groups. It improves strength, flexibility, and overall endurance.","התרגיל 'כפיפת מרפקים בפולי אחיזת פטיש' נועד לשפר את הכושר הגופני תוך מיקוד קבוצות שרירים ספציפיות. הוא משפר את החוזק, הגמישות והסיבולת הכללית."
פולאובר בפולי מוט בהטיית טורסו,,,standing,medium,פולאובר בפולי מוט בהטיית טורסו,"The exercise 'פולאובר בפולי מוט בהטיית טורסו' is designed to enhance physical fitness by targeting specific muscle groups. It improves strength, flexibility, and overall endurance.","התרגיל 'פולאובר בפולי מוט בהטיית טורסו' נועד לשפר את הכושר הגופני תוך מיקוד קבוצות שרירים ספציפיות. הוא משפר את החוזק, הגמישות והסיבולת הכללית."
כפיפת ברכיים במכונה יעודית איבר-בודד,,,seating,low,כפיפת ברכיים במכונה יעודית איבר-בודד,"The exercise 'כפיפת ברכיים במכונה יעודית איבר-בודד' is designed to enhance physical fitness by targeting specific muscle groups. It improves strength, flexibility, and overall endurance.","התרגיל 'כפיפת ברכיים במכונה יעודית איבר-בודד' נועד לשפר את הכושר הגופני תוך מיקוד קבוצות שרירים ספציפיות. הוא משפר את החוזק, הגמישות והסיבולת הכללית."
,https://www.youtube.com/watch?v=ZFrxYDulOZ8,WEIGHT,supine,medium,סקול-קראשר חזה משקולות יד בשיפוע חיובי,"The exercise 'סקול-קראשר חזה משקולות יד בשיפוע חיובי' is designed to enhance physical fitness by targeting specific muscle groups. It improves strength, flexibility, and overall endurance.","התרגיל 'nan' נועד לשפר את הכושר הגופני תוך מיקוד קבוצות שרירים ספציפיות. הוא משפר את החוזק, הגמישות והסיבולת הכללית."
,https://www.youtube.com/watch?v=UUciGHYZrPY,WEIGHT,standing,medium,כפיפת כתפיים משקולות יד,"The exercise 'כפיפת כתפיים משקולות יד' is designed to enhance physical fitness by targeting specific muscle groups. It improves strength, flexibility, and overall endurance.","התרגיל 'nan' נועד לשפר את הכושר הגופני תוך מיקוד קבוצות שרירים ספציפיות. הוא משפר את החוזק, הגמישות והסיבולת הכללית."
,https://www.youtube.com/watch?v=skf-_cqtqn0,WEIGHT,standing,medium,חתירה מוט חופשי בעמידה,"The exercise 'חתירה מוט חופשי בעמידה' is designed to enhance physical fitness by targeting specific muscle groups. It improves strength, flexibility, and overall endurance.","התרגיל 'nan' נועד לשפר את הכושר הגופני תוך מיקוד קבוצות שרירים ספציפיות. הוא משפר את החוזק, הגמישות והסיבולת הכללית."
,https://www.youtube.com/watch?v=5B3oW6mr95Q,WEIGHT,supine,medium,Lying Leg Raise,"The exercise 'Lying Leg Raise' is designed to enhance physical fitness by targeting specific muscle groups. It improves strength, flexibility, and overall endurance.","התרגיל 'nan' נועד לשפר את הכושר הגופני תוך מיקוד קבוצות שרירים ספציפיות. הוא משפר את החוזק, הגמישות והסיבולת הכללית."
,https://www.youtube.com/watch?v=K9IFlzdnhcY,WEIGHT,seating,medium,הרחקה אופקית משקולות יד,"The exercise 'הרחקה אופקית משקולות יד' is designed to enhance physical fitness by targeting specific muscle groups. It improves strength, flexibility, and overall endurance.","התרגיל 'nan' נועד לשפר את הכושר הגופני תוך מיקוד קבוצות שרירים ספציפיות. הוא משפר את החוזק, הגמישות והסיבולת הכללית."
,https://www.youtube.com/watch?v=jFoFWYRnS5M,WEIGHT,seating,medium,לחיצת-כתפיים משקולות יד,"The exercise 'לחיצת-כתפיים משקולות יד' is designed to enhance physical fitness by targeting specific muscle groups. It improves strength, flexibility, and overall endurance.","התרגיל 'nan' נועד לשפר את הכושר הגופני תוך מיקוד קבוצות שרירים ספציפיות. הוא משפר את החוזק, הגמישות והסיבולת הכללית."
,https://www.youtube.com/watch?v=pbsnx6oRrq4,WEIGHT,,medium,לחיצת חזה בפולי עליון כבלים,"The exercise 'לחיצת חזה בפולי עליון כבלים' is designed to enhance physical fitness by targeting specific muscle groups. It improves strength, flexibility, and overall endurance.","התרגיל 'nan' נועד לשפר את הכושר הגופני תוך מיקוד קבוצות שרירים ספציפיות. הוא משפר את החוזק, הגמישות והסיבולת הכללית."
,https://www.youtube.com/watch?v=yVwOE1t284s,WEIGHT,supine,medium,שכיבות-סמיכה אחיזה-צרה,"The exercise 'שכיבות-סמיכה אחיזה-צרה' is designed to enhance physical fitness by targeting specific muscle groups. It improves strength, flexibility, and overall endurance.","התרגיל 'nan' נועד לשפר את הכושר הגופני תוך מיקוד קבוצות שרירים ספציפיות. הוא משפר את החוזק, הגמישות והסיבולת הכללית."
,https://www.youtube.com/watch?v=IN5trd23wuE,TIME,,medium,בטן-סטטי צידי,"The exercise 'בטן-סטטי צידי' is designed to enhance physical fitness by targeting specific muscle groups. It improves strength, flexibility, and overall endurance.","התרגיל 'nan' נועד לשפר את הכושר הגופני תוך מיקוד קבוצות שרירים ספציפיות. הוא משפר את החוזק, הגמישות והסיבולת הכללית."
,https://www.youtube.com/watch?v=FGd5icsQBTs,WEIGHT,supine,medium,כפיפת מרפקים משקולות יד בשיפוע חיובי,"The exercise 'כפיפת מרפקים משקולות יד בשיפוע חיובי' is designed to enhance physical fitness by targeting specific muscle groups. It improves strength, flexibility, and overall endurance.","התרגיל 'nan' נועד לשפר את הכושר הגופני תוך מיקוד קבוצות שרירים ספציפיות. הוא משפר את החוזק, הגמישות והסיבולת הכללית."
,https://www.youtube.com/watch?v=KKXie2UApCc,WEIGHT,standing,low,מכרעים-סטטיים,"The exercise 'מכרעים-סטטיים' is designed to enhance physical fitness by targeting specific muscle groups. It improves strength, flexibility, and overall endurance.","התרגיל 'nan' נועד לשפר את הכושר הגופני תוך מיקוד קבוצות שרירים ספציפיות. הוא משפר את החוזק, הגמישות והסיבולת הכללית."
,https://www.youtube.com/watch?v=kQ1xWpv5Mu0,WEIGHT,seating,medium,כפיפת מרפקים כיסא פריצר מוט-W,"The exercise 'כפיפת מרפקים כיסא פריצר מוט-W' is designed to enhance physical fitness by targeting specific muscle groups. It improves strength, flexibility, and overall endurance.","התרגיל 'nan' נועד לשפר את הכושר הגופני תוך מיקוד קבוצות שרירים ספציפיות. הוא משפר את החוזק, הגמישות והסיבולת הכללית."
,,WEIGHT,standing,hard,לחיצת-תאומים בהאק-סקוואט,"The exercise 'לחיצת-תאומים בהאק-סקוואט' is designed to enhance physical fitness by targeting specific muscle groups. It improves strength, flexibility, and overall endurance.","התרגיל 'nan' נועד לשפר את הכושר הגופני תוך מיקוד קבוצות שרירים ספציפיות. הוא משפר את החוזק, הגמישות והסיבולת הכללית."
,https://www.youtube.com/watch?v=7_LndjLhXE4,WEIGHT,seating,medium,לחיצת כתפיים משקולות יד איבר-בודד,"The exercise 'לחיצת כתפיים משקולות יד איבר-בודד' is designed to enhance physical fitness by targeting specific muscle groups. It improves strength, flexibility, and overall endurance.","התרגיל 'nan' נועד לשפר את הכושר הגופני תוך מיקוד קבוצות שרירים ספציפיות. הוא משפר את החוזק, הגמישות והסיבולת הכללית."
,https://www.youtube.com/watch?v=KHbuzgF4nk4,WEIGHT,,medium,לחיצת חזה בסמיט,"The exercise 'לחיצת חזה בסמיט' is designed to enhance physical fitness by targeting specific muscle groups. It improves strength, flexibility, and overall endurance.","התרגיל 'nan' נועד לשפר את הכושר הגופני תוך מיקוד קבוצות שרירים ספציפיות. הוא משפר את החוזק, הגמישות והסיבולת הכללית."
,https://www.youtube.com/watch?v=Z3KkwMk_cMU,WEIGHT,supine,hard,הרמת רגליים מעל חזה מזרן בשכיבה,"The exercise 'הרמת רגליים מעל חזה מזרן בשכיבה' is designed to enhance physical fitness by targeting specific muscle groups. It improves strength, flexibility, and overall endurance.","התרגיל 'nan' נועד לשפר את הכושר הגופני תוך מיקוד קבוצות שרירים ספציפיות. הוא משפר את החוזק, הגמישות והסיבולת הכללית."
,https://www.youtube.com/watch?v=ChlsEmkpY8E,WEIGHT,supine,medium,כפיפת מרפקים בפולי תחתון בשכיבה על מזרן,"The exercise 'כפיפת מרפקים בפולי תחתון בשכיבה על מזרן' is designed to enhance physical fitness by targeting specific muscle groups. It improves strength, flexibility, and overall endurance.","התרגיל 'nan' נועד לשפר את הכושר הגופני תוך מיקוד קבוצות שרירים ספציפיות. הוא משפר את החוזק, הגמישות והסיבולת הכללית."
,https://www.youtube.com/watch?v=v4f2SwkNd4c,TIME,supine,low,בטן-סטטי בשיפוע חיובי,"The exercise 'בטן-סטטי בשיפוע חיובי' is designed to enhance physical fitness by targeting specific muscle groups. It improves strength, flexibility, and overall endurance.","התרגיל 'nan' נועד לשפר את הכושר הגופני תוך מיקוד קבוצות שרירים ספציפיות. הוא משפר את החוזק, הגמישות והסיבולת הכללית."
לחיצת רגליים סומו במכונה יעודית,,,seating,low,לחיצת רגליים סומו במכונה יעודית,"The exercise 'לחיצת רגליים סומו במכונה יעודית' is designed to enhance physical fitness by targeting specific muscle groups. It improves strength, flexibility, and overall endurance.","התרגיל 'לחיצת רגליים סומו במכונה יעודית' נועד לשפר את הכושר הגופני תוך מיקוד קבוצות שרירים ספציפיות. הוא משפר את החוזק, הגמישות והסיבולת הכללית."
פרפר משקולות יד בשיפוע חיובי,,,supine,medium,פרפר משקולות יד בשיפוע חיובי,"The exercise 'פרפר משקולות יד בשיפוע חיובי' is designed to enhance physical fitness by targeting specific muscle groups. It improves strength, flexibility, and overall endurance.","התרגיל 'פרפר משקולות יד בשיפוע חיובי' נועד לשפר את הכושר הגופני תוך מיקוד קבוצות שרירים ספציפיות. הוא משפר את החוזק, הגמישות והסיבולת הכללית."
חתירה בפולי תחתון מוט סופינציה,,,seating,medium,חתירה בפולי תחתון מוט סופינציה,"The exercise 'חתירה בפולי תחתון מוט סופינציה' is designed to enhance physical fitness by targeting specific muscle groups. It improves strength, flexibility, and overall endurance.","התרגיל 'חתירה בפולי תחתון מוט סופינציה' נועד לשפר את הכושר הגופני תוך מיקוד קבוצות שרירים ספציפיות. הוא משפר את החוזק, הגמישות והסיבולת הכללית."
לחיצת חזה בסמיט שיפוע שלילי,,,supine,hard,לחיצת חזה בסמיט שיפוע שלילי,"The exercise 'לחיצת חזה בסמיט שיפוע שלילי' is designed to enhance physical fitness by targeting specific muscle groups. It improves strength, flexibility, and overall endurance.","התרגיל 'לחיצת חזה בסמיט שיפוע שלילי' נועד לשפר את הכושר הגופני תוך מיקוד קבוצות שרירים ספציפיות. הוא משפר את החוזק, הגמישות והסיבולת הכללית."
,https://www.youtube.com/watch?v=ItTLS8lDtsc,WEIGHT,standing,medium,כפיפת מרפקים בקרוסאובר צד למכונה,"The exercise 'כפיפת מרפקים בקרוסאובר צד למכונה' is designed to enhance physical fitness by targeting specific muscle groups. It improves strength, flexibility, and overall endurance.","התרגיל 'nan' נועד לשפר את הכושר הגופני תוך מיקוד קבוצות שרירים ספציפיות. הוא משפר את החוזק, הגמישות והסיבולת הכללית."
,,WEIGHT,,medium,לחיצת חזה במכונה יעודית,"The exercise 'לחיצת חזה במכונה יעודית' is designed to enhance physical fitness by targeting specific muscle groups. It improves strength, flexibility, and overall endurance.","התרגיל 'nan' נועד לשפר את הכושר הגופני תוך מיקוד קבוצות שרירים ספציפיות. הוא משפר את החוזק, הגמישות והסיבולת הכללית."
,https://www.youtube.com/watch?v=lbiY2ZmLqm4,WEIGHT,standing,medium,פשיטת-מרפקים בפולי עליון ידיות איבר-בודד,"The exercise 'פשיטת-מרפקים בפולי עליון ידיות איבר-בודד' is designed to enhance physical fitness by targeting specific muscle groups. It improves strength, flexibility, and overall endurance.","התרגיל 'nan' נועד לשפר את הכושר הגופני תוך מיקוד קבוצות שרירים ספציפיות. הוא משפר את החוזק, הגמישות והסיבולת הכללית."
,https://www.youtube.com/watch?v=-F_pbHg7lGY,WEIGHT,supine,medium,כפיפות בטן אופניים,"The exercise 'כפיפות בטן אופניים' is designed to enhance physical fitness by targeting specific muscle groups. It improves strength, flexibility, and overall endurance.","התרגיל 'nan' נועד לשפר את הכושר הגופני תוך מיקוד קבוצות שרירים ספציפיות. הוא משפר את החוזק, הגמישות והסיבולת הכללית."
,https://www.youtube.com/watch?v=kyl7_xuROt4,WEIGHT,standing,medium,סקוואט Box,"The exercise 'סקוואט Box' is designed to enhance physical fitness by targeting specific muscle groups. It improves strength, flexibility, and overall endurance.","התרגיל 'nan' נועד לשפר את הכושר הגופני תוך מיקוד קבוצות שרירים ספציפיות. הוא משפר את החוזק, הגמישות והסיבולת הכללית."
,https://www.youtube.com/watch?v=_DpFfjfD7RM,WEIGHT,seating,medium,היפ-טרסט אמריקאי,"The exercise 'היפ-טרסט אמריקאי' is designed to enhance physical fitness by targeting specific muscle groups. It improves strength, flexibility, and overall endurance.","התרגיל 'nan' נועד לשפר את הכושר הגופני תוך מיקוד קבוצות שרירים ספציפיות. הוא משפר את החוזק, הגמישות והסיבולת הכללית."
,,WEIGHT,seating,medium,משיכה ביורק-פולי ידיות אחיזה צרה,"The exercise 'משיכה ביורק-פולי ידיות אחיזה צרה' is designed to enhance physical fitness by targeting specific muscle groups. It improves strength, flexibility, and overall endurance.","התרגיל 'nan' נועד לשפר את הכושר הגופני תוך מיקוד קבוצות שרירים ספציפיות. הוא משפר את החוזק, הגמישות והסיבולת הכללית."
,,WEIGHT,seating,low,לחיצת תאומים במכונה יעודית,"The exercise 'לחיצת תאומים במכונה יעודית' is designed to enhance physical fitness by targeting specific muscle groups. It improves strength, flexibility, and overall endurance.","התרגיל 'nan' נועד לשפר את הכושר הגופני תוך מיקוד קבוצות שרירים ספציפיות. הוא משפר את החוזק, הגמישות והסיבולת הכללית."
,https://www.youtube.com/watch?v=gcrhgd_2ZQY,WEIGHT,standing,medium,דדליפט-רומני משקולות יד,"The exercise 'דדליפט-רומני משקולות יד' is designed to enhance physical fitness by targeting specific muscle groups. It improves strength, flexibility, and overall endurance.","התרגיל 'nan' נועד לשפר את הכושר הגופני תוך מיקוד קבוצות שרירים ספציפיות. הוא משפר את החוזק, הגמישות והסיבולת הכללית."
,https://www.youtube.com/watch?v=JogdYOuT6qQ,WEIGHT,standing,medium,פשיטת ירך בפולי תחתון רצועות איבר-בודד,"The exercise 'פשיטת ירך בפולי תחתון רצועות איבר-בודד' is designed to enhance physical fitness by targeting specific muscle groups. It improves strength, flexibility, and overall endurance.","התרגיל 'nan' נועד לשפר את הכושר הגופני תוך מיקוד קבוצות שרירים ספציפיות. הוא משפר את החוזק, הגמישות והסיבולת הכללית."
,https://www.youtube.com/watch?v=56SXwuIViXY,WEIGHT,standing,medium,סטפ-אפ מדרגה,"The exercise 'סטפ-אפ מדרגה' is designed to enhance physical fitness by targeting specific muscle groups. It improves strength, flexibility, and overall endurance.","התרגיל 'nan' נועד לשפר את הכושר הגופני תוך מיקוד קבוצות שרירים ספציפיות. הוא משפר את החוזק, הגמישות והסיבולת הכללית."
,https://www.youtube.com/watch?v=Ht-MTKo0dZc,WEIGHT,standing,medium,כפיפת מרפקים בפולי תחתון באחיזת פרונציה,"The exercise 'כפיפת מרפקים בפולי תחתון באחיזת פרונציה' is designed to enhance physical fitness by targeting specific muscle groups. It improves strength, flexibility, and overall endurance.","התרגיל 'nan' נועד לשפר את הכושר הגופני תוך מיקוד קבוצות שרירים ספציפיות. הוא משפר את החוזק, הגמישות והסיבולת הכללית."
,https://www.youtube.com/watch?v=xiNoCfPdI1A,WEIGHT,standing,low,הרחקת כתפיים בקרוסאובר תמיכת ספה,"The exercise 'הרחקת כתפיים בקרוסאובר תמיכת ספה' is designed to enhance physical fitness by targeting specific muscle groups. It improves strength, flexibility, and overall endurance.","התרגיל 'nan' נועד לשפר את הכושר הגופני תוך מיקוד קבוצות שרירים ספציפיות. הוא משפר את החוזק, הגמישות והסיבולת הכללית."
"חתירה-רחבה במכונה חד""כ",,,seating,medium,"חתירה-רחבה במכונה חד""כ","The exercise 'חתירה-רחבה במכונה חד""כ' is designed to enhance physical fitness by targeting specific muscle groups. It improves strength, flexibility, and overall endurance.","התרגיל 'חתירה-רחבה במכונה חד""כ' נועד לשפר את הכושר הגופני תוך מיקוד קבוצות שרירים ספציפיות. הוא משפר את החוזק, הגמישות והסיבולת הכללית."
Wide Grip Lat Pulldown,https://www.youtube.com/watch?v=LrLQHJGoGQ4,WEIGHT,seating,low,,"The exercise 'משיכה בפולי אחיזה רחבה' is designed to enhance physical fitness by targeting specific muscle groups. It improves strength, flexibility, and overall endurance.","התרגיל 'nan' נועד לשפר את הכושר הגופני תוך מיקוד קבוצות שרירים ספציפיות. הוא משפר את החוזק, הגמישות והסיבולת הכללית."
,https://www.youtube.com/watch?v=VFYgDIrs7j4,WEIGHT,standing,medium,פולאובר בפולי חבל,"The exercise 'פולאובר בפולי חבל' is designed to enhance physical fitness by targeting specific muscle groups. It improves strength, flexibility, and overall endurance.","התרגיל 'nan' נועד לשפר את הכושר הגופני תוך מיקוד קבוצות שרירים ספציפיות. הוא משפר את החוזק, הגמישות והסיבולת הכללית."
,https://www.youtube.com/watch?v=9UIcagXyXks,WEIGHT,standing,medium,סקוואט גובלט,"The exercise 'סקוואט גובלט' is designed to enhance physical fitness by targeting specific muscle groups. It improves strength, flexibility, and overall endurance.","התרגיל 'nan' נועד לשפר את הכושר הגופני תוך מיקוד קבוצות שרירים ספציפיות. הוא משפר את החוזק, הגמישות והסיבולת הכללית."
סטפ-אפ קופסא בפולי תחתון,,,standing,hard,סטפ-אפ קופסא בפולי תחתון,"The exercise 'סטפ-אפ קופסא בפולי תחתון' is designed to enhance physical fitness by targeting specific muscle groups. It improves strength, flexibility, and overall endurance.","התרגיל 'סטפ-אפ קופסא בפולי תחתון' נועד לשפר את הכושר הגופני תוך מיקוד קבוצות שרירים ספציפיות. הוא משפר את החוזק, הגמישות והסיבולת הכללית."
,https://www.youtube.com/watch?v=lkJABa-32p0,WEIGHT,,medium,חתירה-רחבה בפולי,"The exercise 'חתירה-רחבה בפולי' is designed to enhance physical fitness by targeting specific muscle groups. It improves strength, flexibility, and overall endurance.","התרגיל 'nan' נועד לשפר את הכושר הגופני תוך מיקוד קבוצות שרירים ספציפיות. הוא משפר את החוזק, הגמישות והסיבולת הכללית."
פשיטת-מרפקים בפולי עליון ידיות איבר-בודד בהצלבה,,,standing,medium,פשיטת-מרפקים בפולי עליון ידיות איבר-בודד בהצלבה,"The exercise 'פשיטת-מרפקים בפולי עליון ידיות איבר-בודד בהצלבה' is designed to enhance physical fitness by targeting specific muscle groups. It improves strength, flexibility, and overall endurance.","התרגיל 'פשיטת-מרפקים בפולי עליון ידיות איבר-בודד בהצלבה' נועד לשפר את הכושר הגופני תוך מיקוד קבוצות שרירים ספציפיות. הוא משפר את החוזק, הגמישות והסיבולת הכללית."
פולאובר בפולי מוט בישיבה,,,seating,medium,פולאובר בפולי מוט בישיבה,"The exercise 'פולאובר בפולי מוט בישיבה' is designed to enhance physical fitness by targeting specific muscle groups. It improves strength, flexibility, and overall endurance.","התרגיל 'פולאובר בפולי מוט בישיבה' נועד לשפר את הכושר הגופני תוך מיקוד קבוצות שרירים ספציפיות. הוא משפר את החוזק, הגמישות והסיבולת הכללית."
,https://www.youtube.com/watch?v=gDVqyiGFc3g,WEIGHT,supine,low,כפיפות בטן,"The exercise 'כפיפות בטן' is designed to enhance physical fitness by targeting specific muscle groups. It improves strength, flexibility, and overall endurance.","התרגיל 'nan' נועד לשפר את הכושר הגופני תוך מיקוד קבוצות שרירים ספציפיות. הוא משפר את החוזק, הגמישות והסיבולת הכללית."
,https://www.youtube.com/watch?v=N2KzR79PEw4,WEIGHT,seating,medium,משיכה בפולי ידיות אחיזה צרה,"The exercise 'משיכה בפולי ידיות אחיזה צרה' is designed to enhance physical fitness by targeting specific muscle groups. It improves strength, flexibility, and overall endurance.","התרגיל 'nan' נועד לשפר את הכושר הגופני תוך מיקוד קבוצות שרירים ספציפיות. הוא משפר את החוזק, הגמישות והסיבולת הכללית."
חתירה בTBAR,,,standing,low,חתירה בTBAR,"The exercise 'חתירה בTBAR' is designed to enhance physical fitness by targeting specific muscle groups. It improves strength, flexibility, and overall endurance.","התרגיל 'חתירה בTBAR' נועד לשפר את הכושר הגופני תוך מיקוד קבוצות שרירים ספציפיות. הוא משפר את החוזק, הגמישות והסיבולת הכללית."
,https://www.youtube.com/watch?v=cayygCYFCbI,WEIGHT,standing,medium,פולאובר גב למכונה,"The exercise 'פולאובר גב למכונה' is designed to enhance physical fitness by targeting specific muscle groups. It improves strength, flexibility, and overall endurance.","התרגיל 'nan' נועד לשפר את הכושר הגופני תוך מיקוד קבוצות שרירים ספציפיות. הוא משפר את החוזק, הגמישות והסיבולת הכללית."
,https://www.youtube.com/watch?v=jB82UEQoD_w,WEIGHT,seating,low,גלוט-ברידג,"The exercise 'גלוט-ברידג' is designed to enhance physical fitness by targeting specific muscle groups. It improves strength, flexibility, and overall endurance.","התרגיל 'nan' נועד לשפר את הכושר הגופני תוך מיקוד קבוצות שרירים ספציפיות. הוא משפר את החוזק, הגמישות והסיבולת הכללית."
,https://www.youtube.com/watch?v=FGT3jpNgfQE,WEIGHT,,medium,לחיצת רגליים בסמיט,"The exercise 'לחיצת רגליים בסמיט' is designed to enhance physical fitness by targeting specific muscle groups. It improves strength, flexibility, and overall endurance.","התרגיל 'nan' נועד לשפר את הכושר הגופני תוך מיקוד קבוצות שרירים ספציפיות. הוא משפר את החוזק, הגמישות והסיבולת הכללית."
,https://www.youtube.com/watch?v=4a0IPsCKB9Y,WEIGHT,standing,hard,דדליפט-רומני בסמיט,"The exercise 'דדליפט-רומני בסמיט' is designed to enhance physical fitness by targeting specific muscle groups. It improves strength, flexibility, and overall endurance.","התרגיל 'nan' נועד לשפר את הכושר הגופני תוך מיקוד קבוצות שרירים ספציפיות. הוא משפר את החוזק, הגמישות והסיבולת הכללית."
,https://www.youtube.com/watch?v=OZX99rvVCGo,WEIGHT,standing,medium,כפיפת מרפקים מוט חופשי באחיזת פרונציה,"The exercise 'כפיפת מרפקים מוט חופשי באחיזת פרונציה' is designed to enhance physical fitness by targeting specific muscle groups. It improves strength, flexibility, and overall endurance.","התרגיל 'nan' נועד לשפר את הכושר הגופני תוך מיקוד קבוצות שרירים ספציפיות. הוא משפר את החוזק, הגמישות והסיבולת הכללית."
,https://www.youtube.com/watch?v=OWQ3jYCpnEo,WEIGHT,standing,medium,חתירה בהטיית גו בסמיט באחיזת סופינציה,"The exercise 'חתירה בהטיית גו בסמיט באחיזת סופינציה' is designed to enhance physical fitness by targeting specific muscle groups. It improves strength, flexibility, and overall endurance.","התרגיל 'nan' נועד לשפר את הכושר הגופני תוך מיקוד קבוצות שרירים ספציפיות. הוא משפר את החוזק, הגמישות והסיבולת הכללית."
,https://www.youtube.com/watch?v=eOeNczzvp3k,WEIGHT,supine,medium,כפיפת כתפיים בקרוסאובר תחתון,"The exercise 'כפיפת כתפיים בקרוסאובר תחתון' is designed to enhance physical fitness by targeting specific muscle groups. It improves strength, flexibility, and overall endurance.","התרגיל 'nan' נועד לשפר את הכושר הגופני תוך מיקוד קבוצות שרירים ספציפיות. הוא משפר את החוזק, הגמישות והסיבולת הכללית."
,https://www.youtube.com/watch?v=g8tIenV0kTc,WEIGHT,standing,medium,פשיטת-מרפקים בפולי גב למכונה,"The exercise 'פשיטת-מרפקים בפולי גב למכונה' is designed to enhance physical fitness by targeting specific muscle groups. It improves strength, flexibility, and overall endurance.","התרגיל 'nan' נועד לשפר את הכושר הגופני תוך מיקוד קבוצות שרירים ספציפיות. הוא משפר את החוזק, הגמישות והסיבולת הכללית."
,https://www.youtube.com/watch?v=mqQZeYBs0d8,WEIGHT,standing,medium,סקול-קראשר מוט-W בשיפוע שלילי,"The exercise 'סקול-קראשר מוט-W בשיפוע שלילי' is designed to enhance physical fitness by targeting specific muscle groups. It improves strength, flexibility, and overall endurance.","התרגיל 'nan' נועד לשפר את הכושר הגופני תוך מיקוד קבוצות שרירים ספציפיות. הוא משפר את החוזק, הגמישות והסיבולת הכללית."
,,WEIGHT,,medium,הרמת רגליים במכונה יעודית,"The exercise 'הרמת רגליים במכונה יעודית' is designed to enhance physical fitness by targeting specific muscle groups. It improves strength, flexibility, and overall endurance.","התרגיל 'nan' נועד לשפר את הכושר הגופני תוך מיקוד קבוצות שרירים ספציפיות. הוא משפר את החוזק, הגמישות והסיבולת הכללית."
,,WEIGHT,seating,medium,פרפר במכונה יעודית חד״כ,"The exercise 'פרפר במכונה יעודית חד״כ' is designed to enhance physical fitness by targeting specific muscle groups. It improves strength, flexibility, and overall endurance.","התרגיל 'nan' נועד לשפר את הכושר הגופני תוך מיקוד קבוצות שרירים ספציפיות. הוא משפר את החוזק, הגמישות והסיבולת הכללית."
,https://www.youtube.com/watch?v=4zx6QmAH8Xc,WEIGHT,seating,medium,לחיצת רגליים במכונה יעודית איבר-בודד,"The exercise 'לחיצת רגליים במכונה יעודית איבר-בודד' is designed to enhance physical fitness by targeting specific muscle groups. It improves strength, flexibility, and overall endurance.","התרגיל 'nan' נועד לשפר את הכושר הגופני תוך מיקוד קבוצות שרירים ספציפיות. הוא משפר את החוזק, הגמישות והסיבולת הכללית."
,https://www.youtube.com/watch?v=EsRG2os68fU,WEIGHT,,medium,לחיצת חזה צמודה,"The exercise 'לחיצת חזה צמודה' is designed to enhance physical fitness by targeting specific muscle groups. It improves strength, flexibility, and overall endurance.","התרגיל 'nan' נועד לשפר את הכושר הגופני תוך מיקוד קבוצות שרירים ספציפיות. הוא משפר את החוזק, הגמישות והסיבולת הכללית."
,https://www.youtube.com/watch?v=GWl8Xj9reow,WEIGHT,seating,medium,חתירה ביורק-פולי תחתון משולש,"The exercise 'חתירה ביורק-פולי תחתון משולש' is designed to enhance physical fitness by targeting specific muscle groups. It improves strength, flexibility, and overall endurance.","התרגיל 'nan' נועד לשפר את הכושר הגופני תוך מיקוד קבוצות שרירים ספציפיות. הוא משפר את החוזק, הגמישות והסיבולת הכללית."
,,WEIGHT,standing,medium,כפיפת מרפקים בפולי חד״כ תחתון חבל,"The exercise 'כפיפת מרפקים בפולי חד״כ תחתון חבל' is designed to enhance physical fitness by targeting specific muscle groups. It improves strength, flexibility, and overall endurance.","התרגיל 'nan' נועד לשפר את הכושר הגופני תוך מיקוד קבוצות שרירים ספציפיות. הוא משפר את החוזק, הגמישות והסיבולת הכללית."
לחיצה-פרפר בכבלים פולי אמצעי,,,seating,medium,לחיצה-פרפר בכבלים פולי אמצעי,"The exercise 'לחיצה-פרפר בכבלים פולי אמצעי' is designed to enhance physical fitness by targeting specific muscle groups. It improves strength, flexibility, and overall endurance.","התרגיל 'לחיצה-פרפר בכבלים פולי אמצעי' נועד לשפר את הכושר הגופני תוך מיקוד קבוצות שרירים ספציפיות. הוא משפר את החוזק, הגמישות והסיבולת הכללית."
,https://www.youtube.com/watch?v=uEbPb2_g7YE,WEIGHT,standing,hard,מכרע-בולגרי,"The exercise 'מכרע-בולגרי' is designed to enhance physical fitness by targeting specific muscle groups. It improves strength, flexibility, and overall endurance.","התרגיל 'nan' נועד לשפר את הכושר הגופני תוך מיקוד קבוצות שרירים ספציפיות. הוא משפר את החוזק, הגמישות והסיבולת הכללית."
חתירה בהטיית גו משקולות יד,,,standing,hard,חתירה בהטיית גו משקולות יד,"The exercise 'חתירה בהטיית גו משקולות יד' is designed to enhance physical fitness by targeting specific muscle groups. It improves strength, flexibility, and overall endurance.","התרגיל 'חתירה בהטיית גו משקולות יד' נועד לשפר את הכושר הגופני תוך מיקוד קבוצות שרירים ספציפיות. הוא משפר את החוזק, הגמישות והסיבולת הכללית."
פייס-פולס בפולי עליון בישיבה,,,seating,hard,פייס-פולס בפולי עליון בישיבה,"The exercise 'פייס-פולס בפולי עליון בישיבה' is designed to enhance physical fitness by targeting specific muscle groups. It improves strength, flexibility, and overall endurance.","התרגיל 'פייס-פולס בפולי עליון בישיבה' נועד לשפר את הכושר הגופני תוך מיקוד קבוצות שרירים ספציפיות. הוא משפר את החוזק, הגמישות והסיבולת הכללית."
הרחקת כתפיים משקולות יד איבר-בודד בשכיבה ספה,,,standing,low,הרחקת כתפיים משקולות יד איבר-בודד בשכיבה ספה,"The exercise 'הרחקת כתפיים משקולות יד איבר-בודד בשכיבה ספה' is designed to enhance physical fitness by targeting specific muscle groups. It improves strength, flexibility, and overall endurance.","התרגיל 'הרחקת כתפיים משקולות יד איבר-בודד בשכיבה ספה' נועד לשפר את הכושר הגופני תוך מיקוד קבוצות שרירים ספציפיות. הוא משפר את החוזק, הגמישות והסיבולת הכללית."
דדליפט-סטיף-לג בסמית,,,standing,hard,דדליפט-סטיף-לג בסמית,"The exercise 'דדליפט-סטיף-לג בסמית' is designed to enhance physical fitness by targeting specific muscle groups. It improves strength, flexibility, and overall endurance.","התרגיל 'דדליפט-סטיף-לג בסמית' נועד לשפר את הכושר הגופני תוך מיקוד קבוצות שרירים ספציפיות. הוא משפר את החוזק, הגמישות והסיבולת הכללית."
סיסי סקוואט,,,standing,hard,סיסי סקוואט,"The exercise 'סיסי סקוואט' is designed to enhance physical fitness by targeting specific muscle groups. It improves strength, flexibility, and overall endurance.","התרגיל 'סיסי סקוואט' נועד לשפר את הכושר הגופני תוך מיקוד קבוצות שרירים ספציפיות. הוא משפר את החוזק, הגמישות והסיבולת הכללית."
פשיטת-מרפקים בפולי עליון  איבר-בודד גב למכונה,,,standing,medium,פשיטת-מרפקים בפולי עליון  איבר-בודד גב למכונה,"The exercise 'פשיטת-מרפקים בפולי עליון  איבר-בודד גב למכונה' is designed to enhance physical fitness by targeting specific muscle groups. It improves strength, flexibility, and overall endurance.","התרגיל 'פשיטת-מרפקים בפולי עליון  איבר-בודד גב למכונה' נועד לשפר את הכושר הגופני תוך מיקוד קבוצות שרירים ספציפיות. הוא משפר את החוזק, הגמישות והסיבולת הכללית."
כפיפת מרפקים בפולי תחתון איבר-בודד תמיכת ספה שיפוע חיובי,,,standing,low,כפיפת מרפקים בפולי תחתון איבר-בודד תמיכת ספה שיפוע חיובי,"The exercise 'כפיפת מרפקים בפולי תחתון איבר-בודד תמיכת ספה שיפוע חיובי' is designed to enhance physical fitness by targeting specific muscle groups. It improves strength, flexibility, and overall endurance.","התרגיל 'כפיפת מרפקים בפולי תחתון איבר-בודד תמיכת ספה שיפוע חיובי' נועד לשפר את הכושר הגופני תוך מיקוד קבוצות שרירים ספציפיות. הוא משפר את החוזק, הגמישות והסיבולת הכללית."
כפיפת מרפקים בפולי תחתון תמיכת ירך,,,seating,medium,כפיפת מרפקים בפולי תחתון תמיכת ירך,"The exercise 'כפיפת מרפקים בפולי תחתון תמיכת ירך' is designed to enhance physical fitness by targeting specific muscle groups. It improves strength, flexibility, and overall endurance.","התרגיל 'כפיפת מרפקים בפולי תחתון תמיכת ירך' נועד לשפר את הכושר הגופני תוך מיקוד קבוצות שרירים ספציפיות. הוא משפר את החוזק, הגמישות והסיבולת הכללית."
הרחקת כתפיים משקולות יד בישיבה,,,seating,low,הרחקת כתפיים משקולות יד בישיבה,"The exercise 'הרחקת כתפיים משקולות יד בישיבה' is designed to enhance physical fitness by targeting specific muscle groups. It improves strength, flexibility, and overall endurance.","התרגיל 'הרחקת כתפיים משקולות יד בישיבה' נועד לשפר את הכושר הגופני תוך מיקוד קבוצות שרירים ספציפיות. הוא משפר את החוזק, הגמישות והסיבולת הכללית."
,https://www.youtube.com/watch?v=TWFcyQUclaw,WEIGHT,seating,medium,חתירה בפולי אמצע איבר-בודד,"The exercise 'חתירה בפולי אמצע איבר-בודד' is designed to enhance physical fitness by targeting specific muscle groups. It improves strength, flexibility, and overall endurance.","התרגיל 'nan' נועד לשפר את הכושר הגופני תוך מיקוד קבוצות שרירים ספציפיות. הוא משפר את החוזק, הגמישות והסיבולת הכללית."
לחיצת כתפיים מוט חופשי - עצירה,,,seating,medium,לחיצת כתפיים מוט חופשי - עצירה,"The exercise 'לחיצת כתפיים מוט חופשי - עצירה' is designed to enhance physical fitness by targeting specific muscle groups. It improves strength, flexibility, and overall endurance.","התרגיל 'לחיצת כתפיים מוט חופשי - עצירה' נועד לשפר את הכושר הגופני תוך מיקוד קבוצות שרירים ספציפיות. הוא משפר את החוזק, הגמישות והסיבולת הכללית."
פשיטת כתף משקולות יד,,,seating,medium,פשיטת כתף משקולות יד,"The exercise 'פשיטת כתף משקולות יד' is designed to enhance physical fitness by targeting specific muscle groups. It improves strength, flexibility, and overall endurance.","התרגיל 'פשיטת כתף משקולות יד' נועד לשפר את הכושר הגופני תוך מיקוד קבוצות שרירים ספציפיות. הוא משפר את החוזק, הגמישות והסיבולת הכללית."
חתירה ב טי באר,,,standing,hard,חתירה ב טי באר,"The exercise 'חתירה ב טי באר' is designed to enhance physical fitness by targeting specific muscle groups. It improves strength, flexibility, and overall endurance.","התרגיל 'חתירה ב טי באר' נועד לשפר את הכושר הגופני תוך מיקוד קבוצות שרירים ספציפיות. הוא משפר את החוזק, הגמישות והסיבולת הכללית."
חתירה ידיות ישיבה על ספה,,,seating,medium,חתירה ידיות ישיבה על ספה,"The exercise 'חתירה ידיות ישיבה על ספה' is designed to enhance physical fitness by targeting specific muscle groups. It improves strength, flexibility, and overall endurance.","התרגיל 'חתירה ידיות ישיבה על ספה' נועד לשפר את הכושר הגופני תוך מיקוד קבוצות שרירים ספציפיות. הוא משפר את החוזק, הגמישות והסיבולת הכללית."
,https://www.youtube.com/watch?v=IEsVfs3EwgA,WEIGHT,standing,low,כפיפת כתפיים כנגד פולי תחתון איבר-בודד,"The exercise 'כפיפת כתפיים כנגד פולי תחתון איבר-בודד' is designed to enhance physical fitness by targeting specific muscle groups. It improves strength, flexibility, and overall endurance.","התרגיל 'nan' נועד לשפר את הכושר הגופני תוך מיקוד קבוצות שרירים ספציפיות. הוא משפר את החוזק, הגמישות והסיבולת הכללית."
,https://www.youtube.com/watch?v=uB0jMkOMbEI,WEIGHT,,medium,גלגלת בטן בתמיכת ברכיים,"The exercise 'גלגלת בטן בתמיכת ברכיים' is designed to enhance physical fitness by targeting specific muscle groups. It improves strength, flexibility, and overall endurance.","התרגיל 'nan' נועד לשפר את הכושר הגופני תוך מיקוד קבוצות שרירים ספציפיות. הוא משפר את החוזק, הגמישות והסיבולת הכללית."
,,WEIGHT,,medium,פייס-פולס ביורק-פולי עליון,"The exercise 'פייס-פולס ביורק-פולי עליון' is designed to enhance physical fitness by targeting specific muscle groups. It improves strength, flexibility, and overall endurance.","התרגיל 'nan' נועד לשפר את הכושר הגופני תוך מיקוד קבוצות שרירים ספציפיות. הוא משפר את החוזק, הגמישות והסיבולת הכללית."
,https://www.youtube.com/watch?v=ODm3BWuGlsA,WEIGHT,,low,פשיטת גב כיסא רומי,"The exercise 'פשיטת גב כיסא רומי' is designed to enhance physical fitness by targeting specific muscle groups. It improves strength, flexibility, and overall endurance.","התרגיל 'nan' נועד לשפר את הכושר הגופני תוך מיקוד קבוצות שרירים ספציפיות. הוא משפר את החוזק, הגמישות והסיבולת הכללית."
,https://www.youtube.com/watch?v=rZpqJolWnjk,WEIGHT,standing,low,עליית מתח מיד-פוזישן,"The exercise 'עליית מתח מיד-פוזישן' is designed to enhance physical fitness by targeting specific muscle groups. It improves strength, flexibility, and overall endurance.","התרגיל 'nan' נועד לשפר את הכושר הגופני תוך מיקוד קבוצות שרירים ספציפיות. הוא משפר את החוזק, הגמישות והסיבולת הכללית."
,https://www.youtube.com/watch?v=RaRHNrV_f1E,WEIGHT,standing,medium,סקוואט-באק בסמיט,"The exercise 'סקוואט-באק בסמיט' is designed to enhance physical fitness by targeting specific muscle groups. It improves strength, flexibility, and overall endurance.","התרגיל 'nan' נועד לשפר את הכושר הגופני תוך מיקוד קבוצות שרירים ספציפיות. הוא משפר את החוזק, הגמישות והסיבולת הכללית."
,https://www.youtube.com/watch?v=B1cGCXYhEus,WEIGHT,seating,medium,פולאובר ידיות בישיבה,"The exercise 'פולאובר ידיות בישיבה' is designed to enhance physical fitness by targeting specific muscle groups. It improves strength, flexibility, and overall endurance.","התרגיל 'nan' נועד לשפר את הכושר הגופני תוך מיקוד קבוצות שרירים ספציפיות. הוא משפר את החוזק, הגמישות והסיבולת הכללית."
,,WEIGHT,standing,medium,פולאובר ביורק-פולי חבל,"The exercise 'פולאובר ביורק-פולי חבל' is designed to enhance physical fitness by targeting specific muscle groups. It improves strength, flexibility, and overall endurance.","התרגיל 'nan' נועד לשפר את הכושר הגופני תוך מיקוד קבוצות שרירים ספציפיות. הוא משפר את החוזק, הגמישות והסיבולת הכללית."
,https://www.youtube.com/watch?v=wIYN4ogstTE,WEIGHT,standing,low,הרחקת כתפיים משקולות יד איבר-בודד,"The exercise 'הרחקת כתפיים משקולות יד איבר-בודד' is designed to enhance physical fitness by targeting specific muscle groups. It improves strength, flexibility, and overall endurance.","התרגיל 'nan' נועד לשפר את הכושר הגופני תוך מיקוד קבוצות שרירים ספציפיות. הוא משפר את החוזק, הגמישות והסיבולת הכללית."
,https://www.youtube.com/watch?v=RXZeODE64gc,WEIGHT,standing,medium,הרחקת כתפיים בפולי תחתון איבר-בודד,"The exercise 'הרחקת כתפיים בפולי תחתון איבר-בודד' is designed to enhance physical fitness by targeting specific muscle groups. It improves strength, flexibility, and overall endurance.","התרגיל 'nan' נועד לשפר את הכושר הגופני תוך מיקוד קבוצות שרירים ספציפיות. הוא משפר את החוזק, הגמישות והסיבולת הכללית."
,https://www.youtube.com/watch?v=jEWrkMMBsiA,WEIGHT,standing,hard,דדליפט-הייבריד,"The exercise 'דדליפט-הייבריד' is designed to enhance physical fitness by targeting specific muscle groups. It improves strength, flexibility, and overall endurance.","התרגיל 'nan' נועד לשפר את הכושר הגופני תוך מיקוד קבוצות שרירים ספציפיות. הוא משפר את החוזק, הגמישות והסיבולת הכללית."
,https://www.youtube.com/watch?v=TFQW1N7TZYo,WEIGHT,supine,low,שכיבות-סמיכה תמיכת-ברכיים,"The exercise 'שכיבות-סמיכה תמיכת-ברכיים' is designed to enhance physical fitness by targeting specific muscle groups. It improves strength, flexibility, and overall endurance.","התרגיל 'nan' נועד לשפר את הכושר הגופני תוך מיקוד קבוצות שרירים ספציפיות. הוא משפר את החוזק, הגמישות והסיבולת הכללית."
,https://www.youtube.com/watch?v=h8W8CPxHTs0,WEIGHT,seating,medium,היפ-טרסט איבר-בודד,"The exercise 'היפ-טרסט איבר-בודד' is designed to enhance physical fitness by targeting specific muscle groups. It improves strength, flexibility, and overall endurance.","התרגיל 'nan' נועד לשפר את הכושר הגופני תוך מיקוד קבוצות שרירים ספציפיות. הוא משפר את החוזק, הגמישות והסיבולת הכללית."
,https://www.youtube.com/watch?v=bMvvsvsSV3A,WEIGHT,supine,low,כפיפות בטן פינגווין מזרן,"The exercise 'כפיפות בטן פינגווין מזרן' is designed to enhance physical fitness by targeting specific muscle groups. It improves strength, flexibility, and overall endurance.","התרגיל 'nan' נועד לשפר את הכושר הגופני תוך מיקוד קבוצות שרירים ספציפיות. הוא משפר את החוזק, הגמישות והסיבולת הכללית."
,https://www.youtube.com/watch?v=1KSs-7nflH8,WEIGHT,supine,medium,שכיבות-סמיכה בשיפוע שלילי,"The exercise 'שכיבות-סמיכה בשיפוע שלילי' is designed to enhance physical fitness by targeting specific muscle groups. It improves strength, flexibility, and overall endurance.","התרגיל 'nan' נועד לשפר את הכושר הגופני תוך מיקוד קבוצות שרירים ספציפיות. הוא משפר את החוזק, הגמישות והסיבולת הכללית."
הרחקת ירך בפולי תחתון רצועות איבר-בודד ישיבה זקופה ספה,,,standing,medium,הרחקת ירך בפולי תחתון רצועות איבר-בודד ישיבה זקופה ספה,"The exercise 'הרחקת ירך בפולי תחתון רצועות איבר-בודד ישיבה זקופה ספה' is designed to enhance physical fitness by targeting specific muscle groups. It improves strength, flexibility, and overall endurance.","התרגיל 'הרחקת ירך בפולי תחתון רצועות איבר-בודד ישיבה זקופה ספה' נועד לשפר את הכושר הגופני תוך מיקוד קבוצות שרירים ספציפיות. הוא משפר את החוזק, הגמישות והסיבולת הכללית."
,https://www.youtube.com/watch?v=we8NCVf5qu8,WEIGHT,standing,medium,עליית מתח באחיזת סופינציה,"The exercise 'עליית מתח באחיזת סופינציה' is designed to enhance physical fitness by targeting specific muscle groups. It improves strength, flexibility, and overall endurance.","התרגיל 'nan' נועד לשפר את הכושר הגופני תוך מיקוד קבוצות שרירים ספציפיות. הוא משפר את החוזק, הגמישות והסיבולת הכללית."
,https://www.youtube.com/watch?v=5cDVKfZHox0,WEIGHT,supine,medium,כפיפות בטן בפולי תחתון,"The exercise 'כפיפות בטן בפולי תחתון' is designed to enhance physical fitness by targeting specific muscle groups. It improves strength, flexibility, and overall endurance.","התרגיל 'nan' נועד לשפר את הכושר הגופני תוך מיקוד קבוצות שרירים ספציפיות. הוא משפר את החוזק, הגמישות והסיבולת הכללית."
,https://www.youtube.com/watch?v=mCBhYUqCAeU,WEIGHT,standing,medium,דדליפט-רומני כריעה איבר-בודד,"The exercise 'דדליפט-רומני כריעה איבר-בודד' is designed to enhance physical fitness by targeting specific muscle groups. It improves strength, flexibility, and overall endurance.","התרגיל 'nan' נועד לשפר את הכושר הגופני תוך מיקוד קבוצות שרירים ספציפיות. הוא משפר את החוזק, הגמישות והסיבולת הכללית."
,https://www.youtube.com/watch?v=o2pdPZelUpw,WEIGHT,standing,medium,דדליפט-רומני TBar,"The exercise 'דדליפט-רומני TBar' is designed to enhance physical fitness by targeting specific muscle groups. It improves strength, flexibility, and overall endurance.","התרגיל 'nan' נועד לשפר את הכושר הגופני תוך מיקוד קבוצות שרירים ספציפיות. הוא משפר את החוזק, הגמישות והסיבולת הכללית."
,https://www.youtube.com/watch?v=G2yedWlfW2A,WEIGHT,seating,hard,חתירה בקרוסאובר מוט באחיזת סופינציה,"The exercise 'חתירה בקרוסאובר מוט באחיזת סופינציה' is designed to enhance physical fitness by targeting specific muscle groups. It improves strength, flexibility, and overall endurance.","התרגיל 'nan' נועד לשפר את הכושר הגופני תוך מיקוד קבוצות שרירים ספציפיות. הוא משפר את החוזק, הגמישות והסיבולת הכללית."
,https://www.youtube.com/watch?v=P-NPbl408co,WEIGHT,seating,medium,היפ-טרסט בקרוסאובר,"The exercise 'היפ-טרסט בקרוסאובר' is designed to enhance physical fitness by targeting specific muscle groups. It improves strength, flexibility, and overall endurance.","התרגיל 'nan' נועד לשפר את הכושר הגופני תוך מיקוד קבוצות שרירים ספציפיות. הוא משפר את החוזק, הגמישות והסיבולת הכללית."
,https://www.youtube.com/watch?v=BSBVrqvRk3A,WEIGHT,standing,medium,הליכת-צפרדע,"The exercise 'הליכת-צפרדע' is designed to enhance physical fitness by targeting specific muscle groups. It improves strength, flexibility, and overall endurance.","התרגיל 'nan' נועד לשפר את הכושר הגופני תוך מיקוד קבוצות שרירים ספציפיות. הוא משפר את החוזק, הגמישות והסיבולת הכללית."
,https://www.youtube.com/watch?v=EGzJEgs01jA,WEIGHT,standing,medium,הנפת-קטלבל,"The exercise 'הנפת-קטלבל' is designed to enhance physical fitness by targeting specific muscle groups. It improves strength, flexibility, and overall endurance.","התרגיל 'nan' נועד לשפר את הכושר הגופני תוך מיקוד קבוצות שרירים ספציפיות. הוא משפר את החוזק, הגמישות והסיבולת הכללית."
,https://www.youtube.com/watch?v=BdnUL4fUjxA,WEIGHT,standing,low,טוויסט קטלבל בעמידה,"The exercise 'טוויסט קטלבל בעמידה' is designed to enhance physical fitness by targeting specific muscle groups. It improves strength, flexibility, and overall endurance.","התרגיל 'nan' נועד לשפר את הכושר הגופני תוך מיקוד קבוצות שרירים ספציפיות. הוא משפר את החוזק, הגמישות והסיבולת הכללית."
,https://www.youtube.com/watch?v=NjX1sh_FBpQ,WEIGHT,standing,hard,b-stance-rdl,"The exercise 'b-stance-rdl' is designed to enhance physical fitness by targeting specific muscle groups. It improves strength, flexibility, and overall endurance.","התרגיל 'nan' נועד לשפר את הכושר הגופני תוך מיקוד קבוצות שרירים ספציפיות. הוא משפר את החוזק, הגמישות והסיבולת הכללית."
,https://www.youtube.com/watch?v=O9vkr-MRjKE,WEIGHT,standing,medium,כפיפת מרפקים משקולות יד רוטציה וסיבוב,"The exercise 'כפיפת מרפקים משקולות יד רוטציה וסיבוב' is designed to enhance physical fitness by targeting specific muscle groups. It improves strength, flexibility, and overall endurance.","התרגיל 'nan' נועד לשפר את הכושר הגופני תוך מיקוד קבוצות שרירים ספציפיות. הוא משפר את החוזק, הגמישות והסיבולת הכללית."
קירוב ירך גומייה בפלאנק צידי,,,supine,medium,קירוב ירך גומייה בפלאנק צידי,"The exercise 'קירוב ירך גומייה בפלאנק צידי' is designed to enhance physical fitness by targeting specific muscle groups. It improves strength, flexibility, and overall endurance.","התרגיל 'קירוב ירך גומייה בפלאנק צידי' נועד לשפר את הכושר הגופני תוך מיקוד קבוצות שרירים ספציפיות. הוא משפר את החוזק, הגמישות והסיבולת הכללית."
,https://www.youtube.com/watch?v=p6ho8QBFYYo,WEIGHT,seating,medium,טוויסט בישיבה,"The exercise 'טוויסט בישיבה' is designed to enhance physical fitness by targeting specific muscle groups. It improves strength, flexibility, and overall endurance.","התרגיל 'nan' נועד לשפר את הכושר הגופני תוך מיקוד קבוצות שרירים ספציפיות. הוא משפר את החוזק, הגמישות והסיבולת הכללית."
,,WEIGHT,standing,hard,חתירה בסמיט באחיזת סופינציה,"The exercise 'חתירה בסמיט באחיזת סופינציה' is designed to enhance physical fitness by targeting specific muscle groups. It improves strength, flexibility, and overall endurance.","התרגיל 'nan' נועד לשפר את הכושר הגופני תוך מיקוד קבוצות שרירים ספציפיות. הוא משפר את החוזק, הגמישות והסיבולת הכללית."
פשיטת מרפקים בפרונציה מוט בפולי תחתון,,,standing,low,פשיטת מרפקים בפרונציה מוט בפולי תחתון,"The exercise 'פשיטת מרפקים בפרונציה מוט בפולי תחתון' is designed to enhance physical fitness by targeting specific muscle groups. It improves strength, flexibility, and overall endurance.","התרגיל 'פשיטת מרפקים בפרונציה מוט בפולי תחתון' נועד לשפר את הכושר הגופני תוך מיקוד קבוצות שרירים ספציפיות. הוא משפר את החוזק, הגמישות והסיבולת הכללית."
קירוב ירך גומייה בפלאנק צידי-1,,,supine,medium,קירוב ירך גומייה בפלאנק צידי-1,"The exercise 'קירוב ירך גומייה בפלאנק צידי-1' is designed to enhance physical fitness by targeting specific muscle groups. It improves strength, flexibility, and overall endurance.","התרגיל 'קירוב ירך גומייה בפלאנק צידי-1' נועד לשפר את הכושר הגופני תוך מיקוד קבוצות שרירים ספציפיות. הוא משפר את החוזק, הגמישות והסיבולת הכללית."
לחיצת כתפיים מוט חופשי בישיבה,,,seating,medium,לחיצת כתפיים מוט חופשי בישיבה,"The exercise 'לחיצת כתפיים מוט חופשי בישיבה' is designed to enhance physical fitness by targeting specific muscle groups. It improves strength, flexibility, and overall endurance.","התרגיל 'לחיצת כתפיים מוט חופשי בישיבה' נועד לשפר את הכושר הגופני תוך מיקוד קבוצות שרירים ספציפיות. הוא משפר את החוזק, הגמישות והסיבולת הכללית."
,https://www.youtube.com/watch?v=mZ9cKKFcTZM,WEIGHT,seating,medium,פשיטת-מרפקים בפולי חבל בישיבה גב למכונה,"The exercise 'פשיטת-מרפקים בפולי חבל בישיבה גב למכונה' is designed to enhance physical fitness by targeting specific muscle groups. It improves strength, flexibility, and overall endurance.","התרגיל 'nan' נועד לשפר את הכושר הגופני תוך מיקוד קבוצות שרירים ספציפיות. הוא משפר את החוזק, הגמישות והסיבולת הכללית."
,https://www.youtube.com/watch?v=bWhlJKO80DE,WEIGHT,standing,hard,פרפר-בהטיית זוקפי גו בקרוסאובר עליון כבלים,"The exercise 'פרפר-בהטיית זוקפי גו בקרוסאובר עליון כבלים' is designed to enhance physical fitness by targeting specific muscle groups. It improves strength, flexibility, and overall endurance.","התרגיל 'nan' נועד לשפר את הכושר הגופני תוך מיקוד קבוצות שרירים ספציפיות. הוא משפר את החוזק, הגמישות והסיבולת הכללית."
,https://www.youtube.com/watch?v=mmGJRUSnecM,WEIGHT,supine,medium,לחיצת חזה מוט בשיפוע שלילי,"The exercise 'לחיצת חזה מוט בשיפוע שלילי' is designed to enhance physical fitness by targeting specific muscle groups. It improves strength, flexibility, and overall endurance.","התרגיל 'nan' נועד לשפר את הכושר הגופני תוך מיקוד קבוצות שרירים ספציפיות. הוא משפר את החוזק, הגמישות והסיבולת הכללית."
,https://www.youtube.com/watch?v=3LZSbAE2B0Y,WEIGHT,standing,medium,Back Squat,"The exercise 'Back Squat' is designed to enhance physical fitness by targeting specific muscle groups. It improves strength, flexibility, and overall endurance.","התרגיל 'nan' נועד לשפר את הכושר הגופני תוך מיקוד קבוצות שרירים ספציפיות. הוא משפר את החוזק, הגמישות והסיבולת הכללית."
,https://www.youtube.com/watch?v=zYyOhIjG41w,WEIGHT,supine,medium,כפיפות בטן צידיות כסא רומי,"The exercise 'כפיפות בטן צידיות כסא רומי' is designed to enhance physical fitness by targeting specific muscle groups. It improves strength, flexibility, and overall endurance.","התרגיל 'nan' נועד לשפר את הכושר הגופני תוך מיקוד קבוצות שרירים ספציפיות. הוא משפר את החוזק, הגמישות והסיבולת הכללית."
,https://www.youtube.com/watch?v=Bnu-kSlWVzw,WEIGHT,standing,medium,פול-ארוונד,"The exercise 'פול-ארוונד' is designed to enhance physical fitness by targeting specific muscle groups. It improves strength, flexibility, and overall endurance.","התרגיל 'nan' נועד לשפר את הכושר הגופני תוך מיקוד קבוצות שרירים ספציפיות. הוא משפר את החוזק, הגמישות והסיבולת הכללית."
,https://www.youtube.com/watch?v=O_oJ6aVsADY,WEIGHT,supine,medium,לחיצת חזה באחיזת סופינציה,"The exercise 'לחיצת חזה באחיזת סופינציה' is designed to enhance physical fitness by targeting specific muscle groups. It improves strength, flexibility, and overall endurance.","התרגיל 'nan' נועד לשפר את הכושר הגופני תוך מיקוד קבוצות שרירים ספציפיות. הוא משפר את החוזק, הגמישות והסיבולת הכללית."
,https://www.youtube.com/watch?v=3LZSbAE2B0Y,WEIGHT,standing,medium,באק סקוואט,"The exercise 'באק סקוואט' is designed to enhance physical fitness by targeting specific muscle groups. It improves strength, flexibility, and overall endurance.","התרגיל 'nan' נועד לשפר את הכושר הגופני תוך מיקוד קבוצות שרירים ספציפיות. הוא משפר את החוזק, הגמישות והסיבולת הכללית."
,https://www.youtube.com/watch?v=tv8v6g4aJxM,WEIGHT,supine,low,הרמת ברכיים מזרן בשכיבה,"The exercise 'הרמת ברכיים מזרן בשכיבה' is designed to enhance physical fitness by targeting specific muscle groups. It improves strength, flexibility, and overall endurance.","התרגיל 'nan' נועד לשפר את הכושר הגופני תוך מיקוד קבוצות שרירים ספציפיות. הוא משפר את החוזק, הגמישות והסיבולת הכללית."
,https://www.youtube.com/watch?v=cd8RZ5aBPO0,WEIGHT,,hard,פשיטת גב כיסא רומי איבר-בודד,"The exercise 'פשיטת גב כיסא רומי איבר-בודד' is designed to enhance physical fitness by targeting specific muscle groups. It improves strength, flexibility, and overall endurance.","התרגיל 'nan' נועד לשפר את הכושר הגופני תוך מיקוד קבוצות שרירים ספציפיות. הוא משפר את החוזק, הגמישות והסיבולת הכללית."
הרחקת ירך בעמידה כנגד משקולת רגל בודדת,,,standing,medium,הרחקת ירך בעמידה כנגד משקולת רגל בודדת,"The exercise 'הרחקת ירך בעמידה כנגד משקולת רגל בודדת' is designed to enhance physical fitness by targeting specific muscle groups. It improves strength, flexibility, and overall endurance.","התרגיל 'הרחקת ירך בעמידה כנגד משקולת רגל בודדת' נועד לשפר את הכושר הגופני תוך מיקוד קבוצות שרירים ספציפיות. הוא משפר את החוזק, הגמישות והסיבולת הכללית."
Barbell Romanian Deadlift,https://www.youtube.com/watch?v=11LWEUM-WhQ,WEIGHT,standing,hard,,"The exercise 'דדליפט-רומני מוט חופשי' is designed to enhance physical fitness by targeting specific muscle groups. It improves strength, flexibility, and overall endurance.","התרגיל 'nan' נועד לשפר את הכושר הגופני תוך מיקוד קבוצות שרירים ספציפיות. הוא משפר את החוזק, הגמישות והסיבולת הכללית."
Sumo Squat,https://www.youtube.com/watch?v=NNhdYzm1nlo,WEIGHT,standing,medium,,"The exercise 'סקוואט סומו' is designed to enhance physical fitness by targeting specific muscle groups. It improves strength, flexibility, and overall endurance.","התרגיל 'nan' נועד לשפר את הכושר הגופני תוך מיקוד קבוצות שרירים ספציפיות. הוא משפר את החוזק, הגמישות והסיבולת הכללית."
סטיף דדליפט,https://www.youtube.com/watch?v=D959mFUMDh4,,,hard,סטיף דדליפט,"The exercise 'סטיף דדליפט' is designed to enhance physical fitness by targeting specific muscle groups. It improves strength, flexibility, and overall endurance.","התרגיל 'סטיף דדליפט' נועד לשפר את הכושר הגופני תוך מיקוד קבוצות שרירים ספציפיות. הוא משפר את החוזק, הגמישות והסיבולת הכללית."
,https://www.youtube.com/watch?v=cGoMBaU0r9U,WEIGHT,standing,hard,הרחקת ירך בקרוסאובר כבלים בעמידה שש,"The exercise 'הרחקת ירך בקרוסאובר כבלים בעמידה שש' is designed to enhance physical fitness by targeting specific muscle groups. It improves strength, flexibility, and overall endurance.","התרגיל 'nan' נועד לשפר את הכושר הגופני תוך מיקוד קבוצות שרירים ספציפיות. הוא משפר את החוזק, הגמישות והסיבולת הכללית."
,,WEIGHT,seating,medium,פשיטת-מרפקים משקולות יד בישיבה,"The exercise 'פשיטת-מרפקים משקולות יד בישיבה' is designed to enhance physical fitness by targeting specific muscle groups. It improves strength, flexibility, and overall endurance.","התרגיל 'nan' נועד לשפר את הכושר הגופני תוך מיקוד קבוצות שרירים ספציפיות. הוא משפר את החוזק, הגמישות והסיבולת הכללית."
,https://www.youtube.com/watch?v=MWZ21nR2ocE,WEIGHT,seating,medium,לחיצת כתפיים משקולות יד בשיפוע חיובי,"The exercise 'לחיצת כתפיים משקולות יד בשיפוע חיובי' is designed to enhance physical fitness by targeting specific muscle groups. It improves strength, flexibility, and overall endurance.","התרגיל 'nan' נועד לשפר את הכושר הגופני תוך מיקוד קבוצות שרירים ספציפיות. הוא משפר את החוזק, הגמישות והסיבולת הכללית."
,https://www.youtube.com/watch?v=Wvb9k7hbpis,WEIGHT,standing,medium,כפיפת כתפיים מוט חופשי,"The exercise 'כפיפת כתפיים מוט חופשי' is designed to enhance physical fitness by targeting specific muscle groups. It improves strength, flexibility, and overall endurance.","התרגיל 'nan' נועד לשפר את הכושר הגופני תוך מיקוד קבוצות שרירים ספציפיות. הוא משפר את החוזק, הגמישות והסיבולת הכללית."
,https://www.youtube.com/watch?v=xgTfSVuZFK8,WEIGHT,standing,medium,הרחקה אופקית בפולי תחתון איבר-בודד,"The exercise 'הרחקה אופקית בפולי תחתון איבר-בודד' is designed to enhance physical fitness by targeting specific muscle groups. It improves strength, flexibility, and overall endurance.","התרגיל 'nan' נועד לשפר את הכושר הגופני תוך מיקוד קבוצות שרירים ספציפיות. הוא משפר את החוזק, הגמישות והסיבולת הכללית."
,https://www.youtube.com/watch?v=90F1bquscN0,WEIGHT,standing,low,כפיפות כתפיים בפולי תחתון,"The exercise 'כפיפות כתפיים בפולי תחתון' is designed to enhance physical fitness by targeting specific muscle groups. It improves strength, flexibility, and overall endurance.","התרגיל 'nan' נועד לשפר את הכושר הגופני תוך מיקוד קבוצות שרירים ספציפיות. הוא משפר את החוזק, הגמישות והסיבולת הכללית."
,https://www.youtube.com/watch?v=W6BKeABtD4A,WEIGHT,standing,medium,פשיטת-מרפקים בפולי עליון באחיזת סופינציה,"The exercise 'פשיטת-מרפקים בפולי עליון באחיזת סופינציה' is designed to enhance physical fitness by targeting specific muscle groups. It improves strength, flexibility, and overall endurance.","התרגיל 'nan' נועד לשפר את הכושר הגופני תוך מיקוד קבוצות שרירים ספציפיות. הוא משפר את החוזק, הגמישות והסיבולת הכללית."
,https://www.youtube.com/watch?v=qaCAAHvx7Y8,WEIGHT,standing,medium,חתירה בפולי תחתון בעמידה,"The exercise 'חתירה בפולי תחתון בעמידה' is designed to enhance physical fitness by targeting specific muscle groups. It improves strength, flexibility, and overall endurance.","התרגיל 'nan' נועד לשפר את הכושר הגופני תוך מיקוד קבוצות שרירים ספציפיות. הוא משפר את החוזק, הגמישות והסיבולת הכללית."
,https://www.youtube.com/watch?v=2U5nI4ETL2I,TIME,,medium,בטן-סטטי,"The exercise 'בטן-סטטי' is designed to enhance physical fitness by targeting specific muscle groups. It improves strength, flexibility, and overall endurance.","התרגיל 'nan' נועד לשפר את הכושר הגופני תוך מיקוד קבוצות שרירים ספציפיות. הוא משפר את החוזק, הגמישות והסיבולת הכללית."
,https://www.youtube.com/watch?v=d6QUwuymWMo,WEIGHT,supine,medium,כפיפות בטן מטפס הרים,"The exercise 'כפיפות בטן מטפס הרים' is designed to enhance physical fitness by targeting specific muscle groups. It improves strength, flexibility, and overall endurance.","התרגיל 'nan' נועד לשפר את הכושר הגופני תוך מיקוד קבוצות שרירים ספציפיות. הוא משפר את החוזק, הגמישות והסיבולת הכללית."
,https://www.youtube.com/watch?v=rD14OzU3_lA,WEIGHT,standing,hard,פרונט סקוואט,"The exercise 'פרונט סקוואט' is designed to enhance physical fitness by targeting specific muscle groups. It improves strength, flexibility, and overall endurance.","התרגיל 'nan' נועד לשפר את הכושר הגופני תוך מיקוד קבוצות שרירים ספציפיות. הוא משפר את החוזק, הגמישות והסיבולת הכללית."
,,WEIGHT,,medium,פרפר ביורק-פולי עליון כבלים,"The exercise 'פרפר ביורק-פולי עליון כבלים' is designed to enhance physical fitness by targeting specific muscle groups. It improves strength, flexibility, and overall endurance.","התרגיל 'nan' נועד לשפר את הכושר הגופני תוך מיקוד קבוצות שרירים ספציפיות. הוא משפר את החוזק, הגמישות והסיבולת הכללית."
פשיטת ברכיים במכונה יעודית - גומיה כחולה,,,seating,hard,פשיטת ברכיים במכונה יעודית - גומיה כחולה,"The exercise 'פשיטת ברכיים במכונה יעודית - גומיה כחולה' is designed to enhance physical fitness by targeting specific muscle groups. It improves strength, flexibility, and overall endurance.","התרגיל 'פשיטת ברכיים במכונה יעודית - גומיה כחולה' נועד לשפר את הכושר הגופני תוך מיקוד קבוצות שרירים ספציפיות. הוא משפר את החוזק, הגמישות והסיבולת הכללית."
,https://www.youtube.com/watch?v=1-72QdUYKm8,WEIGHT,standing,medium,מכרע בולגרי בקרוסאובר,"The exercise 'מכרע בולגרי בקרוסאובר' is designed to enhance physical fitness by targeting specific muscle groups. It improves strength, flexibility, and overall endurance.","התרגיל 'nan' נועד לשפר את הכושר הגופני תוך מיקוד קבוצות שרירים ספציפיות. הוא משפר את החוזק, הגמישות והסיבולת הכללית."
,,WEIGHT,seating,medium,כפיפות ברכיים איבר-בודד,"The exercise 'כפיפות ברכיים איבר-בודד' is designed to enhance physical fitness by targeting specific muscle groups. It improves strength, flexibility, and overall endurance.","התרגיל 'nan' נועד לשפר את הכושר הגופני תוך מיקוד קבוצות שרירים ספציפיות. הוא משפר את החוזק, הגמישות והסיבולת הכללית."
,https://www.youtube.com/watch?v=2RQektQIdy0,WEIGHT,supine,medium,פרפר בפולי אמצע כבלים בשיפוע חיובי,"The exercise 'פרפר בפולי אמצע כבלים בשיפוע חיובי' is designed to enhance physical fitness by targeting specific muscle groups. It improves strength, flexibility, and overall endurance.","התרגיל 'nan' נועד לשפר את הכושר הגופני תוך מיקוד קבוצות שרירים ספציפיות. הוא משפר את החוזק, הגמישות והסיבולת הכללית."
,https://www.youtube.com/watch?v=VJ2awqMbSeE,WEIGHT,standing,low,כפיפת מרפקים בפולי תחתון איבר-בודד תמיכת ספה,"The exercise 'כפיפת מרפקים בפולי תחתון איבר-בודד תמיכת ספה' is designed to enhance physical fitness by targeting specific muscle groups. It improves strength, flexibility, and overall endurance.","התרגיל 'nan' נועד לשפר את הכושר הגופני תוך מיקוד קבוצות שרירים ספציפיות. הוא משפר את החוזק, הגמישות והסיבולת הכללית."
,https://www.youtube.com/watch?v=KOLgDmV5xW8,WEIGHT,standing,low,עליית מתח גרביטון באחיזת סופינציה,"The exercise 'עליית מתח גרביטון באחיזת סופינציה' is designed to enhance physical fitness by targeting specific muscle groups. It improves strength, flexibility, and overall endurance.","התרגיל 'nan' נועד לשפר את הכושר הגופני תוך מיקוד קבוצות שרירים ספציפיות. הוא משפר את החוזק, הגמישות והסיבולת הכללית."
,https://www.youtube.com/watch?v=Jjq7CKoH__w,WEIGHT,standing,low,עליית מתח גרביטון באחיזת פרונציה,"The exercise 'עליית מתח גרביטון באחיזת פרונציה' is designed to enhance physical fitness by targeting specific muscle groups. It improves strength, flexibility, and overall endurance.","התרגיל 'nan' נועד לשפר את הכושר הגופני תוך מיקוד קבוצות שרירים ספציפיות. הוא משפר את החוזק, הגמישות והסיבולת הכללית."
,https://www.youtube.com/watch?v=eL5p7XyPKAk,WEIGHT,supine,low,כפיפות בטן צידית מזרן,"The exercise 'כפיפות בטן צידית מזרן' is designed to enhance physical fitness by targeting specific muscle groups. It improves strength, flexibility, and overall endurance.","התרגיל 'nan' נועד לשפר את הכושר הגופני תוך מיקוד קבוצות שרירים ספציפיות. הוא משפר את החוזק, הגמישות והסיבולת הכללית."
כפיפת ברכיים במכונה יעודית - גומיה כחולה,,,seating,hard,כפיפת ברכיים במכונה יעודית - גומיה כחולה,"The exercise 'כפיפת ברכיים במכונה יעודית - גומיה כחולה' is designed to enhance physical fitness by targeting specific muscle groups. It improves strength, flexibility, and overall endurance.","התרגיל 'כפיפת ברכיים במכונה יעודית - גומיה כחולה' נועד לשפר את הכושר הגופני תוך מיקוד קבוצות שרירים ספציפיות. הוא משפר את החוזק, הגמישות והסיבולת הכללית."
,,WEIGHT,standing,medium,פרפר ביורק-פולי תחתון כבלים,"The exercise 'פרפר ביורק-פולי תחתון כבלים' is designed to enhance physical fitness by targeting specific muscle groups. It improves strength, flexibility, and overall endurance.","התרגיל 'nan' נועד לשפר את הכושר הגופני תוך מיקוד קבוצות שרירים ספציפיות. הוא משפר את החוזק, הגמישות והסיבולת הכללית."
,,WEIGHT,seating,medium,חתירה לחזה ביורק מוט בישיבה באחיזת פרונציה,"The exercise 'חתירה לחזה ביורק מוט בישיבה באחיזת פרונציה' is designed to enhance physical fitness by targeting specific muscle groups. It improves strength, flexibility, and overall endurance.","התרגיל 'nan' נועד לשפר את הכושר הגופני תוך מיקוד קבוצות שרירים ספציפיות. הוא משפר את החוזק, הגמישות והסיבולת הכללית."
,,WEIGHT,supine,hard,משיכה ביורק-פולי מדרגה בשיפוע חיובי,"The exercise 'משיכה ביורק-פולי מדרגה בשיפוע חיובי' is designed to enhance physical fitness by targeting specific muscle groups. It improves strength, flexibility, and overall endurance.","התרגיל 'nan' נועד לשפר את הכושר הגופני תוך מיקוד קבוצות שרירים ספציפיות. הוא משפר את החוזק, הגמישות והסיבולת הכללית."
,,WEIGHT,standing,medium,כפיפת מרפקים ביורק-פולי תחתון,"The exercise 'כפיפת מרפקים ביורק-פולי תחתון' is designed to enhance physical fitness by targeting specific muscle groups. It improves strength, flexibility, and overall endurance.","התרגיל 'nan' נועד לשפר את הכושר הגופני תוך מיקוד קבוצות שרירים ספציפיות. הוא משפר את החוזק, הגמישות והסיבולת הכללית."
,,WEIGHT,standing,medium,הרחקת ירך ביורק רצועות איבר-בודד,"The exercise 'הרחקת ירך ביורק רצועות איבר-בודד' is designed to enhance physical fitness by targeting specific muscle groups. It improves strength, flexibility, and overall endurance.","התרגיל 'nan' נועד לשפר את הכושר הגופני תוך מיקוד קבוצות שרירים ספציפיות. הוא משפר את החוזק, הגמישות והסיבולת הכללית."
,https://www.youtube.com/watch?v=qwuWUvG4hAE,WEIGHT,seating,medium,פשיטת-מרפקים בפולי בישיבה גב למכונה,"The exercise 'פשיטת-מרפקים בפולי בישיבה גב למכונה' is designed to enhance physical fitness by targeting specific muscle groups. It improves strength, flexibility, and overall endurance.","התרגיל 'nan' נועד לשפר את הכושר הגופני תוך מיקוד קבוצות שרירים ספציפיות. הוא משפר את החוזק, הגמישות והסיבולת הכללית."
,https://www.youtube.com/watch?v=SS35bWT1e8g,WEIGHT,standing,medium,מכרעים בסמיט,"The exercise 'מכרעים בסמיט' is designed to enhance physical fitness by targeting specific muscle groups. It improves strength, flexibility, and overall endurance.","התרגיל 'nan' נועד לשפר את הכושר הגופני תוך מיקוד קבוצות שרירים ספציפיות. הוא משפר את החוזק, הגמישות והסיבולת הכללית."
,https://www.youtube.com/watch?v=adHMQNsHcaE,WEIGHT,seating,medium,לחיצת כתפיים בסמיט בשיפוע חיובי,"The exercise 'לחיצת כתפיים בסמיט בשיפוע חיובי' is designed to enhance physical fitness by targeting specific muscle groups. It improves strength, flexibility, and overall endurance.","התרגיל 'nan' נועד לשפר את הכושר הגופני תוך מיקוד קבוצות שרירים ספציפיות. הוא משפר את החוזק, הגמישות והסיבולת הכללית."
,,WEIGHT,standing,medium,סטפ-אפ קופסא,"The exercise 'סטפ-אפ קופסא' is designed to enhance physical fitness by targeting specific muscle groups. It improves strength, flexibility, and overall endurance.","התרגיל 'nan' נועד לשפר את הכושר הגופני תוך מיקוד קבוצות שרירים ספציפיות. הוא משפר את החוזק, הגמישות והסיבולת הכללית."
,,WEIGHT,standing,low,פשיטת-מרפקים בפולי עליון חבל גב למכונה,"The exercise 'פשיטת-מרפקים בפולי עליון חבל גב למכונה' is designed to enhance physical fitness by targeting specific muscle groups. It improves strength, flexibility, and overall endurance.","התרגיל 'nan' נועד לשפר את הכושר הגופני תוך מיקוד קבוצות שרירים ספציפיות. הוא משפר את החוזק, הגמישות והסיבולת הכללית."
,https://www.youtube.com/watch?v=rHEpL_Gi7nw,WEIGHT,seating,medium,היפ-טרסט בסמיט איבר-בודד,"The exercise 'היפ-טרסט בסמיט איבר-בודד' is designed to enhance physical fitness by targeting specific muscle groups. It improves strength, flexibility, and overall endurance.","התרגיל 'nan' נועד לשפר את הכושר הגופני תוך מיקוד קבוצות שרירים ספציפיות. הוא משפר את החוזק, הגמישות והסיבולת הכללית."
,https://www.youtube.com/watch?v=9johAU_KDQc,WEIGHT,standing,medium,חתירה בסמיט איבר-בודד,"The exercise 'חתירה בסמיט איבר-בודד' is designed to enhance physical fitness by targeting specific muscle groups. It improves strength, flexibility, and overall endurance.","התרגיל 'nan' נועד לשפר את הכושר הגופני תוך מיקוד קבוצות שרירים ספציפיות. הוא משפר את החוזק, הגמישות והסיבולת הכללית."
,https://www.youtube.com/watch?v=S0puh-0St9s,WEIGHT,standing,medium,לחיצה צמודה בסמיט,"The exercise 'לחיצה צמודה בסמיט' is designed to enhance physical fitness by targeting specific muscle groups. It improves strength, flexibility, and overall endurance.","התרגיל 'nan' נועד לשפר את הכושר הגופני תוך מיקוד קבוצות שרירים ספציפיות. הוא משפר את החוזק, הגמישות והסיבולת הכללית."
,https://www.youtube.com/watch?v=09uzPOY2Qe8,WEIGHT,standing,medium,דונקי-קיקס בסמיט,"The exercise 'דונקי-קיקס בסמיט' is designed to enhance physical fitness by targeting specific muscle groups. It improves strength, flexibility, and overall endurance.","התרגיל 'nan' נועד לשפר את הכושר הגופני תוך מיקוד קבוצות שרירים ספציפיות. הוא משפר את החוזק, הגמישות והסיבולת הכללית."
,https://www.youtube.com/watch?v=pT9RWPe1tOo,WEIGHT,seating,low,גלוט-ברידג בסמיט,"The exercise 'גלוט-ברידג בסמיט' is designed to enhance physical fitness by targeting specific muscle groups. It improves strength, flexibility, and overall endurance.","התרגיל 'nan' נועד לשפר את הכושר הגופני תוך מיקוד קבוצות שרירים ספציפיות. הוא משפר את החוזק, הגמישות והסיבולת הכללית."
,https://www.youtube.com/watch?v=5f4Vsxe9DzM,WEIGHT,supine,low,הרחקת ירך מזרן בשכיבה,"The exercise 'הרחקת ירך מזרן בשכיבה' is designed to enhance physical fitness by targeting specific muscle groups. It improves strength, flexibility, and overall endurance.","התרגיל 'nan' נועד לשפר את הכושר הגופני תוך מיקוד קבוצות שרירים ספציפיות. הוא משפר את החוזק, הגמישות והסיבולת הכללית."
,https://www.youtube.com/watch?v=ylEE82VwHsY,WEIGHT,supine,medium,לחיצה-פרפר בשיפוע חיובי,"The exercise 'לחיצה-פרפר בשיפוע חיובי' is designed to enhance physical fitness by targeting specific muscle groups. It improves strength, flexibility, and overall endurance.","התרגיל 'nan' נועד לשפר את הכושר הגופני תוך מיקוד קבוצות שרירים ספציפיות. הוא משפר את החוזק, הגמישות והסיבולת הכללית."
,https://www.youtube.com/watch?v=g1LHldku_84,WEIGHT,standing,medium,כפיפת מרפקים בפולי תחתון ידיות,"The exercise 'כפיפת מרפקים בפולי תחתון ידיות' is designed to enhance physical fitness by targeting specific muscle groups. It improves strength, flexibility, and overall endurance.","התרגיל 'nan' נועד לשפר את הכושר הגופני תוך מיקוד קבוצות שרירים ספציפיות. הוא משפר את החוזק, הגמישות והסיבולת הכללית."
,https://www.youtube.com/watch?v=IXumv-5LO9Q,WEIGHT,standing,low,עליית מתח מיד-פוזישן גרביטון,"The exercise 'עליית מתח מיד-פוזישן גרביטון' is designed to enhance physical fitness by targeting specific muscle groups. It improves strength, flexibility, and overall endurance.","התרגיל 'nan' נועד לשפר את הכושר הגופני תוך מיקוד קבוצות שרירים ספציפיות. הוא משפר את החוזק, הגמישות והסיבולת הכללית."
,https://www.youtube.com/watch?v=SHjiwV8-A34,WEIGHT,seating,hard,כפיפת מרפקים כיסא פריצר איבר-בודד אחיזת פטישים,"The exercise 'כפיפת מרפקים כיסא פריצר איבר-בודד אחיזת פטישים' is designed to enhance physical fitness by targeting specific muscle groups. It improves strength, flexibility, and overall endurance.","התרגיל 'nan' נועד לשפר את הכושר הגופני תוך מיקוד קבוצות שרירים ספציפיות. הוא משפר את החוזק, הגמישות והסיבולת הכללית."
שכיבות סמיכה - יד אחת,,,standing,low,שכיבות סמיכה - יד אחת,"The exercise 'שכיבות סמיכה - יד אחת' is designed to enhance physical fitness by targeting specific muscle groups. It improves strength, flexibility, and overall endurance.","התרגיל 'שכיבות סמיכה - יד אחת' נועד לשפר את הכושר הגופני תוך מיקוד קבוצות שרירים ספציפיות. הוא משפר את החוזק, הגמישות והסיבולת הכללית."
טאק פרונט,,,standing,low,טאק פרונט,"The exercise 'טאק פרונט' is designed to enhance physical fitness by targeting specific muscle groups. It improves strength, flexibility, and overall endurance.","התרגיל 'טאק פרונט' נועד לשפר את הכושר הגופני תוך מיקוד קבוצות שרירים ספציפיות. הוא משפר את החוזק, הגמישות והסיבולת הכללית."
,,WEIGHT,standing,medium,הרחקת כתפיים בקרוסאובר גב למכונה,"The exercise 'הרחקת כתפיים בקרוסאובר גב למכונה' is designed to enhance physical fitness by targeting specific muscle groups. It improves strength, flexibility, and overall endurance.","התרגיל 'nan' נועד לשפר את הכושר הגופני תוך מיקוד קבוצות שרירים ספציפיות. הוא משפר את החוזק, הגמישות והסיבולת הכללית."
,https://www.youtube.com/watch?v=9knixcI0JDc,WEIGHT,standing,medium,סקוואט בכייבל בפולי תחתון,"The exercise 'סקוואט בכייבל בפולי תחתון' is designed to enhance physical fitness by targeting specific muscle groups. It improves strength, flexibility, and overall endurance.","התרגיל 'nan' נועד לשפר את הכושר הגופני תוך מיקוד קבוצות שרירים ספציפיות. הוא משפר את החוזק, הגמישות והסיבולת הכללית."
,https://www.youtube.com/watch?v=_NYVPRFfd8o,WEIGHT,standing,medium,סקול-קראשר משקולות יד בשיפוע שלילי,"The exercise 'סקול-קראשר משקולות יד בשיפוע שלילי' is designed to enhance physical fitness by targeting specific muscle groups. It improves strength, flexibility, and overall endurance.","התרגיל 'nan' נועד לשפר את הכושר הגופני תוך מיקוד קבוצות שרירים ספציפיות. הוא משפר את החוזק, הגמישות והסיבולת הכללית."
,https://www.youtube.com/watch?v=F4CA262dJvg,WEIGHT,supine,medium,פרפר משקולות יד בשיפוע חיובי איבר-בודד,"The exercise 'פרפר משקולות יד בשיפוע חיובי איבר-בודד' is designed to enhance physical fitness by targeting specific muscle groups. It improves strength, flexibility, and overall endurance.","התרגיל 'nan' נועד לשפר את הכושר הגופני תוך מיקוד קבוצות שרירים ספציפיות. הוא משפר את החוזק, הגמישות והסיבולת הכללית."
,https://www.youtube.com/watch?v=zZjG1X6oElk,TIME,standing,medium,בטן-סטטי צידי בפולי אמצע,"The exercise 'בטן-סטטי צידי בפולי אמצע' is designed to enhance physical fitness by targeting specific muscle groups. It improves strength, flexibility, and overall endurance.","התרגיל 'nan' נועד לשפר את הכושר הגופני תוך מיקוד קבוצות שרירים ספציפיות. הוא משפר את החוזק, הגמישות והסיבולת הכללית."
,https://www.youtube.com/watch?v=zKvLlIWMeP8,WEIGHT,,hard,גוד-מורנינג,"The exercise 'גוד-מורנינג' is designed to enhance physical fitness by targeting specific muscle groups. It improves strength, flexibility, and overall endurance.","התרגיל 'nan' נועד לשפר את הכושר הגופני תוך מיקוד קבוצות שרירים ספציפיות. הוא משפר את החוזק, הגמישות והסיבולת הכללית."
Decline Dumbbell Chest Press,https://www.youtube.com/watch?v=WsPOYssC4XE,WEIGHT,standing,hard,,"The exercise 'לחיצת חזה משקולות יד בשיפוע שלילי' is designed to enhance physical fitness by targeting specific muscle groups. It improves strength, flexibility, and overall endurance.","התרגיל 'nan' נועד לשפר את הכושר הגופני תוך מיקוד קבוצות שרירים ספציפיות. הוא משפר את החוזק, הגמישות והסיבולת הכללית."
הרחקה אופקית במכונה,,,seating,low,הרחקה אופקית במכונה,"The exercise 'הרחקה אופקית במכונה' is designed to enhance physical fitness by targeting specific muscle groups. It improves strength, flexibility, and overall endurance.","התרגיל 'הרחקה אופקית במכונה' נועד לשפר את הכושר הגופני תוך מיקוד קבוצות שרירים ספציפיות. הוא משפר את החוזק, הגמישות והסיבולת הכללית."
,https://www.youtube.com/watch?v=zCU06mKfTNA,WEIGHT,standing,medium,עליית מתח,"The exercise 'עליית מתח' is designed to enhance physical fitness by targeting specific muscle groups. It improves strength, flexibility, and overall endurance.","התרגיל 'nan' נועד לשפר את הכושר הגופני תוך מיקוד קבוצות שרירים ספציפיות. הוא משפר את החוזק, הגמישות והסיבולת הכללית."
,,WEIGHT,,medium,דונקי-קיקס ביורק,"The exercise 'דונקי-קיקס ביורק' is designed to enhance physical fitness by targeting specific muscle groups. It improves strength, flexibility, and overall endurance.","התרגיל 'nan' נועד לשפר את הכושר הגופני תוך מיקוד קבוצות שרירים ספציפיות. הוא משפר את החוזק, הגמישות והסיבולת הכללית."
סקול-קראשר פולי תחתון ספה ישרה,,,standing,medium,סקול-קראשר פולי תחתון ספה ישרה,"The exercise 'סקול-קראשר פולי תחתון ספה ישרה' is designed to enhance physical fitness by targeting specific muscle groups. It improves strength, flexibility, and overall endurance.","התרגיל 'סקול-קראשר פולי תחתון ספה ישרה' נועד לשפר את הכושר הגופני תוך מיקוד קבוצות שרירים ספציפיות. הוא משפר את החוזק, הגמישות והסיבולת הכללית."
,,WEIGHT,standing,medium,כפיפת מרפקים מוט חופשי,"The exercise 'כפיפת מרפקים מוט חופשי' is designed to enhance physical fitness by targeting specific muscle groups. It improves strength, flexibility, and overall endurance.","התרגיל 'nan' נועד לשפר את הכושר הגופני תוך מיקוד קבוצות שרירים ספציפיות. הוא משפר את החוזק, הגמישות והסיבולת הכללית."
,https://www.youtube.com/watch?v=lGzbhHc6QqM,WEIGHT,standing,hard,דדליפט-סומו,"The exercise 'דדליפט-סומו' is designed to enhance physical fitness by targeting specific muscle groups. It improves strength, flexibility, and overall endurance.","התרגיל 'nan' נועד לשפר את הכושר הגופני תוך מיקוד קבוצות שרירים ספציפיות. הוא משפר את החוזק, הגמישות והסיבולת הכללית."
,,WEIGHT,standing,medium,דדליפט-רומני במכונה יעודית חבל,"The exercise 'דדליפט-רומני במכונה יעודית חבל' is designed to enhance physical fitness by targeting specific muscle groups. It improves strength, flexibility, and overall endurance.","התרגיל 'nan' נועד לשפר את הכושר הגופני תוך מיקוד קבוצות שרירים ספציפיות. הוא משפר את החוזק, הגמישות והסיבולת הכללית."
,https://www.youtube.com/watch?v=2L6KeDwiuCs,WEIGHT,standing,medium,פשיטת ירך בפולי רצועות הטיית גו על ספה,"The exercise 'פשיטת ירך בפולי רצועות הטיית גו על ספה' is designed to enhance physical fitness by targeting specific muscle groups. It improves strength, flexibility, and overall endurance.","התרגיל 'nan' נועד לשפר את הכושר הגופני תוך מיקוד קבוצות שרירים ספציפיות. הוא משפר את החוזק, הגמישות והסיבולת הכללית."
,https://www.youtube.com/watch?v=EDJVnbZXetg,WEIGHT,standing,medium,קיקבאק-לאחור משקולות יד,"The exercise 'קיקבאק-לאחור משקולות יד' is designed to enhance physical fitness by targeting specific muscle groups. It improves strength, flexibility, and overall endurance.","התרגיל 'nan' נועד לשפר את הכושר הגופני תוך מיקוד קבוצות שרירים ספציפיות. הוא משפר את החוזק, הגמישות והסיבולת הכללית."
,https://www.youtube.com/watch?v=iImVaJRHXf8,WEIGHT,supine,low,סופרמן בשכיבה,"The exercise 'סופרמן בשכיבה' is designed to enhance physical fitness by targeting specific muscle groups. It improves strength, flexibility, and overall endurance.","התרגיל 'nan' נועד לשפר את הכושר הגופני תוך מיקוד קבוצות שרירים ספציפיות. הוא משפר את החוזק, הגמישות והסיבולת הכללית."
,https://www.youtube.com/watch?v=eD6u3ZrclHs,WEIGHT,,medium,Dumbbell Pullover,"The exercise 'Dumbbell Pullover' is designed to enhance physical fitness by targeting specific muscle groups. It improves strength, flexibility, and overall endurance.","התרגיל 'nan' נועד לשפר את הכושר הגופני תוך מיקוד קבוצות שרירים ספציפיות. הוא משפר את החוזק, הגמישות והסיבולת הכללית."
,https://www.youtube.com/watch?v=lhAQESpEjJk,WEIGHT,standing,medium,מתח-אוסטרלי,"The exercise 'מתח-אוסטרלי' is designed to enhance physical fitness by targeting specific muscle groups. It improves strength, flexibility, and overall endurance.","התרגיל 'nan' נועד לשפר את הכושר הגופני תוך מיקוד קבוצות שרירים ספציפיות. הוא משפר את החוזק, הגמישות והסיבולת הכללית."
,,WEIGHT,standing,medium,פשיטת-מרפקים ביורק,"The exercise 'פשיטת-מרפקים ביורק' is designed to enhance physical fitness by targeting specific muscle groups. It improves strength, flexibility, and overall endurance.","התרגיל 'nan' נועד לשפר את הכושר הגופני תוך מיקוד קבוצות שרירים ספציפיות. הוא משפר את החוזק, הגמישות והסיבולת הכללית."
,,WEIGHT,standing,hard,חתירה בסמיט בהטיית גב,"The exercise 'חתירה בסמיט בהטיית גב' is designed to enhance physical fitness by targeting specific muscle groups. It improves strength, flexibility, and overall endurance.","התרגיל 'nan' נועד לשפר את הכושר הגופני תוך מיקוד קבוצות שרירים ספציפיות. הוא משפר את החוזק, הגמישות והסיבולת הכללית."
,,WEIGHT,,medium,הרמת ברכיים במכונה יעודית,"The exercise 'הרמת ברכיים במכונה יעודית' is designed to enhance physical fitness by targeting specific muscle groups. It improves strength, flexibility, and overall endurance.","התרגיל 'nan' נועד לשפר את הכושר הגופני תוך מיקוד קבוצות שרירים ספציפיות. הוא משפר את החוזק, הגמישות והסיבולת הכללית."
,https://www.youtube.com/watch?v=lW-SDennfaw,WEIGHT,seating,medium,כפיפת מרפקים משקולות יד תמיכת ירך,"The exercise 'כפיפת מרפקים משקולות יד תמיכת ירך' is designed to enhance physical fitness by targeting specific muscle groups. It improves strength, flexibility, and overall endurance.","התרגיל 'nan' נועד לשפר את הכושר הגופני תוך מיקוד קבוצות שרירים ספציפיות. הוא משפר את החוזק, הגמישות והסיבולת הכללית."
,https://www.youtube.com/watch?v=o47YrJgUYwk,WEIGHT,standing,medium,סקוואט-פרונט בסמיט,"The exercise 'סקוואט-פרונט בסמיט' is designed to enhance physical fitness by targeting specific muscle groups. It improves strength, flexibility, and overall endurance.","התרגיל 'nan' נועד לשפר את הכושר הגופני תוך מיקוד קבוצות שרירים ספציפיות. הוא משפר את החוזק, הגמישות והסיבולת הכללית."
,https://www.youtube.com/watch?v=-WnY2VRNLCk,WEIGHT,standing,medium,חתירה בסמיט בהטיית גב ותמיכת חזה,"The exercise 'חתירה בסמיט בהטיית גב ותמיכת חזה' is designed to enhance physical fitness by targeting specific muscle groups. It improves strength, flexibility, and overall endurance.","התרגיל 'nan' נועד לשפר את הכושר הגופני תוך מיקוד קבוצות שרירים ספציפיות. הוא משפר את החוזק, הגמישות והסיבולת הכללית."
,https://www.youtube.com/watch?v=OcTyCXDzgKs,WEIGHT,standing,medium,הרחקת כתפיים בפולי רצועות פנים למכונה,"The exercise 'הרחקת כתפיים בפולי רצועות פנים למכונה' is designed to enhance physical fitness by targeting specific muscle groups. It improves strength, flexibility, and overall endurance.","התרגיל 'nan' נועד לשפר את הכושר הגופני תוך מיקוד קבוצות שרירים ספציפיות. הוא משפר את החוזק, הגמישות והסיבולת הכללית."
,https://www.youtube.com/watch?v=97lFbdgHO70,WEIGHT,seating,low,משיכה בפולי אחיזה צרה,"The exercise 'משיכה בפולי אחיזה צרה' is designed to enhance physical fitness by targeting specific muscle groups. It improves strength, flexibility, and overall endurance.","התרגיל 'nan' נועד לשפר את הכושר הגופני תוך מיקוד קבוצות שרירים ספציפיות. הוא משפר את החוזק, הגמישות והסיבולת הכללית."
חתירה בפולי חבלים,,,seating,medium,חתירה בפולי חבלים,"The exercise 'חתירה בפולי חבלים' is designed to enhance physical fitness by targeting specific muscle groups. It improves strength, flexibility, and overall endurance.","התרגיל 'חתירה בפולי חבלים' נועד לשפר את הכושר הגופני תוך מיקוד קבוצות שרירים ספציפיות. הוא משפר את החוזק, הגמישות והסיבולת הכללית."
,https://www.youtube.com/watch?v=zL4iJ5I6d_U,WEIGHT,standing,hard,גוד-מורנינג בסמיט,"The exercise 'גוד-מורנינג בסמיט' is designed to enhance physical fitness by targeting specific muscle groups. It improves strength, flexibility, and overall endurance.","התרגיל 'nan' נועד לשפר את הכושר הגופני תוך מיקוד קבוצות שרירים ספציפיות. הוא משפר את החוזק, הגמישות והסיבולת הכללית."
,https://www.youtube.com/watch?v=gvgYY7mPSvA,WEIGHT,seating,medium,פרפר בפולי עליון כבלים בישיבה,"The exercise 'פרפר בפולי עליון כבלים בישיבה' is designed to enhance physical fitness by targeting specific muscle groups. It improves strength, flexibility, and overall endurance.","התרגיל 'nan' נועד לשפר את הכושר הגופני תוך מיקוד קבוצות שרירים ספציפיות. הוא משפר את החוזק, הגמישות והסיבולת הכללית."
,https://www.youtube.com/watch?v=P6g-17KyPbg,WEIGHT,standing,hard,חתירה מוט חופשי באחיזת סופינציה,"The exercise 'חתירה מוט חופשי באחיזת סופינציה' is designed to enhance physical fitness by targeting specific muscle groups. It improves strength, flexibility, and overall endurance.","התרגיל 'nan' נועד לשפר את הכושר הגופני תוך מיקוד קבוצות שרירים ספציפיות. הוא משפר את החוזק, הגמישות והסיבולת הכללית."
,https://www.youtube.com/watch?v=R8TUrQ4XH98,WEIGHT,supine,hard,טוויסט בשכיבה,"The exercise 'טוויסט בשכיבה' is designed to enhance physical fitness by targeting specific muscle groups. It improves strength, flexibility, and overall endurance.","התרגיל 'nan' נועד לשפר את הכושר הגופני תוך מיקוד קבוצות שרירים ספציפיות. הוא משפר את החוזק, הגמישות והסיבולת הכללית."
,https://www.youtube.com/watch?v=yv5W9hAmGWk,WEIGHT,,low,פרוג-פאמפס סמיט,"The exercise 'פרוג-פאמפס סמיט' is designed to enhance physical fitness by targeting specific muscle groups. It improves strength, flexibility, and overall endurance.","התרגיל 'nan' נועד לשפר את הכושר הגופני תוך מיקוד קבוצות שרירים ספציפיות. הוא משפר את החוזק, הגמישות והסיבולת הכללית."
,https://www.youtube.com/watch?v=k6KRD5OGRQk,WEIGHT,standing,hard,דדליפט-סטיף-לג איבר-בודד,"The exercise 'דדליפט-סטיף-לג איבר-בודד' is designed to enhance physical fitness by targeting specific muscle groups. It improves strength, flexibility, and overall endurance.","התרגיל 'nan' נועד לשפר את הכושר הגופני תוך מיקוד קבוצות שרירים ספציפיות. הוא משפר את החוזק, הגמישות והסיבולת הכללית."
,https://www.youtube.com/watch?v=rz8wiN16BNc,WEIGHT,supine,hard,לחיצת חזה מוט חופשי בשיפוע חיובי,"The exercise 'לחיצת חזה מוט חופשי בשיפוע חיובי' is designed to enhance physical fitness by targeting specific muscle groups. It improves strength, flexibility, and overall endurance.","התרגיל 'nan' נועד לשפר את הכושר הגופני תוך מיקוד קבוצות שרירים ספציפיות. הוא משפר את החוזק, הגמישות והסיבולת הכללית."
,,WEIGHT,standing,medium,חתירה בפולי תחתון משולש בהטיית גו,"The exercise 'חתירה בפולי תחתון משולש בהטיית גו' is designed to enhance physical fitness by targeting specific muscle groups. It improves strength, flexibility, and overall endurance.","התרגיל 'nan' נועד לשפר את הכושר הגופני תוך מיקוד קבוצות שרירים ספציפיות. הוא משפר את החוזק, הגמישות והסיבולת הכללית."
,https://www.youtube.com/watch?v=kzpl8RMzku8,WEIGHT,seating,medium,כפיפות בטן בפולי עליון,"The exercise 'כפיפות בטן בפולי עליון' is designed to enhance physical fitness by targeting specific muscle groups. It improves strength, flexibility, and overall endurance.","התרגיל 'nan' נועד לשפר את הכושר הגופני תוך מיקוד קבוצות שרירים ספציפיות. הוא משפר את החוזק, הגמישות והסיבולת הכללית."
חוטב עצים,,,standing,medium,חוטב עצים,"The exercise 'חוטב עצים' is designed to enhance physical fitness by targeting specific muscle groups. It improves strength, flexibility, and overall endurance.","התרגיל 'חוטב עצים' נועד לשפר את הכושר הגופני תוך מיקוד קבוצות שרירים ספציפיות. הוא משפר את החוזק, הגמישות והסיבולת הכללית."
,https://www.youtube.com/watch?v=0yspd9l0NGM,WEIGHT,seating,medium,לחיצת כתפיים בקרוסאובר תחתון ידיות בישיבה,"The exercise 'לחיצת כתפיים בקרוסאובר תחתון ידיות בישיבה' is designed to enhance physical fitness by targeting specific muscle groups. It improves strength, flexibility, and overall endurance.","התרגיל 'nan' נועד לשפר את הכושר הגופני תוך מיקוד קבוצות שרירים ספציפיות. הוא משפר את החוזק, הגמישות והסיבולת הכללית."
,https://www.youtube.com/watch?v=bYrWWpjDwZA,WEIGHT,standing,medium,סקוואט בקרוסאובר,"The exercise 'סקוואט בקרוסאובר' is designed to enhance physical fitness by targeting specific muscle groups. It improves strength, flexibility, and overall endurance.","התרגיל 'nan' נועד לשפר את הכושר הגופני תוך מיקוד קבוצות שרירים ספציפיות. הוא משפר את החוזק, הגמישות והסיבולת הכללית."
,https://www.youtube.com/watch?v=i-rRp-L0cYc,WEIGHT,standing,medium,חתירה דמוי tbar בפולי תחתון,"The exercise 'חתירה דמוי tbar בפולי תחתון' is designed to enhance physical fitness by targeting specific muscle groups. It improves strength, flexibility, and overall endurance.","התרגיל 'nan' נועד לשפר את הכושר הגופני תוך מיקוד קבוצות שרירים ספציפיות. הוא משפר את החוזק, הגמישות והסיבולת הכללית."
,https://www.youtube.com/watch?v=rCgvI-7mmN0,WEIGHT,standing,medium,טוויסט בפולי עליון בעמידה,"The exercise 'טוויסט בפולי עליון בעמידה' is designed to enhance physical fitness by targeting specific muscle groups. It improves strength, flexibility, and overall endurance.","התרגיל 'nan' נועד לשפר את הכושר הגופני תוך מיקוד קבוצות שרירים ספציפיות. הוא משפר את החוזק, הגמישות והסיבולת הכללית."
,,WEIGHT,,low,Hip Adduction with Resistance Band,"The exercise 'Hip Adduction with Resistance Band' is designed to enhance physical fitness by targeting specific muscle groups. It improves strength, flexibility, and overall endurance.","התרגיל 'nan' נועד לשפר את הכושר הגופני תוך מיקוד קבוצות שרירים ספציפיות. הוא משפר את החוזק, הגמישות והסיבולת הכללית."
,,WEIGHT,standing,hard,חתירה מוט חופשי באחיזת פרונציה,"The exercise 'חתירה מוט חופשי באחיזת פרונציה' is designed to enhance physical fitness by targeting specific muscle groups. It improves strength, flexibility, and overall endurance.","התרגיל 'nan' נועד לשפר את הכושר הגופני תוך מיקוד קבוצות שרירים ספציפיות. הוא משפר את החוזק, הגמישות והסיבולת הכללית."
,https://www.youtube.com/watch?v=OSV1cEPoSL0,WEIGHT,,medium,חתירה משקולות יד איבר-בודד,"The exercise 'חתירה משקולות יד איבר-בודד' is designed to enhance physical fitness by targeting specific muscle groups. It improves strength, flexibility, and overall endurance.","התרגיל 'nan' נועד לשפר את הכושר הגופני תוך מיקוד קבוצות שרירים ספציפיות. הוא משפר את החוזק, הגמישות והסיבולת הכללית."
הרחקת כתף אופקית יד אחת,,,standing,medium,הרחקת כתף אופקית יד אחת,"The exercise 'הרחקת כתף אופקית יד אחת' is designed to enhance physical fitness by targeting specific muscle groups. It improves strength, flexibility, and overall endurance.","התרגיל 'הרחקת כתף אופקית יד אחת' נועד לשפר את הכושר הגופני תוך מיקוד קבוצות שרירים ספציפיות. הוא משפר את החוזק, הגמישות והסיבולת הכללית."
הרחקת+פשיטה ירך כנגד גומיה,,,supine,medium,הרחקת+פשיטה ירך כנגד גומיה,"The exercise 'הרחקת+פשיטה ירך כנגד גומיה' is designed to enhance physical fitness by targeting specific muscle groups. It improves strength, flexibility, and overall endurance.","התרגיל 'הרחקת+פשיטה ירך כנגד גומיה' נועד לשפר את הכושר הגופני תוך מיקוד קבוצות שרירים ספציפיות. הוא משפר את החוזק, הגמישות והסיבולת הכללית."
חתירה בTRX 2 מדרגות,,,standing,medium,חתירה בTRX 2 מדרגות,"The exercise 'חתירה בTRX 2 מדרגות' is designed to enhance physical fitness by targeting specific muscle groups. It improves strength, flexibility, and overall endurance.","התרגיל 'חתירה בTRX 2 מדרגות' נועד לשפר את הכושר הגופני תוך מיקוד קבוצות שרירים ספציפיות. הוא משפר את החוזק, הגמישות והסיבולת הכללית."
פיזיו כתף,,,standing,low,פיזיו כתף,"The exercise 'פיזיו כתף' is designed to enhance physical fitness by targeting specific muscle groups. It improves strength, flexibility, and overall endurance.","התרגיל 'פיזיו כתף' נועד לשפר את הכושר הגופני תוך מיקוד קבוצות שרירים ספציפיות. הוא משפר את החוזק, הגמישות והסיבולת הכללית."
מקבילים גומייה כתומה/שחורה,,,standing,hard,מקבילים גומייה כתומה/שחורה,"The exercise 'מקבילים גומייה כתומה/שחורה' is designed to enhance physical fitness by targeting specific muscle groups. It improves strength, flexibility, and overall endurance.","התרגיל 'מקבילים גומייה כתומה/שחורה' נועד לשפר את הכושר הגופני תוך מיקוד קבוצות שרירים ספציפיות. הוא משפר את החוזק, הגמישות והסיבולת הכללית."
הרמת אגן על כדור פיזיו,,,supine,hard,הרמת אגן על כדור פיזיו,"The exercise 'הרמת אגן על כדור פיזיו' is designed to enhance physical fitness by targeting specific muscle groups. It improves strength, flexibility, and overall endurance.","התרגיל 'הרמת אגן על כדור פיזיו' נועד לשפר את הכושר הגופני תוך מיקוד קבוצות שרירים ספציפיות. הוא משפר את החוזק, הגמישות והסיבולת הכללית."
מתח- גומייה כתומה/שחורה,,,standing,hard,מתח- גומייה כתומה/שחורה,"The exercise 'מתח- גומייה כתומה/שחורה' is designed to enhance physical fitness by targeting specific muscle groups. It improves strength, flexibility, and overall endurance.","התרגיל 'מתח- גומייה כתומה/שחורה' נועד לשפר את הכושר הגופני תוך מיקוד קבוצות שרירים ספציפיות. הוא משפר את החוזק, הגמישות והסיבולת הכללית."
חתירה בTRX,,,standing,hard,חתירה בTRX,"The exercise 'חתירה בTRX' is designed to enhance physical fitness by targeting specific muscle groups. It improves strength, flexibility, and overall endurance.","התרגיל 'חתירה בTRX' נועד לשפר את הכושר הגופני תוך מיקוד קבוצות שרירים ספציפיות. הוא משפר את החוזק, הגמישות והסיבולת הכללית."
כפיפה+לחיצת כתפיים,,,standing,medium,כפיפה+לחיצת כתפיים,"The exercise 'כפיפה+לחיצת כתפיים' is designed to enhance physical fitness by targeting specific muscle groups. It improves strength, flexibility, and overall endurance.","התרגיל 'כפיפה+לחיצת כתפיים' נועד לשפר את הכושר הגופני תוך מיקוד קבוצות שרירים ספציפיות. הוא משפר את החוזק, הגמישות והסיבולת הכללית."
רגיל אלכסונים אופניים,,,supine,medium,רגיל אלכסונים אופניים,"The exercise 'רגיל אלכסונים אופניים' is designed to enhance physical fitness by targeting specific muscle groups. It improves strength, flexibility, and overall endurance.","התרגיל 'רגיל אלכסונים אופניים' נועד לשפר את הכושר הגופני תוך מיקוד קבוצות שרירים ספציפיות. הוא משפר את החוזק, הגמישות והסיבולת הכללית."
חרק מת,,,supine,low,חרק מת,"The exercise 'חרק מת' is designed to enhance physical fitness by targeting specific muscle groups. It improves strength, flexibility, and overall endurance.","התרגיל 'חרק מת' נועד לשפר את הכושר הגופני תוך מיקוד קבוצות שרירים ספציפיות. הוא משפר את החוזק, הגמישות והסיבולת הכללית."
חתירה בTRX מדרגה 1,,,standing,medium,חתירה בTRX מדרגה 1,"The exercise 'חתירה בTRX מדרגה 1' is designed to enhance physical fitness by targeting specific muscle groups. It improves strength, flexibility, and overall endurance.","התרגיל 'חתירה בTRX מדרגה 1' נועד לשפר את הכושר הגופני תוך מיקוד קבוצות שרירים ספציפיות. הוא משפר את החוזק, הגמישות והסיבולת הכללית."
,,WEIGHT,supine,low,כפיפת ברכיים במכונה יעודית רצועות בשכיבה,"The exercise 'כפיפת ברכיים במכונה יעודית רצועות בשכיבה' is designed to enhance physical fitness by targeting specific muscle groups. It improves strength, flexibility, and overall endurance.","התרגיל 'nan' נועד לשפר את הכושר הגופני תוך מיקוד קבוצות שרירים ספציפיות. הוא משפר את החוזק, הגמישות והסיבולת הכללית."
,https://www.youtube.com/watch?v=YJjEGrbiwG0,WEIGHT,supine,low,שכיבות-סמיכה בשיפוע חיובי,"The exercise 'שכיבות-סמיכה בשיפוע חיובי' is designed to enhance physical fitness by targeting specific muscle groups. It improves strength, flexibility, and overall endurance.","התרגיל 'nan' נועד לשפר את הכושר הגופני תוך מיקוד קבוצות שרירים ספציפיות. הוא משפר את החוזק, הגמישות והסיבולת הכללית."
,https://www.youtube.com/watch?v=eD6u3ZrclHs,WEIGHT,,medium,פולאובר משקולות יד,"The exercise 'פולאובר משקולות יד' is designed to enhance physical fitness by targeting specific muscle groups. It improves strength, flexibility, and overall endurance.","התרגיל 'nan' נועד לשפר את הכושר הגופני תוך מיקוד קבוצות שרירים ספציפיות. הוא משפר את החוזק, הגמישות והסיבולת הכללית."
רוטציה בפולי אמצעי,,,standing,low,רוטציה בפולי אמצעי,"The exercise 'רוטציה בפולי אמצעי' is designed to enhance physical fitness by targeting specific muscle groups. It improves strength, flexibility, and overall endurance.","התרגיל 'רוטציה בפולי אמצעי' נועד לשפר את הכושר הגופני תוך מיקוד קבוצות שרירים ספציפיות. הוא משפר את החוזק, הגמישות והסיבולת הכללית."
פשיטת ירך בפולי תחתון רצועות איבר-בודד-1,,,standing,medium,פשיטת ירך בפולי תחתון רצועות איבר-בודד-1,"The exercise 'פשיטת ירך בפולי תחתון רצועות איבר-בודד-1' is designed to enhance physical fitness by targeting specific muscle groups. It improves strength, flexibility, and overall endurance.","התרגיל 'פשיטת ירך בפולי תחתון רצועות איבר-בודד-1' נועד לשפר את הכושר הגופני תוך מיקוד קבוצות שרירים ספציפיות. הוא משפר את החוזק, הגמישות והסיבולת הכללית."
פלאנק בטן סטטי על כדור פיזיו,,,supine,hard,פלאנק בטן סטטי על כדור פיזיו,"The exercise 'פלאנק בטן סטטי על כדור פיזיו' is designed to enhance physical fitness by targeting specific muscle groups. It improves strength, flexibility, and overall endurance.","התרגיל 'פלאנק בטן סטטי על כדור פיזיו' נועד לשפר את הכושר הגופני תוך מיקוד קבוצות שרירים ספציפיות. הוא משפר את החוזק, הגמישות והסיבולת הכללית."
לחיצת כתפיים משקולת יד במכרע,,,seating,low,לחיצת כתפיים משקולת יד במכרע,"The exercise 'לחיצת כתפיים משקולת יד במכרע' is designed to enhance physical fitness by targeting specific muscle groups. It improves strength, flexibility, and overall endurance.","התרגיל 'לחיצת כתפיים משקולת יד במכרע' נועד לשפר את הכושר הגופני תוך מיקוד קבוצות שרירים ספציפיות. הוא משפר את החוזק, הגמישות והסיבולת הכללית."
לחיצת כתף משקולת יד במכרע,,,seating,low,לחיצת כתף משקולת יד במכרע,"The exercise 'לחיצת כתף משקולת יד במכרע' is designed to enhance physical fitness by targeting specific muscle groups. It improves strength, flexibility, and overall endurance.","התרגיל 'לחיצת כתף משקולת יד במכרע' נועד לשפר את הכושר הגופני תוך מיקוד קבוצות שרירים ספציפיות. הוא משפר את החוזק, הגמישות והסיבולת הכללית."
הרחקה+כפיפת כתפיים משקולות יד,,,standing,medium,הרחקה+כפיפת כתפיים משקולות יד,"The exercise 'הרחקה+כפיפת כתפיים משקולות יד' is designed to enhance physical fitness by targeting specific muscle groups. It improves strength, flexibility, and overall endurance.","התרגיל 'הרחקה+כפיפת כתפיים משקולות יד' נועד לשפר את הכושר הגופני תוך מיקוד קבוצות שרירים ספציפיות. הוא משפר את החוזק, הגמישות והסיבולת הכללית."
סטטי הנפות עליות,,,supine,medium,סטטי הנפות עליות,"The exercise 'סטטי הנפות עליות' is designed to enhance physical fitness by targeting specific muscle groups. It improves strength, flexibility, and overall endurance.","התרגיל 'סטטי הנפות עליות' נועד לשפר את הכושר הגופני תוך מיקוד קבוצות שרירים ספציפיות. הוא משפר את החוזק, הגמישות והסיבולת הכללית."
באק סקוואט-1,,,standing,medium,באק סקוואט-1,"The exercise 'באק סקוואט-1' is designed to enhance physical fitness by targeting specific muscle groups. It improves strength, flexibility, and overall endurance.","התרגיל 'באק סקוואט-1' נועד לשפר את הכושר הגופני תוך מיקוד קבוצות שרירים ספציפיות. הוא משפר את החוזק, הגמישות והסיבולת הכללית."
פשיטת גב בשכיבה,,,supine,low,פשיטת גב בשכיבה,"The exercise 'פשיטת גב בשכיבה' is designed to enhance physical fitness by targeting specific muscle groups. It improves strength, flexibility, and overall endurance.","התרגיל 'פשיטת גב בשכיבה' נועד לשפר את הכושר הגופני תוך מיקוד קבוצות שרירים ספציפיות. הוא משפר את החוזק, הגמישות והסיבולת הכללית."
קירוב ירך פולי תחתון,,,standing,low,קירוב ירך פולי תחתון,"The exercise 'קירוב ירך פולי תחתון' is designed to enhance physical fitness by targeting specific muscle groups. It improves strength, flexibility, and overall endurance.","התרגיל 'קירוב ירך פולי תחתון' נועד לשפר את הכושר הגופני תוך מיקוד קבוצות שרירים ספציפיות. הוא משפר את החוזק, הגמישות והסיבולת הכללית."
מקבילים גומייה כתומה/שחורה-1,,,standing,hard,מקבילים גומייה כתומה/שחורה-1,"The exercise 'מקבילים גומייה כתומה/שחורה-1' is designed to enhance physical fitness by targeting specific muscle groups. It improves strength, flexibility, and overall endurance.","התרגיל 'מקבילים גומייה כתומה/שחורה-1' נועד לשפר את הכושר הגופני תוך מיקוד קבוצות שרירים ספציפיות. הוא משפר את החוזק, הגמישות והסיבולת הכללית."
,,WEIGHT,standing,medium,פולאובר בקרוסאובר חד״כ חבל,"The exercise 'פולאובר בקרוסאובר חד״כ חבל' is designed to enhance physical fitness by targeting specific muscle groups. It improves strength, flexibility, and overall endurance.","התרגיל 'nan' נועד לשפר את הכושר הגופני תוך מיקוד קבוצות שרירים ספציפיות. הוא משפר את החוזק, הגמישות והסיבולת הכללית."
,,WEIGHT,seating,medium,הרחקה-אופקית בפולי עליון,"The exercise 'הרחקה-אופקית בפולי עליון' is designed to enhance physical fitness by targeting specific muscle groups. It improves strength, flexibility, and overall endurance.","התרגיל 'nan' נועד לשפר את הכושר הגופני תוך מיקוד קבוצות שרירים ספציפיות. הוא משפר את החוזק, הגמישות והסיבולת הכללית."
,,WEIGHT,,medium,לחיצת חזה מוט חופשי אחיזה צמודה,"The exercise 'לחיצת חזה מוט חופשי אחיזה צמודה' is designed to enhance physical fitness by targeting specific muscle groups. It improves strength, flexibility, and overall endurance.","התרגיל 'nan' נועד לשפר את הכושר הגופני תוך מיקוד קבוצות שרירים ספציפיות. הוא משפר את החוזק, הגמישות והסיבולת הכללית."
,https://www.youtube.com/watch?v=lJ5k05ho570,WEIGHT,seating,medium,חתירה בפולי תחתון משולש,"The exercise 'חתירה בפולי תחתון משולש' is designed to enhance physical fitness by targeting specific muscle groups. It improves strength, flexibility, and overall endurance.","התרגיל 'nan' נועד לשפר את הכושר הגופני תוך מיקוד קבוצות שרירים ספציפיות. הוא משפר את החוזק, הגמישות והסיבולת הכללית."
,,TIME,standing,medium,בטן-סטטי ביורק צידי,"The exercise 'בטן-סטטי ביורק צידי' is designed to enhance physical fitness by targeting specific muscle groups. It improves strength, flexibility, and overall endurance.","התרגיל 'nan' נועד לשפר את הכושר הגופני תוך מיקוד קבוצות שרירים ספציפיות. הוא משפר את החוזק, הגמישות והסיבולת הכללית."
,https://www.youtube.com/watch?v=NM9UPUGAMIc,WEIGHT,,medium,לחיצת חזה מוט חופשי,"The exercise 'לחיצת חזה מוט חופשי' is designed to enhance physical fitness by targeting specific muscle groups. It improves strength, flexibility, and overall endurance.","התרגיל 'nan' נועד לשפר את הכושר הגופני תוך מיקוד קבוצות שרירים ספציפיות. הוא משפר את החוזק, הגמישות והסיבולת הכללית."
,https://www.youtube.com/watch?v=e9McOVr3yM4,WEIGHT,supine,medium,לחיצה-פרפר משקולות יד בשיפוע חיובי,"The exercise 'לחיצה-פרפר משקולות יד בשיפוע חיובי' is designed to enhance physical fitness by targeting specific muscle groups. It improves strength, flexibility, and overall endurance.","התרגיל 'nan' נועד לשפר את הכושר הגופני תוך מיקוד קבוצות שרירים ספציפיות. הוא משפר את החוזק, הגמישות והסיבולת הכללית."
V אפס,,,standing,low,V אפס,"The exercise 'V אפס' is designed to enhance physical fitness by targeting specific muscle groups. It improves strength, flexibility, and overall endurance.","התרגיל 'V אפס' נועד לשפר את הכושר הגופני תוך מיקוד קבוצות שרירים ספציפיות. הוא משפר את החוזק, הגמישות והסיבולת הכללית."
,https://www.youtube.com/watch?v=JSgMRaoT_JM,WEIGHT,standing,low,הרמת שכמות משקולות יד בעמידה,"The exercise 'הרמת שכמות משקולות יד בעמידה' is designed to enhance physical fitness by targeting specific muscle groups. It improves strength, flexibility, and overall endurance.","התרגיל 'nan' נועד לשפר את הכושר הגופני תוך מיקוד קבוצות שרירים ספציפיות. הוא משפר את החוזק, הגמישות והסיבולת הכללית."
,,WEIGHT,seating,hard,הרחקת ירך במכונה יעודית חד״כ,"The exercise 'הרחקת ירך במכונה יעודית חד״כ' is designed to enhance physical fitness by targeting specific muscle groups. It improves strength, flexibility, and overall endurance.","התרגיל 'nan' נועד לשפר את הכושר הגופני תוך מיקוד קבוצות שרירים ספציפיות. הוא משפר את החוזק, הגמישות והסיבולת הכללית."
,,WEIGHT,seating,medium,לחיצת כתפיים בקרוסאובר,"The exercise 'לחיצת כתפיים בקרוסאובר' is designed to enhance physical fitness by targeting specific muscle groups. It improves strength, flexibility, and overall endurance.","התרגיל 'nan' נועד לשפר את הכושר הגופני תוך מיקוד קבוצות שרירים ספציפיות. הוא משפר את החוזק, הגמישות והסיבולת הכללית."
,,WEIGHT,standing,medium,מקבילים ביורק גרביטון,"The exercise 'מקבילים ביורק גרביטון' is designed to enhance physical fitness by targeting specific muscle groups. It improves strength, flexibility, and overall endurance.","התרגיל 'nan' נועד לשפר את הכושר הגופני תוך מיקוד קבוצות שרירים ספציפיות. הוא משפר את החוזק, הגמישות והסיבולת הכללית."
,,WEIGHT,standing,hard,Pronated Grip Barbell Row,"The exercise 'Pronated Grip Barbell Row' is designed to enhance physical fitness by targeting specific muscle groups. It improves strength, flexibility, and overall endurance.","התרגיל 'nan' נועד לשפר את הכושר הגופני תוך מיקוד קבוצות שרירים ספציפיות. הוא משפר את החוזק, הגמישות והסיבולת הכללית."
,https://www.youtube.com/watch?v=iicPW0FmxNY,WEIGHT,standing,medium,פולאובר בפולי מוט,"The exercise 'פולאובר בפולי מוט' is designed to enhance physical fitness by targeting specific muscle groups. It improves strength, flexibility, and overall endurance.","התרגיל 'nan' נועד לשפר את הכושר הגופני תוך מיקוד קבוצות שרירים ספציפיות. הוא משפר את החוזק, הגמישות והסיבולת הכללית."
מקבילים במכונה יעודית,,,seating,hard,מקבילים במכונה יעודית,"The exercise 'מקבילים במכונה יעודית' is designed to enhance physical fitness by targeting specific muscle groups. It improves strength, flexibility, and overall endurance.","התרגיל 'מקבילים במכונה יעודית' נועד לשפר את הכושר הגופני תוך מיקוד קבוצות שרירים ספציפיות. הוא משפר את החוזק, הגמישות והסיבולת הכללית."
הרחקה אופקית בפולי עליון איבר-בודד,,,standing,medium,הרחקה אופקית בפולי עליון איבר-בודד,"The exercise 'הרחקה אופקית בפולי עליון איבר-בודד' is designed to enhance physical fitness by targeting specific muscle groups. It improves strength, flexibility, and overall endurance.","התרגיל 'הרחקה אופקית בפולי עליון איבר-בודד' נועד לשפר את הכושר הגופני תוך מיקוד קבוצות שרירים ספציפיות. הוא משפר את החוזק, הגמישות והסיבולת הכללית."
חתירה מוט בעמידה,,,standing,medium,חתירה מוט בעמידה,"The exercise 'חתירה מוט בעמידה' is designed to enhance physical fitness by targeting specific muscle groups. It improves strength, flexibility, and overall endurance.","התרגיל 'חתירה מוט בעמידה' נועד לשפר את הכושר הגופני תוך מיקוד קבוצות שרירים ספציפיות. הוא משפר את החוזק, הגמישות והסיבולת הכללית."
,https://www.youtube.com/watch?v=lGzbhHc6QqM,WEIGHT,standing,hard,Sumo Deadlift,"The exercise 'Sumo Deadlift' is designed to enhance physical fitness by targeting specific muscle groups. It improves strength, flexibility, and overall endurance.","התרגיל 'nan' נועד לשפר את הכושר הגופני תוך מיקוד קבוצות שרירים ספציפיות. הוא משפר את החוזק, הגמישות והסיבולת הכללית."
,https://www.youtube.com/watch?v=QLp40kGAqbw,WEIGHT,standing,medium,חתירה משקולות יד בעמידה,"The exercise 'חתירה משקולות יד בעמידה' is designed to enhance physical fitness by targeting specific muscle groups. It improves strength, flexibility, and overall endurance.","התרגיל 'nan' נועד לשפר את הכושר הגופני תוך מיקוד קבוצות שרירים ספציפיות. הוא משפר את החוזק, הגמישות והסיבולת הכללית."
,,WEIGHT,seating,medium,חתירה במכונה יעודית,"The exercise 'חתירה במכונה יעודית' is designed to enhance physical fitness by targeting specific muscle groups. It improves strength, flexibility, and overall endurance.","התרגיל 'nan' נועד לשפר את הכושר הגופני תוך מיקוד קבוצות שרירים ספציפיות. הוא משפר את החוזק, הגמישות והסיבולת הכללית."
,https://www.youtube.com/watch?v=4sn8jmiJ4TQ,WEIGHT,standing,low,הרמת שכמות בפולי תחתון בעמידה,"The exercise 'הרמת שכמות בפולי תחתון בעמידה' is designed to enhance physical fitness by targeting specific muscle groups. It improves strength, flexibility, and overall endurance.","התרגיל 'nan' נועד לשפר את הכושר הגופני תוך מיקוד קבוצות שרירים ספציפיות. הוא משפר את החוזק, הגמישות והסיבולת הכללית."
,https://www.youtube.com/watch?v=eXh1KMLeMqk,WEIGHT,supine,medium,שכיבות-סמיכה,"The exercise 'שכיבות-סמיכה' is designed to enhance physical fitness by targeting specific muscle groups. It improves strength, flexibility, and overall endurance.","התרגיל 'nan' נועד לשפר את הכושר הגופני תוך מיקוד קבוצות שרירים ספציפיות. הוא משפר את החוזק, הגמישות והסיבולת הכללית."
,,WEIGHT,standing,medium,מתח ביורק גרביטון באחיזת סופינציה,"The exercise 'מתח ביורק גרביטון באחיזת סופינציה' is designed to enhance physical fitness by targeting specific muscle groups. It improves strength, flexibility, and overall endurance.","התרגיל 'nan' נועד לשפר את הכושר הגופני תוך מיקוד קבוצות שרירים ספציפיות. הוא משפר את החוזק, הגמישות והסיבולת הכללית."
,https://www.youtube.com/watch?v=6K-_MBPSLV4,WEIGHT,supine,hard,לחיצת חזה משקולות יד בשיפוע חיובי,"The exercise 'לחיצת חזה משקולות יד בשיפוע חיובי' is designed to enhance physical fitness by targeting specific muscle groups. It improves strength, flexibility, and overall endurance.","התרגיל 'nan' נועד לשפר את הכושר הגופני תוך מיקוד קבוצות שרירים ספציפיות. הוא משפר את החוזק, הגמישות והסיבולת הכללית."
,https://www.youtube.com/watch?v=y7XUiRszcng,WEIGHT,standing,hard,דדליפט-קלאסי,"The exercise 'דדליפט-קלאסי' is designed to enhance physical fitness by targeting specific muscle groups. It improves strength, flexibility, and overall endurance.","התרגיל 'nan' נועד לשפר את הכושר הגופני תוך מיקוד קבוצות שרירים ספציפיות. הוא משפר את החוזק, הגמישות והסיבולת הכללית."
עליית מתח גומייה סגולה,,,standing,medium,עליית מתח גומייה סגולה,"The exercise 'עליית מתח גומייה סגולה' is designed to enhance physical fitness by targeting specific muscle groups. It improves strength, flexibility, and overall endurance.","התרגיל 'עליית מתח גומייה סגולה' נועד לשפר את הכושר הגופני תוך מיקוד קבוצות שרירים ספציפיות. הוא משפר את החוזק, הגמישות והסיבולת הכללית."
עליית מתח צר,,,standing,medium,עליית מתח צר,"The exercise 'עליית מתח צר' is designed to enhance physical fitness by targeting specific muscle groups. It improves strength, flexibility, and overall endurance.","התרגיל 'עליית מתח צר' נועד לשפר את הכושר הגופני תוך מיקוד קבוצות שרירים ספציפיות. הוא משפר את החוזק, הגמישות והסיבולת הכללית."
,,WEIGHT,seating,medium,משיכה בפולי חד״כ באחיזת סופינציה,"The exercise 'משיכה בפולי חד״כ באחיזת סופינציה' is designed to enhance physical fitness by targeting specific muscle groups. It improves strength, flexibility, and overall endurance.","התרגיל 'nan' נועד לשפר את הכושר הגופני תוך מיקוד קבוצות שרירים ספציפיות. הוא משפר את החוזק, הגמישות והסיבולת הכללית."
,https://www.youtube.com/watch?v=4sgNGpGbUHs,WEIGHT,standing,medium,שראגס בסמיט,"The exercise 'שראגס בסמיט' is designed to enhance physical fitness by targeting specific muscle groups. It improves strength, flexibility, and overall endurance.","התרגיל 'nan' נועד לשפר את הכושר הגופני תוך מיקוד קבוצות שרירים ספציפיות. הוא משפר את החוזק, הגמישות והסיבולת הכללית."
,https://www.youtube.com/watch?v=2U5nI4ETL2I,TIME,,medium,Static plank,"The exercise 'Static plank' is designed to enhance physical fitness by targeting specific muscle groups. It improves strength, flexibility, and overall endurance.","התרגיל 'nan' נועד לשפר את הכושר הגופני תוך מיקוד קבוצות שרירים ספציפיות. הוא משפר את החוזק, הגמישות והסיבולת הכללית."
פשיטת ירך בסמיט משין,,,standing,medium,פשיטת ירך בסמיט משין,"The exercise 'פשיטת ירך בסמיט משין' is designed to enhance physical fitness by targeting specific muscle groups. It improves strength, flexibility, and overall endurance.","התרגיל 'פשיטת ירך בסמיט משין' נועד לשפר את הכושר הגופני תוך מיקוד קבוצות שרירים ספציפיות. הוא משפר את החוזק, הגמישות והסיבולת הכללית."
היפ-טרסט מכונה,,,seating,medium,היפ-טרסט מכונה,"The exercise 'היפ-טרסט מכונה' is designed to enhance physical fitness by targeting specific muscle groups. It improves strength, flexibility, and overall endurance.","התרגיל 'היפ-טרסט מכונה' נועד לשפר את הכושר הגופני תוך מיקוד קבוצות שרירים ספציפיות. הוא משפר את החוזק, הגמישות והסיבולת הכללית."
שם חדש לתרגיל,,,standing,low,שם חדש לתרגיל,"The exercise 'שם חדש לתרגיל' is designed to enhance physical fitness by targeting specific muscle groups. It improves strength, flexibility, and overall endurance.","התרגיל 'שם חדש לתרגיל' נועד לשפר את הכושר הגופני תוך מיקוד קבוצות שרירים ספציפיות. הוא משפר את החוזק, הגמישות והסיבולת הכללית."
פשיטת ירך במכונה איבר-בודד,,,standing,medium,פשיטת ירך במכונה איבר-בודד,"The exercise 'פשיטת ירך במכונה איבר-בודד' is designed to enhance physical fitness by targeting specific muscle groups. It improves strength, flexibility, and overall endurance.","התרגיל 'פשיטת ירך במכונה איבר-בודד' נועד לשפר את הכושר הגופני תוך מיקוד קבוצות שרירים ספציפיות. הוא משפר את החוזק, הגמישות והסיבולת הכללית."
לחיצת כתפיים במכונה,,,seating,medium,לחיצת כתפיים במכונה,"The exercise 'לחיצת כתפיים במכונה' is designed to enhance physical fitness by targeting specific muscle groups. It improves strength, flexibility, and overall endurance.","התרגיל 'לחיצת כתפיים במכונה' נועד לשפר את הכושר הגופני תוך מיקוד קבוצות שרירים ספציפיות. הוא משפר את החוזק, הגמישות והסיבולת הכללית."
חתירה בפולי תחתון אחיזת סופינציה,,,seating,medium,חתירה בפולי תחתון אחיזת סופינציה,"The exercise 'חתירה בפולי תחתון אחיזת סופינציה' is designed to enhance physical fitness by targeting specific muscle groups. It improves strength, flexibility, and overall endurance.","התרגיל 'חתירה בפולי תחתון אחיזת סופינציה' נועד לשפר את הכושר הגופני תוך מיקוד קבוצות שרירים ספציפיות. הוא משפר את החוזק, הגמישות והסיבולת הכללית."
,,,,medium,"פייס-פולס בפולי עליון - חד""כ","The exercise 'פייס-פולס בפולי עליון - חד""כ' is designed to enhance physical fitness by targeting specific muscle groups. It improves strength, flexibility, and overall endurance.","התרגיל 'nan' נועד לשפר את הכושר הגופני תוך מיקוד קבוצות שרירים ספציפיות. הוא משפר את החוזק, הגמישות והסיבולת הכללית."
,,,,low,הרחקת ירך בישיבה עם גומיה,"The exercise 'הרחקת ירך בישיבה עם גומיה' is designed to enhance physical fitness by targeting specific muscle groups. It improves strength, flexibility, and overall endurance.","התרגיל 'nan' נועד לשפר את הכושר הגופני תוך מיקוד קבוצות שרירים ספציפיות. הוא משפר את החוזק, הגמישות והסיבולת הכללית."
חבל קרוספיט,,,standing,hard,חבל קרוספיט,"The exercise 'חבל קרוספיט' is designed to enhance physical fitness by targeting specific muscle groups. It improves strength, flexibility, and overall endurance.","התרגיל 'חבל קרוספיט' נועד לשפר את הכושר הגופני תוך מיקוד קבוצות שרירים ספציפיות. הוא משפר את החוזק, הגמישות והסיבולת הכללית."
מתח צר- גומייה אדומה/סגולה,,,standing,medium,מתח צר- גומייה אדומה/סגולה,"The exercise 'מתח צר- גומייה אדומה/סגולה' is designed to enhance physical fitness by targeting specific muscle groups. It improves strength, flexibility, and overall endurance.","התרגיל 'מתח צר- גומייה אדומה/סגולה' נועד לשפר את הכושר הגופני תוך מיקוד קבוצות שרירים ספציפיות. הוא משפר את החוזק, הגמישות והסיבולת הכללית."
כפיפת מרפקים כיסא פריצר משקולות יד,,,seating,medium,כפיפת מרפקים כיסא פריצר משקולות יד,"The exercise 'כפיפת מרפקים כיסא פריצר משקולות יד' is designed to enhance physical fitness by targeting specific muscle groups. It improves strength, flexibility, and overall endurance.","התרגיל 'כפיפת מרפקים כיסא פריצר משקולות יד' נועד לשפר את הכושר הגופני תוך מיקוד קבוצות שרירים ספציפיות. הוא משפר את החוזק, הגמישות והסיבולת הכללית."
הרחקת ירך כלב משתין כנגד גומייה שחורה,,,supine,medium,הרחקת ירך כלב משתין כנגד גומייה שחורה,"The exercise 'הרחקת ירך כלב משתין כנגד גומייה שחורה' is designed to enhance physical fitness by targeting specific muscle groups. It improves strength, flexibility, and overall endurance.","התרגיל 'הרחקת ירך כלב משתין כנגד גומייה שחורה' נועד לשפר את הכושר הגופני תוך מיקוד קבוצות שרירים ספציפיות. הוא משפר את החוזק, הגמישות והסיבולת הכללית."
חתירה T bat,,,standing,medium,חתירה T bat,"The exercise 'חתירה T bat' is designed to enhance physical fitness by targeting specific muscle groups. It improves strength, flexibility, and overall endurance.","התרגיל 'חתירה T bat' נועד לשפר את הכושר הגופני תוך מיקוד קבוצות שרירים ספציפיות. הוא משפר את החוזק, הגמישות והסיבולת הכללית."
בטן צדדים ואמצע מזרן,,,supine,medium,בטן צדדים ואמצע מזרן,"The exercise 'בטן צדדים ואמצע מזרן' is designed to enhance physical fitness by targeting specific muscle groups. It improves strength, flexibility, and overall endurance.","התרגיל 'בטן צדדים ואמצע מזרן' נועד לשפר את הכושר הגופני תוך מיקוד קבוצות שרירים ספציפיות. הוא משפר את החוזק, הגמישות והסיבולת הכללית."
פשיטת מרפק משקולת יד לאחור,,,standing,medium,פשיטת מרפק משקולת יד לאחור,"The exercise 'פשיטת מרפק משקולת יד לאחור' is designed to enhance physical fitness by targeting specific muscle groups. It improves strength, flexibility, and overall endurance.","התרגיל 'פשיטת מרפק משקולת יד לאחור' נועד לשפר את הכושר הגופני תוך מיקוד קבוצות שרירים ספציפיות. הוא משפר את החוזק, הגמישות והסיבולת הכללית."
עליית תאומים במדרגה,,,standing,low,עליית תאומים במדרגה,"The exercise 'עליית תאומים במדרגה' is designed to enhance physical fitness by targeting specific muscle groups. It improves strength, flexibility, and overall endurance.","התרגיל 'עליית תאומים במדרגה' נועד לשפר את הכושר הגופני תוך מיקוד קבוצות שרירים ספציפיות. הוא משפר את החוזק, הגמישות והסיבולת הכללית."
לחיצת תאומים בישיבה רצועות רגליים,,,standing,low,לחיצת תאומים בישיבה רצועות רגליים,"The exercise 'לחיצת תאומים בישיבה רצועות רגליים' is designed to enhance physical fitness by targeting specific muscle groups. It improves strength, flexibility, and overall endurance.","התרגיל 'לחיצת תאומים בישיבה רצועות רגליים' נועד לשפר את הכושר הגופני תוך מיקוד קבוצות שרירים ספציפיות. הוא משפר את החוזק, הגמישות והסיבולת הכללית."
בטן חתירה,,,supine,hard,בטן חתירה,"The exercise 'בטן חתירה' is designed to enhance physical fitness by targeting specific muscle groups. It improves strength, flexibility, and overall endurance.","התרגיל 'בטן חתירה' נועד לשפר את הכושר הגופני תוך מיקוד קבוצות שרירים ספציפיות. הוא משפר את החוזק, הגמישות והסיבולת הכללית."
עליית מתח אחיזה רחבה,,,standing,medium,עליית מתח אחיזה רחבה,"The exercise 'עליית מתח אחיזה רחבה' is designed to enhance physical fitness by targeting specific muscle groups. It improves strength, flexibility, and overall endurance.","התרגיל 'עליית מתח אחיזה רחבה' נועד לשפר את הכושר הגופני תוך מיקוד קבוצות שרירים ספציפיות. הוא משפר את החוזק, הגמישות והסיבולת הכללית."
עליית כוח,,,standing,hard,עליית כוח,"The exercise 'עליית כוח' is designed to enhance physical fitness by targeting specific muscle groups. It improves strength, flexibility, and overall endurance.","התרגיל 'עליית כוח' נועד לשפר את הכושר הגופני תוך מיקוד קבוצות שרירים ספציפיות. הוא משפר את החוזק, הגמישות והסיבולת הכללית."
כפיפת מרפקים בחצי סקוואט גב לקיר,,,standing,medium,כפיפת מרפקים בחצי סקוואט גב לקיר,"The exercise 'כפיפת מרפקים בחצי סקוואט גב לקיר' is designed to enhance physical fitness by targeting specific muscle groups. It improves strength, flexibility, and overall endurance.","התרגיל 'כפיפת מרפקים בחצי סקוואט גב לקיר' נועד לשפר את הכושר הגופני תוך מיקוד קבוצות שרירים ספציפיות. הוא משפר את החוזק, הגמישות והסיבולת הכללית."
מכרע בTRX,,,standing,medium,מכרע בTRX,"The exercise 'מכרע בTRX' is designed to enhance physical fitness by targeting specific muscle groups. It improves strength, flexibility, and overall endurance.","התרגיל 'מכרע בTRX' נועד לשפר את הכושר הגופני תוך מיקוד קבוצות שרירים ספציפיות. הוא משפר את החוזק, הגמישות והסיבולת הכללית."
קפיצה בחבל,,,standing,medium,קפיצה בחבל,"The exercise 'קפיצה בחבל' is designed to enhance physical fitness by targeting specific muscle groups. It improves strength, flexibility, and overall endurance.","התרגיל 'קפיצה בחבל' נועד לשפר את הכושר הגופני תוך מיקוד קבוצות שרירים ספציפיות. הוא משפר את החוזק, הגמישות והסיבולת הכללית."
סנצ,,,standing,medium,סנצ,"The exercise 'סנצ' is designed to enhance physical fitness by targeting specific muscle groups. It improves strength, flexibility, and overall endurance.","התרגיל 'סנצ' נועד לשפר את הכושר הגופני תוך מיקוד קבוצות שרירים ספציפיות. הוא משפר את החוזק, הגמישות והסיבולת הכללית."
סקוואט סייפטי בר,,,standing,medium,סקוואט סייפטי בר,"The exercise 'סקוואט סייפטי בר' is designed to enhance physical fitness by targeting specific muscle groups. It improves strength, flexibility, and overall endurance.","התרגיל 'סקוואט סייפטי בר' נועד לשפר את הכושר הגופני תוך מיקוד קבוצות שרירים ספציפיות. הוא משפר את החוזק, הגמישות והסיבולת הכללית."
מכרע רגל קדמית על בוסו,,,standing,medium,מכרע רגל קדמית על בוסו,"The exercise 'מכרע רגל קדמית על בוסו' is designed to enhance physical fitness by targeting specific muscle groups. It improves strength, flexibility, and overall endurance.","התרגיל 'מכרע רגל קדמית על בוסו' נועד לשפר את הכושר הגופני תוך מיקוד קבוצות שרירים ספציפיות. הוא משפר את החוזק, הגמישות והסיבולת הכללית."
מתח 2 גומיות,,,standing,medium,מתח 2 גומיות,"The exercise 'מתח 2 גומיות' is designed to enhance physical fitness by targeting specific muscle groups. It improves strength, flexibility, and overall endurance.","התרגיל 'מתח 2 גומיות' נועד לשפר את הכושר הגופני תוך מיקוד קבוצות שרירים ספציפיות. הוא משפר את החוזק, הגמישות והסיבולת הכללית."
הנפת רגליים,,,supine,medium,הנפת רגליים,"The exercise 'הנפת רגליים' is designed to enhance physical fitness by targeting specific muscle groups. It improves strength, flexibility, and overall endurance.","התרגיל 'הנפת רגליים' נועד לשפר את הכושר הגופני תוך מיקוד קבוצות שרירים ספציפיות. הוא משפר את החוזק, הגמישות והסיבולת הכללית."
עליות תאומים מדרגה,,,standing,low,עליות תאומים מדרגה,"The exercise 'עליות תאומים מדרגה' is designed to enhance physical fitness by targeting specific muscle groups. It improves strength, flexibility, and overall endurance.","התרגיל 'עליות תאומים מדרגה' נועד לשפר את הכושר הגופני תוך מיקוד קבוצות שרירים ספציפיות. הוא משפר את החוזק, הגמישות והסיבולת הכללית."
הרמת אגן בשכיבה,,,supine,medium,הרמת אגן בשכיבה,"The exercise 'הרמת אגן בשכיבה' is designed to enhance physical fitness by targeting specific muscle groups. It improves strength, flexibility, and overall endurance.","התרגיל 'הרמת אגן בשכיבה' נועד לשפר את הכושר הגופני תוך מיקוד קבוצות שרירים ספציפיות. הוא משפר את החוזק, הגמישות והסיבולת הכללית."
,https://www.youtube.com/watch?v=iicPW0FmxNY,WEIGHT,standing,medium,Pullover with Bar Cable,"The exercise 'Pullover with Bar Cable' is designed to enhance physical fitness by targeting specific muscle groups. It improves strength, flexibility, and overall endurance.","התרגיל 'nan' נועד לשפר את הכושר הגופני תוך מיקוד קבוצות שרירים ספציפיות. הוא משפר את החוזק, הגמישות והסיבולת הכללית."
,https://www.youtube.com/watch?v=wqs6ctYNsB4,WEIGHT,seating,medium,Barbell Shoulder Press,"The exercise 'Barbell Shoulder Press' is designed to enhance physical fitness by targeting specific muscle groups. It improves strength, flexibility, and overall endurance.","התרגיל 'nan' נועד לשפר את הכושר הגופני תוך מיקוד קבוצות שרירים ספציפיות. הוא משפר את החוזק, הגמישות והסיבולת הכללית."
,https://www.youtube.com/watch?v=oTltcJX5um0,WEIGHT,seating,low,Supinated Grip Lat Pulldown,"The exercise 'Supinated Grip Lat Pulldown' is designed to enhance physical fitness by targeting specific muscle groups. It improves strength, flexibility, and overall endurance.","התרגיל 'nan' נועד לשפר את הכושר הגופני תוך מיקוד קבוצות שרירים ספציפיות. הוא משפר את החוזק, הגמישות והסיבולת הכללית."
,https://www.youtube.com/watch?v=P6g-17KyPbg,WEIGHT,standing,hard,Supinated Grip Barbell Row,"The exercise 'Supinated Grip Barbell Row' is designed to enhance physical fitness by targeting specific muscle groups. It improves strength, flexibility, and overall endurance.","התרגיל 'nan' נועד לשפר את הכושר הגופני תוך מיקוד קבוצות שרירים ספציפיות. הוא משפר את החוזק, הגמישות והסיבולת הכללית."
,https://www.youtube.com/watch?v=OSV1cEPoSL0,WEIGHT,,medium,Single-Arm Dumbbell Row,"The exercise 'Single-Arm Dumbbell Row' is designed to enhance physical fitness by targeting specific muscle groups. It improves strength, flexibility, and overall endurance.","התרגיל 'nan' נועד לשפר את הכושר הגופני תוך מיקוד קבוצות שרירים ספציפיות. הוא משפר את החוזק, הגמישות והסיבולת הכללית."
,https://www.youtube.com/watch?v=6K-_MBPSLV4,WEIGHT,supine,hard,Incline Dumbbell Chest Press,"The exercise 'Incline Dumbbell Chest Press' is designed to enhance physical fitness by targeting specific muscle groups. It improves strength, flexibility, and overall endurance.","התרגיל 'nan' נועד לשפר את הכושר הגופני תוך מיקוד קבוצות שרירים ספציפיות. הוא משפר את החוזק, הגמישות והסיבולת הכללית."
,,WEIGHT,seating,medium,Middle Cable Chest Press,"The exercise 'Middle Cable Chest Press' is designed to enhance physical fitness by targeting specific muscle groups. It improves strength, flexibility, and overall endurance.","התרגיל 'nan' נועד לשפר את הכושר הגופני תוך מיקוד קבוצות שרירים ספציפיות. הוא משפר את החוזק, הגמישות והסיבולת הכללית."
,,WEIGHT,,medium,Single-Arm Cable Fly,"The exercise 'Single-Arm Cable Fly' is designed to enhance physical fitness by targeting specific muscle groups. It improves strength, flexibility, and overall endurance.","התרגיל 'nan' נועד לשפר את הכושר הגופני תוך מיקוד קבוצות שרירים ספציפיות. הוא משפר את החוזק, הגמישות והסיבולת הכללית."
,https://www.youtube.com/watch?v=4sn8jmiJ4TQ,WEIGHT,standing,low,Standing Low Pulley SHRUGS,"The exercise 'Standing Low Pulley SHRUGS' is designed to enhance physical fitness by targeting specific muscle groups. It improves strength, flexibility, and overall endurance.","התרגיל 'nan' נועד לשפר את הכושר הגופני תוך מיקוד קבוצות שרירים ספציפיות. הוא משפר את החוזק, הגמישות והסיבולת הכללית."
כפיפות בטן בשיפוע שלילי על ספה,,,seating,medium,כפיפות בטן בשיפוע שלילי על ספה,"The exercise 'כפיפות בטן בשיפוע שלילי על ספה' is designed to enhance physical fitness by targeting specific muscle groups. It improves strength, flexibility, and overall endurance.","התרגיל 'כפיפות בטן בשיפוע שלילי על ספה' נועד לשפר את הכושר הגופני תוך מיקוד קבוצות שרירים ספציפיות. הוא משפר את החוזק, הגמישות והסיבולת הכללית."
פשיטת מרפקים בחבל בפולי תחתון,,,standing,medium,פשיטת מרפקים בחבל בפולי תחתון,"The exercise 'פשיטת מרפקים בחבל בפולי תחתון' is designed to enhance physical fitness by targeting specific muscle groups. It improves strength, flexibility, and overall endurance.","התרגיל 'פשיטת מרפקים בחבל בפולי תחתון' נועד לשפר את הכושר הגופני תוך מיקוד קבוצות שרירים ספציפיות. הוא משפר את החוזק, הגמישות והסיבולת הכללית."
מתח בגרביטון,,,standing,low,מתח בגרביטון,"The exercise 'מתח בגרביטון' is designed to enhance physical fitness by targeting specific muscle groups. It improves strength, flexibility, and overall endurance.","התרגיל 'מתח בגרביטון' נועד לשפר את הכושר הגופני תוך מיקוד קבוצות שרירים ספציפיות. הוא משפר את החוזק, הגמישות והסיבולת הכללית."
חתירה בפולי תחתון בתמיכת ספה איבר-בודד,,,standing,low,חתירה בפולי תחתון בתמיכת ספה איבר-בודד,"The exercise 'חתירה בפולי תחתון בתמיכת ספה איבר-בודד' is designed to enhance physical fitness by targeting specific muscle groups. It improves strength, flexibility, and overall endurance.","התרגיל 'חתירה בפולי תחתון בתמיכת ספה איבר-בודד' נועד לשפר את הכושר הגופני תוך מיקוד קבוצות שרירים ספציפיות. הוא משפר את החוזק, הגמישות והסיבולת הכללית."
משיכה בפולי אחיזה רחבה איירון,,,standing,low,משיכה בפולי אחיזה רחבה איירון,"The exercise 'משיכה בפולי אחיזה רחבה איירון' is designed to enhance physical fitness by targeting specific muscle groups. It improves strength, flexibility, and overall endurance.","התרגיל 'משיכה בפולי אחיזה רחבה איירון' נועד לשפר את הכושר הגופני תוך מיקוד קבוצות שרירים ספציפיות. הוא משפר את החוזק, הגמישות והסיבולת הכללית."
פשיטת-מרפקים בפולי עליון  שני חבלים,,,standing,medium,פשיטת-מרפקים בפולי עליון  שני חבלים,"The exercise 'פשיטת-מרפקים בפולי עליון  שני חבלים' is designed to enhance physical fitness by targeting specific muscle groups. It improves strength, flexibility, and overall endurance.","התרגיל 'פשיטת-מרפקים בפולי עליון  שני חבלים' נועד לשפר את הכושר הגופני תוך מיקוד קבוצות שרירים ספציפיות. הוא משפר את החוזק, הגמישות והסיבולת הכללית."
ביסטנס היפ-טרסט,,,standing,low,ביסטנס היפ-טרסט,"The exercise 'ביסטנס היפ-טרסט' is designed to enhance physical fitness by targeting specific muscle groups. It improves strength, flexibility, and overall endurance.","התרגיל 'ביסטנס היפ-טרסט' נועד לשפר את הכושר הגופני תוך מיקוד קבוצות שרירים ספציפיות. הוא משפר את החוזק, הגמישות והסיבולת הכללית."
היפ-טרסט חזרה וחצי,,,seating,medium,היפ-טרסט חזרה וחצי,"The exercise 'היפ-טרסט חזרה וחצי' is designed to enhance physical fitness by targeting specific muscle groups. It improves strength, flexibility, and overall endurance.","התרגיל 'היפ-טרסט חזרה וחצי' נועד לשפר את הכושר הגופני תוך מיקוד קבוצות שרירים ספציפיות. הוא משפר את החוזק, הגמישות והסיבולת הכללית."
פשיטת מרפקים משקולת יד בעמידה,,,standing,low,פשיטת מרפקים משקולת יד בעמידה,"The exercise 'פשיטת מרפקים משקולת יד בעמידה' is designed to enhance physical fitness by targeting specific muscle groups. It improves strength, flexibility, and overall endurance.","התרגיל 'פשיטת מרפקים משקולת יד בעמידה' נועד לשפר את הכושר הגופני תוך מיקוד קבוצות שרירים ספציפיות. הוא משפר את החוזק, הגמישות והסיבולת הכללית."
היפ-טרסט אמריקאי עם גומייה,,,seating,medium,היפ-טרסט אמריקאי עם גומייה,"The exercise 'היפ-טרסט אמריקאי עם גומייה' is designed to enhance physical fitness by targeting specific muscle groups. It improves strength, flexibility, and overall endurance.","התרגיל 'היפ-טרסט אמריקאי עם גומייה' נועד לשפר את הכושר הגופני תוך מיקוד קבוצות שרירים ספציפיות. הוא משפר את החוזק, הגמישות והסיבולת הכללית."
,https://www.youtube.com/watch?v=rz8wiN16BNc,WEIGHT,supine,hard,Incline barbell bench press,"The exercise 'Incline barbell bench press' is designed to enhance physical fitness by targeting specific muscle groups. It improves strength, flexibility, and overall endurance.","התרגיל 'nan' נועד לשפר את הכושר הגופני תוך מיקוד קבוצות שרירים ספציפיות. הוא משפר את החוזק, הגמישות והסיבולת הכללית."
,https://www.youtube.com/watch?v=WsPOYssC4XE,WEIGHT,,hard,Decline Dumbbell Chest Press,"The exercise 'Decline Dumbbell Chest Press' is designed to enhance physical fitness by targeting specific muscle groups. It improves strength, flexibility, and overall endurance.","התרגיל 'nan' נועד לשפר את הכושר הגופני תוך מיקוד קבוצות שרירים ספציפיות. הוא משפר את החוזק, הגמישות והסיבולת הכללית."
,https://www.youtube.com/watch?v=JUW5-Xne-Js,WEIGHT,supine,medium,Incline Cable Chest Press,"The exercise 'Incline Cable Chest Press' is designed to enhance physical fitness by targeting specific muscle groups. It improves strength, flexibility, and overall endurance.","התרגיל 'nan' נועד לשפר את הכושר הגופני תוך מיקוד קבוצות שרירים ספציפיות. הוא משפר את החוזק, הגמישות והסיבולת הכללית."
,https://www.youtube.com/watch?v=S5r7QUH7rUk,WEIGHT,standing,medium,Low Pulley reverse fly,"The exercise 'Low Pulley reverse fly' is designed to enhance physical fitness by targeting specific muscle groups. It improves strength, flexibility, and overall endurance.","התרגיל 'nan' נועד לשפר את הכושר הגופני תוך מיקוד קבוצות שרירים ספציפיות. הוא משפר את החוזק, הגמישות והסיבולת הכללית."
,https://www.youtube.com/watch?v=A58BHqktRpQ,WEIGHT,standing,low,Dumbbell Lateral Raise,"The exercise 'Dumbbell Lateral Raise' is designed to enhance physical fitness by targeting specific muscle groups. It improves strength, flexibility, and overall endurance.","התרגיל 'nan' נועד לשפר את הכושר הגופני תוך מיקוד קבוצות שרירים ספציפיות. הוא משפר את החוזק, הגמישות והסיבולת הכללית."
,https://www.youtube.com/watch?v=MWZ21nR2ocE,WEIGHT,seating,medium,Incline Dumbbell Shoulder Press,"The exercise 'Incline Dumbbell Shoulder Press' is designed to enhance physical fitness by targeting specific muscle groups. It improves strength, flexibility, and overall endurance.","התרגיל 'nan' נועד לשפר את הכושר הגופני תוך מיקוד קבוצות שרירים ספציפיות. הוא משפר את החוזק, הגמישות והסיבולת הכללית."
,https://www.youtube.com/watch?v=2EGe9soq4Ek,WEIGHT,standing,medium,High cable fly,"The exercise 'High cable fly' is designed to enhance physical fitness by targeting specific muscle groups. It improves strength, flexibility, and overall endurance.","התרגיל 'nan' נועד לשפר את הכושר הגופני תוך מיקוד קבוצות שרירים ספציפיות. הוא משפר את החוזק, הגמישות והסיבולת הכללית."
,https://www.youtube.com/watch?v=XnSHS38yFNE,WEIGHT,standing,medium,Low Cable Lateral Raise,"The exercise 'Low Cable Lateral Raise' is designed to enhance physical fitness by targeting specific muscle groups. It improves strength, flexibility, and overall endurance.","התרגיל 'nan' נועד לשפר את הכושר הגופני תוך מיקוד קבוצות שרירים ספציפיות. הוא משפר את החוזק, הגמישות והסיבולת הכללית."
,https://www.youtube.com/watch?v=skf-_cqtqn0,WEIGHT,standing,medium,Standing barbell Row,"The exercise 'Standing barbell Row' is designed to enhance physical fitness by targeting specific muscle groups. It improves strength, flexibility, and overall endurance.","התרגיל 'nan' נועד לשפר את הכושר הגופני תוך מיקוד קבוצות שרירים ספציפיות. הוא משפר את החוזק, הגמישות והסיבולת הכללית."
,https://www.youtube.com/watch?v=GyPENveX47c,WEIGHT,standing,medium,Low Cable Fly,"The exercise 'Low Cable Fly' is designed to enhance physical fitness by targeting specific muscle groups. It improves strength, flexibility, and overall endurance.","התרגיל 'nan' נועד לשפר את הכושר הגופני תוך מיקוד קבוצות שרירים ספציפיות. הוא משפר את החוזק, הגמישות והסיבולת הכללית."
,https://www.youtube.com/watch?v=xgTfSVuZFK8,WEIGHT,standing,medium,Single-Arm Low Pulley reverse fly,"The exercise 'Single-Arm Low Pulley reverse fly' is designed to enhance physical fitness by targeting specific muscle groups. It improves strength, flexibility, and overall endurance.","התרגיל 'nan' נועד לשפר את הכושר הגופני תוך מיקוד קבוצות שרירים ספציפיות. הוא משפר את החוזק, הגמישות והסיבולת הכללית."
,https://www.youtube.com/watch?v=K9IFlzdnhcY,WEIGHT,seating,medium,Horizontal Dumbbell Row,"The exercise 'Horizontal Dumbbell Row' is designed to enhance physical fitness by targeting specific muscle groups. It improves strength, flexibility, and overall endurance.","התרגיל 'nan' נועד לשפר את הכושר הגופני תוך מיקוד קבוצות שרירים ספציפיות. הוא משפר את החוזק, הגמישות והסיבולת הכללית."
,https://www.youtube.com/watch?v=jFoFWYRnS5M,WEIGHT,seating,medium,Dumbbell Shoulder Press,"The exercise 'Dumbbell Shoulder Press' is designed to enhance physical fitness by targeting specific muscle groups. It improves strength, flexibility, and overall endurance.","התרגיל 'nan' נועד לשפר את הכושר הגופני תוך מיקוד קבוצות שרירים ספציפיות. הוא משפר את החוזק, הגמישות והסיבולת הכללית."
,https://www.youtube.com/watch?v=pbsnx6oRrq4,WEIGHT,,medium,High Cable Chest Press,"The exercise 'High Cable Chest Press' is designed to enhance physical fitness by targeting specific muscle groups. It improves strength, flexibility, and overall endurance.","התרגיל 'nan' נועד לשפר את הכושר הגופני תוך מיקוד קבוצות שרירים ספציפיות. הוא משפר את החוזק, הגמישות והסיבולת הכללית."
,https://www.youtube.com/watch?v=x_aKH3hNFro,WEIGHT,seating,medium,Middle Cable Fly,"The exercise 'Middle Cable Fly' is designed to enhance physical fitness by targeting specific muscle groups. It improves strength, flexibility, and overall endurance.","התרגיל 'nan' נועד לשפר את הכושר הגופני תוך מיקוד קבוצות שרירים ספציפיות. הוא משפר את החוזק, הגמישות והסיבולת הכללית."
,https://www.youtube.com/watch?v=1R74IsyQX1I,WEIGHT,standing,hard,Dips,"The exercise 'Dips' is designed to enhance physical fitness by targeting specific muscle groups. It improves strength, flexibility, and overall endurance.","התרגיל 'nan' נועד לשפר את הכושר הגופני תוך מיקוד קבוצות שרירים ספציפיות. הוא משפר את החוזק, הגמישות והסיבולת הכללית."
,https://www.youtube.com/watch?v=wIYN4ogstTE,WEIGHT,standing,low,Single-Arm Dumbbell Lateral Raise,"The exercise 'Single-Arm Dumbbell Lateral Raise' is designed to enhance physical fitness by targeting specific muscle groups. It improves strength, flexibility, and overall endurance.","התרגיל 'nan' נועד לשפר את הכושר הגופני תוך מיקוד קבוצות שרירים ספציפיות. הוא משפר את החוזק, הגמישות והסיבולת הכללית."
,https://www.youtube.com/watch?v=EsRG2os68fU,WEIGHT,,medium,Close-Grip Chest Press,"The exercise 'Close-Grip Chest Press' is designed to enhance physical fitness by targeting specific muscle groups. It improves strength, flexibility, and overall endurance.","התרגיל 'nan' נועד לשפר את הכושר הגופני תוך מיקוד קבוצות שרירים ספציפיות. הוא משפר את החוזק, הגמישות והסיבולת הכללית."
,https://www.youtube.com/watch?v=RXZeODE64gc,WEIGHT,standing,medium,Singl-Arm Low Pulley Lateral Raise,"The exercise 'Singl-Arm Low Pulley Lateral Raise' is designed to enhance physical fitness by targeting specific muscle groups. It improves strength, flexibility, and overall endurance.","התרגיל 'nan' נועד לשפר את הכושר הגופני תוך מיקוד קבוצות שרירים ספציפיות. הוא משפר את החוזק, הגמישות והסיבולת הכללית."
,https://www.youtube.com/watch?v=qaCAAHvx7Y8,WEIGHT,standing,medium,Standing Low Pulley Row,"The exercise 'Standing Low Pulley Row' is designed to enhance physical fitness by targeting specific muscle groups. It improves strength, flexibility, and overall endurance.","התרגיל 'nan' נועד לשפר את הכושר הגופני תוך מיקוד קבוצות שרירים ספציפיות. הוא משפר את החוזק, הגמישות והסיבולת הכללית."
,,WEIGHT,standing,medium,חוטב-עצים,"The exercise 'חוטב-עצים' is designed to enhance physical fitness by targeting specific muscle groups. It improves strength, flexibility, and overall endurance.","התרגיל 'nan' נועד לשפר את הכושר הגופני תוך מיקוד קבוצות שרירים ספציפיות. הוא משפר את החוזק, הגמישות והסיבולת הכללית."
,https://www.youtube.com/watch?v=LrLQHJGoGQ4,WEIGHT,seating,low,Wide Grip Lat Pulldown,"The exercise 'Wide Grip Lat Pulldown' is designed to enhance physical fitness by targeting specific muscle groups. It improves strength, flexibility, and overall endurance.","התרגיל 'nan' נועד לשפר את הכושר הגופני תוך מיקוד קבוצות שרירים ספציפיות. הוא משפר את החוזק, הגמישות והסיבולת הכללית."
,https://www.youtube.com/watch?v=11LWEUM-WhQ,WEIGHT,standing,hard,Barbell Romanian Deadlift,"The exercise 'Barbell Romanian Deadlift' is designed to enhance physical fitness by targeting specific muscle groups. It improves strength, flexibility, and overall endurance.","התרגיל 'nan' נועד לשפר את הכושר הגופני תוך מיקוד קבוצות שרירים ספציפיות. הוא משפר את החוזק, הגמישות והסיבולת הכללית."
,https://www.youtube.com/watch?v=NNhdYzm1nlo,WEIGHT,standing,medium,Sumo Squat,"The exercise 'Sumo Squat' is designed to enhance physical fitness by targeting specific muscle groups. It improves strength, flexibility, and overall endurance.","התרגיל 'nan' נועד לשפר את הכושר הגופני תוך מיקוד קבוצות שרירים ספציפיות. הוא משפר את החוזק, הגמישות והסיבולת הכללית."
,https://www.youtube.com/watch?v=TWFcyQUclaw,WEIGHT,seating,medium,Single-Arm Row,"The exercise 'Single-Arm Row' is designed to enhance physical fitness by targeting specific muscle groups. It improves strength, flexibility, and overall endurance.","התרגיל 'nan' נועד לשפר את הכושר הגופני תוך מיקוד קבוצות שרירים ספציפיות. הוא משפר את החוזק, הגמישות והסיבולת הכללית."
,https://www.youtube.com/watch?v=JSgMRaoT_JM,WEIGHT,standing,low,Standing Dumbbell SHRUGS,"The exercise 'Standing Dumbbell SHRUGS' is designed to enhance physical fitness by targeting specific muscle groups. It improves strength, flexibility, and overall endurance.","התרגיל 'nan' נועד לשפר את הכושר הגופני תוך מיקוד קבוצות שרירים ספציפיות. הוא משפר את החוזק, הגמישות והסיבולת הכללית."
,https://www.youtube.com/watch?v=uEbPb2_g7YE,WEIGHT,standing,hard,Bulgarian Split Squat,"The exercise 'Bulgarian Split Squat' is designed to enhance physical fitness by targeting specific muscle groups. It improves strength, flexibility, and overall endurance.","התרגיל 'nan' נועד לשפר את הכושר הגופני תוך מיקוד קבוצות שרירים ספציפיות. הוא משפר את החוזק, הגמישות והסיבולת הכללית."
,https://www.youtube.com/watch?v=rD14OzU3_lA,WEIGHT,standing,hard,Front Squat,"The exercise 'Front Squat' is designed to enhance physical fitness by targeting specific muscle groups. It improves strength, flexibility, and overall endurance.","התרגיל 'nan' נועד לשפר את הכושר הגופני תוך מיקוד קבוצות שרירים ספציפיות. הוא משפר את החוזק, הגמישות והסיבולת הכללית."
,https://www.youtube.com/watch?v=VFYgDIrs7j4,WEIGHT,standing,medium,Pullover with Rope Cable,"The exercise 'Pullover with Rope Cable' is designed to enhance physical fitness by targeting specific muscle groups. It improves strength, flexibility, and overall endurance.","התרגיל 'nan' נועד לשפר את הכושר הגופני תוך מיקוד קבוצות שרירים ספציפיות. הוא משפר את החוזק, הגמישות והסיבולת הכללית."
,https://www.youtube.com/watch?v=k6KRD5OGRQk,WEIGHT,standing,hard,Single-Leg Stiff leg Deadlift,"The exercise 'Single-Leg Stiff leg Deadlift' is designed to enhance physical fitness by targeting specific muscle groups. It improves strength, flexibility, and overall endurance.","התרגיל 'nan' נועד לשפר את הכושר הגופני תוך מיקוד קבוצות שרירים ספציפיות. הוא משפר את החוזק, הגמישות והסיבולת הכללית."
,https://www.youtube.com/watch?v=9UIcagXyXks,WEIGHT,standing,medium,Goblet Squat,"The exercise 'Goblet Squat' is designed to enhance physical fitness by targeting specific muscle groups. It improves strength, flexibility, and overall endurance.","התרגיל 'nan' נועד לשפר את הכושר הגופני תוך מיקוד קבוצות שרירים ספציפיות. הוא משפר את החוזק, הגמישות והסיבולת הכללית."
,https://www.youtube.com/watch?v=zKvLlIWMeP8,WEIGHT,,hard,Barbell Good Morning,"The exercise 'Barbell Good Morning' is designed to enhance physical fitness by targeting specific muscle groups. It improves strength, flexibility, and overall endurance.","התרגיל 'nan' נועד לשפר את הכושר הגופני תוך מיקוד קבוצות שרירים ספציפיות. הוא משפר את החוזק, הגמישות והסיבולת הכללית."
,https://www.youtube.com/watch?v=97lFbdgHO70,WEIGHT,seating,low,Close Grip Lat Pulldown,"The exercise 'Close Grip Lat Pulldown' is designed to enhance physical fitness by targeting specific muscle groups. It improves strength, flexibility, and overall endurance.","התרגיל 'nan' נועד לשפר את הכושר הגופני תוך מיקוד קבוצות שרירים ספציפיות. הוא משפר את החוזק, הגמישות והסיבולת הכללית."
,https://www.youtube.com/watch?v=lJ5k05ho570,WEIGHT,seating,medium,Seated Triangle Row,"The exercise 'Seated Triangle Row' is designed to enhance physical fitness by targeting specific muscle groups. It improves strength, flexibility, and overall endurance.","התרגיל 'nan' נועד לשפר את הכושר הגופני תוך מיקוד קבוצות שרירים ספציפיות. הוא משפר את החוזק, הגמישות והסיבולת הכללית."
,https://www.youtube.com/watch?v=zCU06mKfTNA,WEIGHT,standing,medium,Pull-up,"The exercise 'Pull-up' is designed to enhance physical fitness by targeting specific muscle groups. It improves strength, flexibility, and overall endurance.","התרגיל 'nan' נועד לשפר את הכושר הגופני תוך מיקוד קבוצות שרירים ספציפיות. הוא משפר את החוזק, הגמישות והסיבולת הכללית."
,https://www.youtube.com/watch?v=y7XUiRszcng,WEIGHT,standing,hard,Classic Deadlift,"The exercise 'Classic Deadlift' is designed to enhance physical fitness by targeting specific muscle groups. It improves strength, flexibility, and overall endurance.","התרגיל 'nan' נועד לשפר את הכושר הגופני תוך מיקוד קבוצות שרירים ספציפיות. הוא משפר את החוזק, הגמישות והסיבולת הכללית."
,https://www.youtube.com/watch?v=8gVT-Hge48M,WEIGHT,seating,medium,Cable Chest Press,"The exercise 'Cable Chest Press' is designed to enhance physical fitness by targeting specific muscle groups. It improves strength, flexibility, and overall endurance.","התרגיל 'nan' נועד לשפר את הכושר הגופני תוך מיקוד קבוצות שרירים ספציפיות. הוא משפר את החוזק, הגמישות והסיבולת הכללית."
,https://www.youtube.com/watch?v=R6Z91EUqjrU,WEIGHT,standing,medium,Elevated lunges,"The exercise 'Elevated lunges' is designed to enhance physical fitness by targeting specific muscle groups. It improves strength, flexibility, and overall endurance.","התרגיל 'nan' נועד לשפר את הכושר הגופני תוך מיקוד קבוצות שרירים ספציפיות. הוא משפר את החוזק, הגמישות והסיבולת הכללית."
,https://www.youtube.com/watch?v=RR2s3pn55x8,WEIGHT,,medium,Dumbbell Chest Press,"The exercise 'Dumbbell Chest Press' is designed to enhance physical fitness by targeting specific muscle groups. It improves strength, flexibility, and overall endurance.","התרגיל 'nan' נועד לשפר את הכושר הגופני תוך מיקוד קבוצות שרירים ספציפיות. הוא משפר את החוזק, הגמישות והסיבולת הכללית."
,https://www.youtube.com/watch?v=FcihozLiBpo,WEIGHT,standing,medium,Single-Leg Cable Hip Abduction,"The exercise 'Single-Leg Cable Hip Abduction' is designed to enhance physical fitness by targeting specific muscle groups. It improves strength, flexibility, and overall endurance.","התרגיל 'nan' נועד לשפר את הכושר הגופני תוך מיקוד קבוצות שרירים ספציפיות. הוא משפר את החוזק, הגמישות והסיבולת הכללית."
,https://www.youtube.com/watch?v=7LfQ1eixHw0,WEIGHT,standing,medium,Dynamic Lunges,"The exercise 'Dynamic Lunges' is designed to enhance physical fitness by targeting specific muscle groups. It improves strength, flexibility, and overall endurance.","התרגיל 'nan' נועד לשפר את הכושר הגופני תוך מיקוד קבוצות שרירים ספציפיות. הוא משפר את החוזק, הגמישות והסיבולת הכללית."
,https://www.youtube.com/watch?v=q5XyWYD7zak,WEIGHT,supine,medium,Incline Dumbbell Row,"The exercise 'Incline Dumbbell Row' is designed to enhance physical fitness by targeting specific muscle groups. It improves strength, flexibility, and overall endurance.","התרגיל 'nan' נועד לשפר את הכושר הגופני תוך מיקוד קבוצות שרירים ספציפיות. הוא משפר את החוזק, הגמישות והסיבולת הכללית."
,,WEIGHT,,hard,Close Grip Barbell bench Press,"The exercise 'Close Grip Barbell bench Press' is designed to enhance physical fitness by targeting specific muscle groups. It improves strength, flexibility, and overall endurance.","התרגיל 'nan' נועד לשפר את הכושר הגופני תוך מיקוד קבוצות שרירים ספציפיות. הוא משפר את החוזק, הגמישות והסיבולת הכללית."
,,WEIGHT,seating,medium,Seated Dumbbell Tricep overhead Extension,"The exercise 'Seated Dumbbell Tricep overhead Extension' is designed to enhance physical fitness by targeting specific muscle groups. It improves strength, flexibility, and overall endurance.","התרגיל 'nan' נועד לשפר את הכושר הגופני תוך מיקוד קבוצות שרירים ספציפיות. הוא משפר את החוזק, הגמישות והסיבולת הכללית."
,https://www.youtube.com/watch?v=ZFrxYDulOZ8,WEIGHT,supine,medium,Incline Dumbbell Skull Crusher,"The exercise 'Incline Dumbbell Skull Crusher' is designed to enhance physical fitness by targeting specific muscle groups. It improves strength, flexibility, and overall endurance.","התרגיל 'nan' נועד לשפר את הכושר הגופני תוך מיקוד קבוצות שרירים ספציפיות. הוא משפר את החוזק, הגמישות והסיבולת הכללית."
,https://www.youtube.com/watch?v=UUciGHYZrPY,WEIGHT,standing,medium,Dumbbell Shoulder raise,"The exercise 'Dumbbell Shoulder raise' is designed to enhance physical fitness by targeting specific muscle groups. It improves strength, flexibility, and overall endurance.","התרגיל 'nan' נועד לשפר את הכושר הגופני תוך מיקוד קבוצות שרירים ספציפיות. הוא משפר את החוזק, הגמישות והסיבולת הכללית."
,https://www.youtube.com/watch?v=DaUdcT3S2Pg,WEIGHT,,medium,Wide Grip Dumbbell Row,"The exercise 'Wide Grip Dumbbell Row' is designed to enhance physical fitness by targeting specific muscle groups. It improves strength, flexibility, and overall endurance.","התרגיל 'nan' נועד לשפר את הכושר הגופני תוך מיקוד קבוצות שרירים ספציפיות. הוא משפר את החוזק, הגמישות והסיבולת הכללית."
,https://www.youtube.com/watch?v=D1o5UjAh9pc,WEIGHT,standing,medium,W-Bar Skull Crusher,"The exercise 'W-Bar Skull Crusher' is designed to enhance physical fitness by targeting specific muscle groups. It improves strength, flexibility, and overall endurance.","התרגיל 'nan' נועד לשפר את הכושר הגופני תוך מיקוד קבוצות שרירים ספציפיות. הוא משפר את החוזק, הגמישות והסיבולת הכללית."
,https://www.youtube.com/watch?v=sdrnhaoVLD0,WEIGHT,standing,medium,Single-Arm Dumbbell Tricep overhead Extension,"The exercise 'Single-Arm Dumbbell Tricep overhead Extension' is designed to enhance physical fitness by targeting specific muscle groups. It improves strength, flexibility, and overall endurance.","התרגיל 'nan' נועד לשפר את הכושר הגופני תוך מיקוד קבוצות שרירים ספציפיות. הוא משפר את החוזק, הגמישות והסיבולת הכללית."
,https://www.youtube.com/watch?v=lkJABa-32p0,WEIGHT,,medium,Wide Grip Pulley Row,"The exercise 'Wide Grip Pulley Row' is designed to enhance physical fitness by targeting specific muscle groups. It improves strength, flexibility, and overall endurance.","התרגיל 'nan' נועד לשפר את הכושר הגופני תוך מיקוד קבוצות שרירים ספציפיות. הוא משפר את החוזק, הגמישות והסיבולת הכללית."
,https://www.youtube.com/watch?v=4DM5LYAX6uQ,WEIGHT,standing,medium,Bar Cable Tricep Extension,"The exercise 'Bar Cable Tricep Extension' is designed to enhance physical fitness by targeting specific muscle groups. It improves strength, flexibility, and overall endurance.","התרגיל 'nan' נועד לשפר את הכושר הגופני תוך מיקוד קבוצות שרירים ספציפיות. הוא משפר את החוזק, הגמישות והסיבולת הכללית."
,https://www.youtube.com/watch?v=EyK83maaig8,WEIGHT,standing,medium,Dumbbell Skull Crusher,"The exercise 'Dumbbell Skull Crusher' is designed to enhance physical fitness by targeting specific muscle groups. It improves strength, flexibility, and overall endurance.","התרגיל 'nan' נועד לשפר את הכושר הגופני תוך מיקוד קבוצות שרירים ספציפיות. הוא משפר את החוזק, הגמישות והסיבולת הכללית."
,https://www.youtube.com/watch?v=yVwOE1t284s,WEIGHT,supine,medium,Close-Grip push -ups,"The exercise 'Close-Grip push -ups' is designed to enhance physical fitness by targeting specific muscle groups. It improves strength, flexibility, and overall endurance.","התרגיל 'nan' נועד לשפר את הכושר הגופני תוך מיקוד קבוצות שרירים ספציפיות. הוא משפר את החוזק, הגמישות והסיבולת הכללית."
,,WEIGHT,standing,medium,Barbell Bicep Curl,"The exercise 'Barbell Bicep Curl' is designed to enhance physical fitness by targeting specific muscle groups. It improves strength, flexibility, and overall endurance.","התרגיל 'nan' נועד לשפר את הכושר הגופני תוך מיקוד קבוצות שרירים ספציפיות. הוא משפר את החוזק, הגמישות והסיבולת הכללית."
,https://www.youtube.com/watch?v=iA-rGfHFthM,WEIGHT,standing,low,Low Cable bar Bicep Curl,"The exercise 'Low Cable bar Bicep Curl' is designed to enhance physical fitness by targeting specific muscle groups. It improves strength, flexibility, and overall endurance.","התרגיל 'nan' נועד לשפר את הכושר הגופני תוך מיקוד קבוצות שרירים ספציפיות. הוא משפר את החוזק, הגמישות והסיבולת הכללית."
,https://www.youtube.com/watch?v=W6BKeABtD4A,WEIGHT,standing,medium,Supinated Grip Cable Tricep Extension,"The exercise 'Supinated Grip Cable Tricep Extension' is designed to enhance physical fitness by targeting specific muscle groups. It improves strength, flexibility, and overall endurance.","התרגיל 'nan' נועד לשפר את הכושר הגופני תוך מיקוד קבוצות שרירים ספציפיות. הוא משפר את החוזק, הגמישות והסיבולת הכללית."
,https://www.youtube.com/watch?v=i53GqUM1d4A,WEIGHT,,medium,Bench dips,"The exercise 'Bench dips' is designed to enhance physical fitness by targeting specific muscle groups. It improves strength, flexibility, and overall endurance.","התרגיל 'nan' נועד לשפר את הכושר הגופני תוך מיקוד קבוצות שרירים ספציפיות. הוא משפר את החוזק, הגמישות והסיבולת הכללית."
,https://www.youtube.com/watch?v=hsLaz_KoIZQ,WEIGHT,,medium,Low Cable Tricep Kickback,"The exercise 'Low Cable Tricep Kickback' is designed to enhance physical fitness by targeting specific muscle groups. It improves strength, flexibility, and overall endurance.","התרגיל 'nan' נועד לשפר את הכושר הגופני תוך מיקוד קבוצות שרירים ספציפיות. הוא משפר את החוזק, הגמישות והסיבולת הכללית."
,https://www.youtube.com/watch?v=lbiY2ZmLqm4,WEIGHT,standing,medium,Single-Arm Cable Tricep Extension with Handles,"The exercise 'Single-Arm Cable Tricep Extension with Handles' is designed to enhance physical fitness by targeting specific muscle groups. It improves strength, flexibility, and overall endurance.","התרגיל 'nan' נועד לשפר את הכושר הגופני תוך מיקוד קבוצות שרירים ספציפיות. הוא משפר את החוזק, הגמישות והסיבולת הכללית."
,https://www.youtube.com/watch?v=ydmGdH93Azo,WEIGHT,standing,low,Dumbbell Bicep Curl,"The exercise 'Dumbbell Bicep Curl' is designed to enhance physical fitness by targeting specific muscle groups. It improves strength, flexibility, and overall endurance.","התרגיל 'nan' נועד לשפר את הכושר הגופני תוך מיקוד קבוצות שרירים ספציפיות. הוא משפר את החוזק, הגמישות והסיבולת הכללית."
,https://www.youtube.com/watch?v=nlTSYvzmBA8,WEIGHT,supine,medium,Spider Curl with Dumbbells,"The exercise 'Spider Curl with Dumbbells' is designed to enhance physical fitness by targeting specific muscle groups. It improves strength, flexibility, and overall endurance.","התרגיל 'nan' נועד לשפר את הכושר הגופני תוך מיקוד קבוצות שרירים ספציפיות. הוא משפר את החוזק, הגמישות והסיבולת הכללית."
,https://www.youtube.com/watch?v=ItTLS8lDtsc,WEIGHT,standing,medium,Side to Crossover biceps Curl,"The exercise 'Side to Crossover biceps Curl' is designed to enhance physical fitness by targeting specific muscle groups. It improves strength, flexibility, and overall endurance.","התרגיל 'nan' נועד לשפר את הכושר הגופני תוך מיקוד קבוצות שרירים ספציפיות. הוא משפר את החוזק, הגמישות והסיבולת הכללית."
,https://www.youtube.com/watch?v=nHxmfxEIHSw,WEIGHT,standing,low,Low Cable Rope overhead Tricep Extension,"The exercise 'Low Cable Rope overhead Tricep Extension' is designed to enhance physical fitness by targeting specific muscle groups. It improves strength, flexibility, and overall endurance.","התרגיל 'nan' נועד לשפר את הכושר הגופני תוך מיקוד קבוצות שרירים ספציפיות. הוא משפר את החוזק, הגמישות והסיבולת הכללית."
,https://www.youtube.com/watch?v=j9LF-1-0qB0,WEIGHT,seating,medium,Hammer Grip Hip Support Dumbbell Curl,"The exercise 'Hammer Grip Hip Support Dumbbell Curl' is designed to enhance physical fitness by targeting specific muscle groups. It improves strength, flexibility, and overall endurance.","התרגיל 'nan' נועד לשפר את הכושר הגופני תוך מיקוד קבוצות שרירים ספציפיות. הוא משפר את החוזק, הגמישות והסיבולת הכללית."
,https://www.youtube.com/watch?v=0pdJGjHWlyo,WEIGHT,standing,medium,Back to Crossover biceps Curl,"The exercise 'Back to Crossover biceps Curl' is designed to enhance physical fitness by targeting specific muscle groups. It improves strength, flexibility, and overall endurance.","התרגיל 'nan' נועד לשפר את הכושר הגופני תוך מיקוד קבוצות שרירים ספציפיות. הוא משפר את החוזק, הגמישות והסיבולת הכללית."
,https://www.youtube.com/watch?v=FGd5icsQBTs,WEIGHT,supine,medium,Incline Dumbbell Curl,"The exercise 'Incline Dumbbell Curl' is designed to enhance physical fitness by targeting specific muscle groups. It improves strength, flexibility, and overall endurance.","התרגיל 'nan' נועד לשפר את הכושר הגופני תוך מיקוד קבוצות שרירים ספציפיות. הוא משפר את החוזק, הגמישות והסיבולת הכללית."
,https://www.youtube.com/watch?v=EDJVnbZXetg,WEIGHT,,medium,Dumbbell Tricep Kickback,"The exercise 'Dumbbell Tricep Kickback' is designed to enhance physical fitness by targeting specific muscle groups. It improves strength, flexibility, and overall endurance.","התרגיל 'nan' נועד לשפר את הכושר הגופני תוך מיקוד קבוצות שרירים ספציפיות. הוא משפר את החוזק, הגמישות והסיבולת הכללית."
,https://www.youtube.com/watch?v=tqBOHd479Vw,WEIGHT,standing,medium,Hammer Dumbbell Bicep Curl,"The exercise 'Hammer Dumbbell Bicep Curl' is designed to enhance physical fitness by targeting specific muscle groups. It improves strength, flexibility, and overall endurance.","התרגיל 'nan' נועד לשפר את הכושר הגופני תוך מיקוד קבוצות שרירים ספציפיות. הוא משפר את החוזק, הגמישות והסיבולת הכללית."
,https://www.youtube.com/watch?v=f8Z9VfyOFSo,WEIGHT,supine,medium,Incline W-Bar Skull Crusher,"The exercise 'Incline W-Bar Skull Crusher' is designed to enhance physical fitness by targeting specific muscle groups. It improves strength, flexibility, and overall endurance.","התרגיל 'nan' נועד לשפר את הכושר הגופני תוך מיקוד קבוצות שרירים ספציפיות. הוא משפר את החוזק, הגמישות והסיבולת הכללית."
,https://www.youtube.com/watch?v=VJ2awqMbSeE,WEIGHT,standing,low,Single-Arm Low Cable Bicep Curl on bench Support,"The exercise 'Single-Arm Low Cable Bicep Curl on bench Support' is designed to enhance physical fitness by targeting specific muscle groups. It improves strength, flexibility, and overall endurance.","התרגיל 'nan' נועד לשפר את הכושר הגופני תוך מיקוד קבוצות שרירים ספציפיות. הוא משפר את החוזק, הגמישות והסיבולת הכללית."
,https://www.youtube.com/watch?v=9WsXkYTz3JE,WEIGHT,standing,medium,Rope Cable Tricep Extension,"The exercise 'Rope Cable Tricep Extension' is designed to enhance physical fitness by targeting specific muscle groups. It improves strength, flexibility, and overall endurance.","התרגיל 'nan' נועד לשפר את הכושר הגופני תוך מיקוד קבוצות שרירים ספציפיות. הוא משפר את החוזק, הגמישות והסיבולת הכללית."
,https://www.youtube.com/watch?v=Zb_IhKAikoQ,WEIGHT,standing,low,Single-Arm Dumbbell Shoulder raise,"The exercise 'Single-Arm Dumbbell Shoulder raise' is designed to enhance physical fitness by targeting specific muscle groups. It improves strength, flexibility, and overall endurance.","התרגיל 'nan' נועד לשפר את הכושר הגופני תוך מיקוד קבוצות שרירים ספציפיות. הוא משפר את החוזק, הגמישות והסיבולת הכללית."
,https://www.youtube.com/watch?v=qLaszSiESnI,WEIGHT,standing,medium,W-Bar Bicep Curl,"The exercise 'W-Bar Bicep Curl' is designed to enhance physical fitness by targeting specific muscle groups. It improves strength, flexibility, and overall endurance.","התרגיל 'nan' נועד לשפר את הכושר הגופני תוך מיקוד קבוצות שרירים ספציפיות. הוא משפר את החוזק, הגמישות והסיבולת הכללית."
,https://www.youtube.com/watch?v=v4f2SwkNd4c,TIME,supine,low,Incline Static plank,"The exercise 'Incline Static plank' is designed to enhance physical fitness by targeting specific muscle groups. It improves strength, flexibility, and overall endurance.","התרגיל 'nan' נועד לשפר את הכושר הגופני תוך מיקוד קבוצות שרירים ספציפיות. הוא משפר את החוזק, הגמישות והסיבולת הכללית."
,https://www.youtube.com/watch?v=uB0jMkOMbEI,WEIGHT,,medium,Ab whell Knee Support,"The exercise 'Ab whell Knee Support' is designed to enhance physical fitness by targeting specific muscle groups. It improves strength, flexibility, and overall endurance.","התרגיל 'nan' נועד לשפר את הכושר הגופני תוך מיקוד קבוצות שרירים ספציפיות. הוא משפר את החוזק, הגמישות והסיבולת הכללית."
,https://www.youtube.com/watch?v=KJ-qLqC5yUg,TIME,,medium,Decline Static plank,"The exercise 'Decline Static plank' is designed to enhance physical fitness by targeting specific muscle groups. It improves strength, flexibility, and overall endurance.","התרגיל 'nan' נועד לשפר את הכושר הגופני תוך מיקוד קבוצות שרירים ספציפיות. הוא משפר את החוזק, הגמישות והסיבולת הכללית."
,https://www.youtube.com/watch?v=kzpl8RMzku8,WEIGHT,seating,medium,High Pulley Ab Crunches,"The exercise 'High Pulley Ab Crunches' is designed to enhance physical fitness by targeting specific muscle groups. It improves strength, flexibility, and overall endurance.","התרגיל 'nan' נועד לשפר את הכושר הגופני תוך מיקוד קבוצות שרירים ספציפיות. הוא משפר את החוזק, הגמישות והסיבולת הכללית."
,https://www.youtube.com/watch?v=-F_pbHg7lGY,WEIGHT,supine,medium,Bicycle Ab Crunches,"The exercise 'Bicycle Ab Crunches' is designed to enhance physical fitness by targeting specific muscle groups. It improves strength, flexibility, and overall endurance.","התרגיל 'nan' נועד לשפר את הכושר הגופני תוך מיקוד קבוצות שרירים ספציפיות. הוא משפר את החוזק, הגמישות והסיבולת הכללית."
,https://www.youtube.com/watch?v=IN5trd23wuE,TIME,,medium,Side Static plank,"The exercise 'Side Static plank' is designed to enhance physical fitness by targeting specific muscle groups. It improves strength, flexibility, and overall endurance.","התרגיל 'nan' נועד לשפר את הכושר הגופני תוך מיקוד קבוצות שרירים ספציפיות. הוא משפר את החוזק, הגמישות והסיבולת הכללית."
,https://www.youtube.com/watch?v=xyhEUGy5jpg,WEIGHT,supine,medium,BOSU ab Crunches,"The exercise 'BOSU ab Crunches' is designed to enhance physical fitness by targeting specific muscle groups. It improves strength, flexibility, and overall endurance.","התרגיל 'nan' נועד לשפר את הכושר הגופני תוך מיקוד קבוצות שרירים ספציפיות. הוא משפר את החוזק, הגמישות והסיבולת הכללית."
,https://www.youtube.com/watch?v=R8TUrQ4XH98,WEIGHT,supine,hard,Lying Russian Twist,"The exercise 'Lying Russian Twist' is designed to enhance physical fitness by targeting specific muscle groups. It improves strength, flexibility, and overall endurance.","התרגיל 'nan' נועד לשפר את הכושר הגופני תוך מיקוד קבוצות שרירים ספציפיות. הוא משפר את החוזק, הגמישות והסיבולת הכללית."
,,WEIGHT,,medium,Close Grip Bench Press,"The exercise 'Close Grip Bench Press' is designed to enhance physical fitness by targeting specific muscle groups. It improves strength, flexibility, and overall endurance.","התרגיל 'nan' נועד לשפר את הכושר הגופני תוך מיקוד קבוצות שרירים ספציפיות. הוא משפר את החוזק, הגמישות והסיבולת הכללית."
,,WEIGHT,standing,medium,Step-up Box,"The exercise 'Step-up Box' is designed to enhance physical fitness by targeting specific muscle groups. It improves strength, flexibility, and overall endurance.","התרגיל 'nan' נועד לשפר את הכושר הגופני תוך מיקוד קבוצות שרירים ספציפיות. הוא משפר את החוזק, הגמישות והסיבולת הכללית."
,,WEIGHT,seating,medium,Cross-Over Seated Shoulder Press,"The exercise 'Cross-Over Seated Shoulder Press' is designed to enhance physical fitness by targeting specific muscle groups. It improves strength, flexibility, and overall endurance.","התרגיל 'nan' נועד לשפר את הכושר הגופני תוך מיקוד קבוצות שרירים ספציפיות. הוא משפר את החוזק, הגמישות והסיבולת הכללית."
,,WEIGHT,seating,medium,Seated Tricep extention handles back to machine,"The exercise 'Seated Tricep extention handles back to machine' is designed to enhance physical fitness by targeting specific muscle groups. It improves strength, flexibility, and overall endurance.","התרגיל 'nan' נועד לשפר את הכושר הגופני תוך מיקוד קבוצות שרירים ספציפיות. הוא משפר את החוזק, הגמישות והסיבולת הכללית."
,,WEIGHT,standing,medium,Woodchopper twist,"The exercise 'Woodchopper twist' is designed to enhance physical fitness by targeting specific muscle groups. It improves strength, flexibility, and overall endurance.","התרגיל 'nan' נועד לשפר את הכושר הגופני תוך מיקוד קבוצות שרירים ספציפיות. הוא משפר את החוזק, הגמישות והסיבולת הכללית."
,,WEIGHT,seating,medium,Upper Pulley reverse fly,"The exercise 'Upper Pulley reverse fly' is designed to enhance physical fitness by targeting specific muscle groups. It improves strength, flexibility, and overall endurance.","התרגיל 'nan' נועד לשפר את הכושר הגופני תוך מיקוד קבוצות שרירים ספציפיות. הוא משפר את החוזק, הגמישות והסיבולת הכללית."
,,WEIGHT,standing,medium,Bent over Low Pulley Row with Triangle Handle,"The exercise 'Bent over Low Pulley Row with Triangle Handle' is designed to enhance physical fitness by targeting specific muscle groups. It improves strength, flexibility, and overall endurance.","התרגיל 'nan' נועד לשפר את הכושר הגופני תוך מיקוד קבוצות שרירים ספציפיות. הוא משפר את החוזק, הגמישות והסיבולת הכללית."
,https://www.youtube.com/watch?v=bYrWWpjDwZA,WEIGHT,standing,medium,Crossover Squat,"The exercise 'Crossover Squat' is designed to enhance physical fitness by targeting specific muscle groups. It improves strength, flexibility, and overall endurance.","התרגיל 'nan' נועד לשפר את הכושר הגופני תוך מיקוד קבוצות שרירים ספציפיות. הוא משפר את החוזק, הגמישות והסיבולת הכללית."
,https://www.youtube.com/watch?v=1-72QdUYKm8,WEIGHT,standing,medium,Bulgarian Split Squat in Crossover,"The exercise 'Bulgarian Split Squat in Crossover' is designed to enhance physical fitness by targeting specific muscle groups. It improves strength, flexibility, and overall endurance.","התרגיל 'nan' נועד לשפר את הכושר הגופני תוך מיקוד קבוצות שרירים ספציפיות. הוא משפר את החוזק, הגמישות והסיבולת הכללית."
,https://www.youtube.com/watch?v=fcTDEtv_pzw,WEIGHT,seating,hard,Nordic Curls,"The exercise 'Nordic Curls' is designed to enhance physical fitness by targeting specific muscle groups. It improves strength, flexibility, and overall endurance.","התרגיל 'nan' נועד לשפר את הכושר הגופני תוך מיקוד קבוצות שרירים ספציפיות. הוא משפר את החוזק, הגמישות והסיבולת הכללית."
,https://www.youtube.com/watch?v=rReJDFFgoSo,WEIGHT,,medium,Rope Face Pulls on High Pulley,"The exercise 'Rope Face Pulls on High Pulley' is designed to enhance physical fitness by targeting specific muscle groups. It improves strength, flexibility, and overall endurance.","התרגיל 'nan' נועד לשפר את הכושר הגופני תוך מיקוד קבוצות שרירים ספציפיות. הוא משפר את החוזק, הגמישות והסיבולת הכללית."
,https://www.youtube.com/watch?v=e9McOVr3yM4,WEIGHT,supine,medium,Incline Dumbbell Fly press,"The exercise 'Incline Dumbbell Fly press' is designed to enhance physical fitness by targeting specific muscle groups. It improves strength, flexibility, and overall endurance.","התרגיל 'nan' נועד לשפר את הכושר הגופני תוך מיקוד קבוצות שרירים ספציפיות. הוא משפר את החוזק, הגמישות והסיבולת הכללית."
,https://www.youtube.com/watch?v=h8W8CPxHTs0,WEIGHT,seating,medium,Single leg Hip Thrust,"The exercise 'Single leg Hip Thrust' is designed to enhance physical fitness by targeting specific muscle groups. It improves strength, flexibility, and overall endurance.","התרגיל 'nan' נועד לשפר את הכושר הגופני תוך מיקוד קבוצות שרירים ספציפיות. הוא משפר את החוזק, הגמישות והסיבולת הכללית."
,https://www.youtube.com/watch?v=1KSs-7nflH8,WEIGHT,supine,medium,Decline push ups,"The exercise 'Decline push ups' is designed to enhance physical fitness by targeting specific muscle groups. It improves strength, flexibility, and overall endurance.","התרגיל 'nan' נועד לשפר את הכושר הגופני תוך מיקוד קבוצות שרירים ספציפיות. הוא משפר את החוזק, הגמישות והסיבולת הכללית."
,https://www.youtube.com/watch?v=we8NCVf5qu8,WEIGHT,standing,medium,Pull-Up Supination Grip,"The exercise 'Pull-Up Supination Grip' is designed to enhance physical fitness by targeting specific muscle groups. It improves strength, flexibility, and overall endurance.","התרגיל 'nan' נועד לשפר את הכושר הגופני תוך מיקוד קבוצות שרירים ספציפיות. הוא משפר את החוזק, הגמישות והסיבולת הכללית."
,https://www.youtube.com/watch?v=rCgvI-7mmN0,WEIGHT,standing,medium,Standing High Pulley Twists,"The exercise 'Standing High Pulley Twists' is designed to enhance physical fitness by targeting specific muscle groups. It improves strength, flexibility, and overall endurance.","התרגיל 'nan' נועד לשפר את הכושר הגופני תוך מיקוד קבוצות שרירים ספציפיות. הוא משפר את החוזק, הגמישות והסיבולת הכללית."
,https://www.youtube.com/watch?v=mCBhYUqCAeU,WEIGHT,standing,medium,Single Leg Romanian Deadlift,"The exercise 'Single Leg Romanian Deadlift' is designed to enhance physical fitness by targeting specific muscle groups. It improves strength, flexibility, and overall endurance.","התרגיל 'nan' נועד לשפר את הכושר הגופני תוך מיקוד קבוצות שרירים ספציפיות. הוא משפר את החוזק, הגמישות והסיבולת הכללית."
,https://www.youtube.com/watch?v=o2pdPZelUpw,WEIGHT,standing,medium,T-Bar Romanian Deadlift,"The exercise 'T-Bar Romanian Deadlift' is designed to enhance physical fitness by targeting specific muscle groups. It improves strength, flexibility, and overall endurance.","התרגיל 'nan' נועד לשפר את הכושר הגופני תוך מיקוד קבוצות שרירים ספציפיות. הוא משפר את החוזק, הגמישות והסיבולת הכללית."
,https://www.youtube.com/watch?v=Rh6iqqXac8U,WEIGHT,supine,medium,Incline Cable Fly,"The exercise 'Incline Cable Fly' is designed to enhance physical fitness by targeting specific muscle groups. It improves strength, flexibility, and overall endurance.","התרגיל 'nan' נועד לשפר את הכושר הגופני תוך מיקוד קבוצות שרירים ספציפיות. הוא משפר את החוזק, הגמישות והסיבולת הכללית."
,https://www.youtube.com/watch?v=cayygCYFCbI,WEIGHT,standing,medium,Pullover back to pully,"The exercise 'Pullover back to pully' is designed to enhance physical fitness by targeting specific muscle groups. It improves strength, flexibility, and overall endurance.","התרגיל 'nan' נועד לשפר את הכושר הגופני תוך מיקוד קבוצות שרירים ספציפיות. הוא משפר את החוזק, הגמישות והסיבולת הכללית."
,https://www.youtube.com/watch?v=BSBVrqvRk3A,WEIGHT,,medium,Frog Walk,"The exercise 'Frog Walk' is designed to enhance physical fitness by targeting specific muscle groups. It improves strength, flexibility, and overall endurance.","התרגיל 'nan' נועד לשפר את הכושר הגופני תוך מיקוד קבוצות שרירים ספציפיות. הוא משפר את החוזק, הגמישות והסיבולת הכללית."
,https://www.youtube.com/watch?v=jB82UEQoD_w,WEIGHT,seating,low,Glute Bridge,"The exercise 'Glute Bridge' is designed to enhance physical fitness by targeting specific muscle groups. It improves strength, flexibility, and overall endurance.","התרגיל 'nan' נועד לשפר את הכושר הגופני תוך מיקוד קבוצות שרירים ספציפיות. הוא משפר את החוזק, הגמישות והסיבולת הכללית."
,https://www.youtube.com/watch?v=YJjEGrbiwG0,WEIGHT,supine,low,Incline push ups,"The exercise 'Incline push ups' is designed to enhance physical fitness by targeting specific muscle groups. It improves strength, flexibility, and overall endurance.","התרגיל 'nan' נועד לשפר את הכושר הגופני תוך מיקוד קבוצות שרירים ספציפיות. הוא משפר את החוזק, הגמישות והסיבולת הכללית."
,https://www.youtube.com/watch?v=EGzJEgs01jA,WEIGHT,standing,medium,Kettlebell Swing,"The exercise 'Kettlebell Swing' is designed to enhance physical fitness by targeting specific muscle groups. It improves strength, flexibility, and overall endurance.","התרגיל 'nan' נועד לשפר את הכושר הגופני תוך מיקוד קבוצות שרירים ספציפיות. הוא משפר את החוזק, הגמישות והסיבולת הכללית."
,,WEIGHT,standing,medium,Back to Crossover Lateral Raise,"The exercise 'Back to Crossover Lateral Raise' is designed to enhance physical fitness by targeting specific muscle groups. It improves strength, flexibility, and overall endurance.","התרגיל 'nan' נועד לשפר את הכושר הגופני תוך מיקוד קבוצות שרירים ספציפיות. הוא משפר את החוזק, הגמישות והסיבולת הכללית."
,https://www.youtube.com/watch?v=PfrASwbSAxQ,WEIGHT,seating,medium,Seated cable row to chest,"The exercise 'Seated cable row to chest' is designed to enhance physical fitness by targeting specific muscle groups. It improves strength, flexibility, and overall endurance.","התרגיל 'nan' נועד לשפר את הכושר הגופני תוך מיקוד קבוצות שרירים ספציפיות. הוא משפר את החוזק, הגמישות והסיבולת הכללית."
,https://www.youtube.com/watch?v=gcrhgd_2ZQY,WEIGHT,standing,medium,Dumbbells Romanian Deadlift,"The exercise 'Dumbbells Romanian Deadlift' is designed to enhance physical fitness by targeting specific muscle groups. It improves strength, flexibility, and overall endurance.","התרגיל 'nan' נועד לשפר את הכושר הגופני תוך מיקוד קבוצות שרירים ספציפיות. הוא משפר את החוזק, הגמישות והסיבולת הכללית."
,https://www.youtube.com/watch?v=iImVaJRHXf8,WEIGHT,supine,low,Lying back extention Superman,"The exercise 'Lying back extention Superman' is designed to enhance physical fitness by targeting specific muscle groups. It improves strength, flexibility, and overall endurance.","התרגיל 'nan' נועד לשפר את הכושר הגופני תוך מיקוד קבוצות שרירים ספציפיות. הוא משפר את החוזק, הגמישות והסיבולת הכללית."
,https://www.youtube.com/watch?v=28HYmXHs0hg,WEIGHT,supine,low,Incline Dumbbells Hammer Curl,"The exercise 'Incline Dumbbells Hammer Curl' is designed to enhance physical fitness by targeting specific muscle groups. It improves strength, flexibility, and overall endurance.","התרגיל 'nan' נועד לשפר את הכושר הגופני תוך מיקוד קבוצות שרירים ספציפיות. הוא משפר את החוזק, הגמישות והסיבולת הכללית."
,https://www.youtube.com/watch?v=KOLgDmV5xW8,WEIGHT,standing,low,Gravitron Pull-up Supination Grip,"The exercise 'Gravitron Pull-up Supination Grip' is designed to enhance physical fitness by targeting specific muscle groups. It improves strength, flexibility, and overall endurance.","התרגיל 'nan' נועד לשפר את הכושר הגופני תוך מיקוד קבוצות שרירים ספציפיות. הוא משפר את החוזק, הגמישות והסיבולת הכללית."
,https://www.youtube.com/watch?v=Jjq7CKoH__w,WEIGHT,standing,low,Gravitron Pull-up Pronation Grip,"The exercise 'Gravitron Pull-up Pronation Grip' is designed to enhance physical fitness by targeting specific muscle groups. It improves strength, flexibility, and overall endurance.","התרגיל 'nan' נועד לשפר את הכושר הגופני תוך מיקוד קבוצות שרירים ספציפיות. הוא משפר את החוזק, הגמישות והסיבולת הכללית."
,https://www.youtube.com/watch?v=eL5p7XyPKAk,WEIGHT,supine,low,Side Ab Crunche,"The exercise 'Side Ab Crunche' is designed to enhance physical fitness by targeting specific muscle groups. It improves strength, flexibility, and overall endurance.","התרגיל 'nan' נועד לשפר את הכושר הגופני תוך מיקוד קבוצות שרירים ספציפיות. הוא משפר את החוזק, הגמישות והסיבולת הכללית."
,https://www.youtube.com/watch?v=5cDVKfZHox0,WEIGHT,supine,medium,Low polly ab Crunch,"The exercise 'Low polly ab Crunch' is designed to enhance physical fitness by targeting specific muscle groups. It improves strength, flexibility, and overall endurance.","התרגיל 'nan' נועד לשפר את הכושר הגופני תוך מיקוד קבוצות שרירים ספציפיות. הוא משפר את החוזק, הגמישות והסיבולת הכללית."
,https://www.youtube.com/watch?v=N2KzR79PEw4,WEIGHT,seating,medium,Close Grip handles lat Pulldown,"The exercise 'Close Grip handles lat Pulldown' is designed to enhance physical fitness by targeting specific muscle groups. It improves strength, flexibility, and overall endurance.","התרגיל 'nan' נועד לשפר את הכושר הגופני תוך מיקוד קבוצות שרירים ספציפיות. הוא משפר את החוזק, הגמישות והסיבולת הכללית."
,,WEIGHT,standing,medium,York Tricep Pushdown,"The exercise 'York Tricep Pushdown' is designed to enhance physical fitness by targeting specific muscle groups. It improves strength, flexibility, and overall endurance.","התרגיל 'nan' נועד לשפר את הכושר הגופני תוך מיקוד קבוצות שרירים ספציפיות. הוא משפר את החוזק, הגמישות והסיבולת הכללית."
,,WEIGHT,,medium,York Cable rope Face Pulls,"The exercise 'York Cable rope Face Pulls' is designed to enhance physical fitness by targeting specific muscle groups. It improves strength, flexibility, and overall endurance.","התרגיל 'nan' נועד לשפר את הכושר הגופני תוך מיקוד קבוצות שרירים ספציפיות. הוא משפר את החוזק, הגמישות והסיבולת הכללית."
,,WEIGHT,standing,medium,York cable bar Tricep Pushdown,"The exercise 'York cable bar Tricep Pushdown' is designed to enhance physical fitness by targeting specific muscle groups. It improves strength, flexibility, and overall endurance.","התרגיל 'nan' נועד לשפר את הכושר הגופני תוך מיקוד קבוצות שרירים ספציפיות. הוא משפר את החוזק, הגמישות והסיבולת הכללית."
,,WEIGHT,standing,medium,York Cable Rope Tricep Pushdown,"The exercise 'York Cable Rope Tricep Pushdown' is designed to enhance physical fitness by targeting specific muscle groups. It improves strength, flexibility, and overall endurance.","התרגיל 'nan' נועד לשפר את הכושר הגופני תוך מיקוד קבוצות שרירים ספציפיות. הוא משפר את החוזק, הגמישות והסיבולת הכללית."
,,WEIGHT,supine,medium,Dumbbell Incline Shoulder Press,"The exercise 'Dumbbell Incline Shoulder Press' is designed to enhance physical fitness by targeting specific muscle groups. It improves strength, flexibility, and overall endurance.","התרגיל 'nan' נועד לשפר את הכושר הגופני תוך מיקוד קבוצות שרירים ספציפיות. הוא משפר את החוזק, הגמישות והסיבולת הכללית."
,,WEIGHT,,medium,York Cable Low Butterfly,"The exercise 'York Cable Low Butterfly' is designed to enhance physical fitness by targeting specific muscle groups. It improves strength, flexibility, and overall endurance.","התרגיל 'nan' נועד לשפר את הכושר הגופני תוך מיקוד קבוצות שרירים ספציפיות. הוא משפר את החוזק, הגמישות והסיבולת הכללית."
,,WEIGHT,supine,low,York Low Cable Ab Crunch,"The exercise 'York Low Cable Ab Crunch' is designed to enhance physical fitness by targeting specific muscle groups. It improves strength, flexibility, and overall endurance.","התרגיל 'nan' נועד לשפר את הכושר הגופני תוך מיקוד קבוצות שרירים ספציפיות. הוא משפר את החוזק, הגמישות והסיבולת הכללית."
,,WEIGHT,seating,medium,York seated cable row to Chest,"The exercise 'York seated cable row to Chest' is designed to enhance physical fitness by targeting specific muscle groups. It improves strength, flexibility, and overall endurance.","התרגיל 'nan' נועד לשפר את הכושר הגופני תוך מיקוד קבוצות שרירים ספציפיות. הוא משפר את החוזק, הגמישות והסיבולת הכללית."
,,WEIGHT,supine,hard,York seating high pully single handPulldown,"The exercise 'York seating high pully single handPulldown' is designed to enhance physical fitness by targeting specific muscle groups. It improves strength, flexibility, and overall endurance.","התרגיל 'nan' נועד לשפר את הכושר הגופני תוך מיקוד קבוצות שרירים ספציפיות. הוא משפר את החוזק, הגמישות והסיבולת הכללית."
,,WEIGHT,standing,medium,York Low Cable bar Bicep Curl,"The exercise 'York Low Cable bar Bicep Curl' is designed to enhance physical fitness by targeting specific muscle groups. It improves strength, flexibility, and overall endurance.","התרגיל 'nan' נועד לשפר את הכושר הגופני תוך מיקוד קבוצות שרירים ספציפיות. הוא משפר את החוזק, הגמישות והסיבולת הכללית."
,,WEIGHT,standing,medium,York Single-Leg Cable Hip Abduction,"The exercise 'York Single-Leg Cable Hip Abduction' is designed to enhance physical fitness by targeting specific muscle groups. It improves strength, flexibility, and overall endurance.","התרגיל 'nan' נועד לשפר את הכושר הגופני תוך מיקוד קבוצות שרירים ספציפיות. הוא משפר את החוזק, הגמישות והסיבולת הכללית."
,,WEIGHT,seating,medium,York Cable Wide Grip pronated pull down,"The exercise 'York Cable Wide Grip pronated pull down' is designed to enhance physical fitness by targeting specific muscle groups. It improves strength, flexibility, and overall endurance.","התרגיל 'nan' נועד לשפר את הכושר הגופני תוך מיקוד קבוצות שרירים ספציפיות. הוא משפר את החוזק, הגמישות והסיבולת הכללית."
,https://www.youtube.com/watch?v=tixeeTtSmH8,WEIGHT,standing,hard,Smith Machine classic Deadlift,"The exercise 'Smith Machine classic Deadlift' is designed to enhance physical fitness by targeting specific muscle groups. It improves strength, flexibility, and overall endurance.","התרגיל 'nan' נועד לשפר את הכושר הגופני תוך מיקוד קבוצות שרירים ספציפיות. הוא משפר את החוזק, הגמישות והסיבולת הכללית."
,https://www.youtube.com/watch?v=BdnUL4fUjxA,WEIGHT,standing,low,Standing Kettlebell Twist,"The exercise 'Standing Kettlebell Twist' is designed to enhance physical fitness by targeting specific muscle groups. It improves strength, flexibility, and overall endurance.","התרגיל 'nan' נועד לשפר את הכושר הגופני תוך מיקוד קבוצות שרירים ספציפיות. הוא משפר את החוזק, הגמישות והסיבולת הכללית."
,https://www.youtube.com/watch?v=qwuWUvG4hAE,WEIGHT,seating,medium,Seated Cable rope Tricep extention,"The exercise 'Seated Cable rope Tricep extention' is designed to enhance physical fitness by targeting specific muscle groups. It improves strength, flexibility, and overall endurance.","התרגיל 'nan' נועד לשפר את הכושר הגופני תוך מיקוד קבוצות שרירים ספציפיות. הוא משפר את החוזק, הגמישות והסיבולת הכללית."
,https://www.youtube.com/watch?v=FGT3jpNgfQE,WEIGHT,,medium,Smith Machine Leg Press,"The exercise 'Smith Machine Leg Press' is designed to enhance physical fitness by targeting specific muscle groups. It improves strength, flexibility, and overall endurance.","התרגיל 'nan' נועד לשפר את הכושר הגופני תוך מיקוד קבוצות שרירים ספציפיות. הוא משפר את החוזק, הגמישות והסיבולת הכללית."
,https://www.youtube.com/watch?v=SS35bWT1e8g,WEIGHT,standing,medium,Smith Machine statiic Lunges,"The exercise 'Smith Machine statiic Lunges' is designed to enhance physical fitness by targeting specific muscle groups. It improves strength, flexibility, and overall endurance.","התרגיל 'nan' נועד לשפר את הכושר הגופני תוך מיקוד קבוצות שרירים ספציפיות. הוא משפר את החוזק, הגמישות והסיבולת הכללית."
,https://www.youtube.com/watch?v=o47YrJgUYwk,WEIGHT,standing,medium,Smith Machine Front Squat,"The exercise 'Smith Machine Front Squat' is designed to enhance physical fitness by targeting specific muscle groups. It improves strength, flexibility, and overall endurance.","התרגיל 'nan' נועד לשפר את הכושר הגופני תוך מיקוד קבוצות שרירים ספציפיות. הוא משפר את החוזק, הגמישות והסיבולת הכללית."
,https://www.youtube.com/watch?v=-_rzCXbXyaI,WEIGHT,supine,medium,Smith Machine Incline Bench Press,"The exercise 'Smith Machine Incline Bench Press' is designed to enhance physical fitness by targeting specific muscle groups. It improves strength, flexibility, and overall endurance.","התרגיל 'nan' נועד לשפר את הכושר הגופני תוך מיקוד קבוצות שרירים ספציפיות. הוא משפר את החוזק, הגמישות והסיבולת הכללית."
,https://www.youtube.com/watch?v=uoxHYR_dDb4,WEIGHT,seating,medium,Smith Machine Shoulder Press,"The exercise 'Smith Machine Shoulder Press' is designed to enhance physical fitness by targeting specific muscle groups. It improves strength, flexibility, and overall endurance.","התרגיל 'nan' נועד לשפר את הכושר הגופני תוך מיקוד קבוצות שרירים ספציפיות. הוא משפר את החוזק, הגמישות והסיבולת הכללית."
,https://www.youtube.com/watch?v=zDSaK1v-PiE,WEIGHT,seating,medium,Arnold shoulder Press,"The exercise 'Arnold shoulder Press' is designed to enhance physical fitness by targeting specific muscle groups. It improves strength, flexibility, and overall endurance.","התרגיל 'nan' נועד לשפר את הכושר הגופני תוך מיקוד קבוצות שרירים ספציפיות. הוא משפר את החוזק, הגמישות והסיבולת הכללית."
,https://www.youtube.com/watch?v=4a0IPsCKB9Y,WEIGHT,standing,hard,Smith Machine Romanian Deadlift,"The exercise 'Smith Machine Romanian Deadlift' is designed to enhance physical fitness by targeting specific muscle groups. It improves strength, flexibility, and overall endurance.","התרגיל 'nan' נועד לשפר את הכושר הגופני תוך מיקוד קבוצות שרירים ספציפיות. הוא משפר את החוזק, הגמישות והסיבולת הכללית."
,https://www.youtube.com/watch?v=jOfrjngoIwk,WEIGHT,standing,low,Smith Machine calf raise,"The exercise 'Smith Machine calf raise' is designed to enhance physical fitness by targeting specific muscle groups. It improves strength, flexibility, and overall endurance.","התרגיל 'nan' נועד לשפר את הכושר הגופני תוך מיקוד קבוצות שרירים ספציפיות. הוא משפר את החוזק, הגמישות והסיבולת הכללית."
,https://www.youtube.com/watch?v=O9vkr-MRjKE,WEIGHT,standing,medium,Rotation Dumbbell Bicep Curl,"The exercise 'Rotation Dumbbell Bicep Curl' is designed to enhance physical fitness by targeting specific muscle groups. It improves strength, flexibility, and overall endurance.","התרגיל 'nan' נועד לשפר את הכושר הגופני תוך מיקוד קבוצות שרירים ספציפיות. הוא משפר את החוזק, הגמישות והסיבולת הכללית."
,https://www.youtube.com/watch?v=4sgNGpGbUHs,WEIGHT,standing,medium,Smith Machine Shrugs,"The exercise 'Smith Machine Shrugs' is designed to enhance physical fitness by targeting specific muscle groups. It improves strength, flexibility, and overall endurance.","התרגיל 'nan' נועד לשפר את הכושר הגופני תוך מיקוד קבוצות שרירים ספציפיות. הוא משפר את החוזק, הגמישות והסיבולת הכללית."
,https://www.youtube.com/watch?v=Hj4kC5zj4Ts,WEIGHT,standing,medium,Standing Cable Rope Tricep extention,"The exercise 'Standing Cable Rope Tricep extention' is designed to enhance physical fitness by targeting specific muscle groups. It improves strength, flexibility, and overall endurance.","התרגיל 'nan' נועד לשפר את הכושר הגופני תוך מיקוד קבוצות שרירים ספציפיות. הוא משפר את החוזק, הגמישות והסיבולת הכללית."
,,WEIGHT,standing,low,High Cable triceps pushdown back to machine,"The exercise 'High Cable triceps pushdown back to machine' is designed to enhance physical fitness by targeting specific muscle groups. It improves strength, flexibility, and overall endurance.","התרגיל 'nan' נועד לשפר את הכושר הגופני תוך מיקוד קבוצות שרירים ספציפיות. הוא משפר את החוזק, הגמישות והסיבולת הכללית."
,,WEIGHT,,medium,High Cable Fly,"The exercise 'High Cable Fly' is designed to enhance physical fitness by targeting specific muscle groups. It improves strength, flexibility, and overall endurance.","התרגיל 'nan' נועד לשפר את הכושר הגופני תוך מיקוד קבוצות שרירים ספציפיות. הוא משפר את החוזק, הגמישות והסיבולת הכללית."
,,WEIGHT,seating,medium,York Close Grip Lat Pulldown,"The exercise 'York Close Grip Lat Pulldown' is designed to enhance physical fitness by targeting specific muscle groups. It improves strength, flexibility, and overall endurance.","התרגיל 'nan' נועד לשפר את הכושר הגופני תוך מיקוד קבוצות שרירים ספציפיות. הוא משפר את החוזק, הגמישות והסיבולת הכללית."
,https://www.youtube.com/watch?v=TFQW1N7TZYo,WEIGHT,supine,low,Lying Knee Support push ups,"The exercise 'Lying Knee Support push ups' is designed to enhance physical fitness by targeting specific muscle groups. It improves strength, flexibility, and overall endurance.","התרגיל 'nan' נועד לשפר את הכושר הגופני תוך מיקוד קבוצות שרירים ספציפיות. הוא משפר את החוזק, הגמישות והסיבולת הכללית."
,https://www.youtube.com/watch?v=yv5W9hAmGWk,WEIGHT,,low,Smith Machine Frog Pumps,"The exercise 'Smith Machine Frog Pumps' is designed to enhance physical fitness by targeting specific muscle groups. It improves strength, flexibility, and overall endurance.","התרגיל 'nan' נועד לשפר את הכושר הגופני תוך מיקוד קבוצות שרירים ספציפיות. הוא משפר את החוזק, הגמישות והסיבולת הכללית."
,https://www.youtube.com/watch?v=adHMQNsHcaE,WEIGHT,seating,medium,Smith Machine Incline Shoulder Press,"The exercise 'Smith Machine Incline Shoulder Press' is designed to enhance physical fitness by targeting specific muscle groups. It improves strength, flexibility, and overall endurance.","התרגיל 'nan' נועד לשפר את הכושר הגופני תוך מיקוד קבוצות שרירים ספציפיות. הוא משפר את החוזק, הגמישות והסיבולת הכללית."
,,WEIGHT,seating,medium,York Cable close Grip handle lat pulldown,"The exercise 'York Cable close Grip handle lat pulldown' is designed to enhance physical fitness by targeting specific muscle groups. It improves strength, flexibility, and overall endurance.","התרגיל 'nan' נועד לשפר את הכושר הגופני תוך מיקוד קבוצות שרירים ספציפיות. הוא משפר את החוזק, הגמישות והסיבולת הכללית."
,,WEIGHT,standing,medium,York Cable Rope Pullover,"The exercise 'York Cable Rope Pullover' is designed to enhance physical fitness by targeting specific muscle groups. It improves strength, flexibility, and overall endurance.","התרגיל 'nan' נועד לשפר את הכושר הגופני תוך מיקוד קבוצות שרירים ספציפיות. הוא משפר את החוזק, הגמישות והסיבולת הכללית."
,https://www.youtube.com/watch?v=tx_2a62Dp-k,WEIGHT,standing,hard,Ab whell Straight Legs,"The exercise 'Ab whell Straight Legs' is designed to enhance physical fitness by targeting specific muscle groups. It improves strength, flexibility, and overall endurance.","התרגיל 'nan' נועד לשפר את הכושר הגופני תוך מיקוד קבוצות שרירים ספציפיות. הוא משפר את החוזק, הגמישות והסיבולת הכללית."
,https://www.youtube.com/watch?v=56SXwuIViXY,WEIGHT,standing,medium,Step-Up low box,"The exercise 'Step-Up low box' is designed to enhance physical fitness by targeting specific muscle groups. It improves strength, flexibility, and overall endurance.","התרגיל 'nan' נועד לשפר את הכושר הגופני תוך מיקוד קבוצות שרירים ספציפיות. הוא משפר את החוזק, הגמישות והסיבולת הכללית."
,https://www.youtube.com/watch?v=KHbuzgF4nk4,WEIGHT,,medium,Smith Machine Chest Press,"The exercise 'Smith Machine Chest Press' is designed to enhance physical fitness by targeting specific muscle groups. It improves strength, flexibility, and overall endurance.","התרגיל 'nan' נועד לשפר את הכושר הגופני תוך מיקוד קבוצות שרירים ספציפיות. הוא משפר את החוזק, הגמישות והסיבולת הכללית."
,https://www.youtube.com/watch?v=xiNoCfPdI1A,WEIGHT,standing,low,Lateral raises Crossover bench Support,"The exercise 'Lateral raises Crossover bench Support' is designed to enhance physical fitness by targeting specific muscle groups. It improves strength, flexibility, and overall endurance.","התרגיל 'nan' נועד לשפר את הכושר הגופני תוך מיקוד קבוצות שרירים ספציפיות. הוא משפר את החוזק, הגמישות והסיבולת הכללית."
,https://www.youtube.com/watch?v=GWl8Xj9reow,WEIGHT,seating,medium,York Low Cable Triangle Row,"The exercise 'York Low Cable Triangle Row' is designed to enhance physical fitness by targeting specific muscle groups. It improves strength, flexibility, and overall endurance.","התרגיל 'nan' נועד לשפר את הכושר הגופני תוך מיקוד קבוצות שרירים ספציפיות. הוא משפר את החוזק, הגמישות והסיבולת הכללית."
,,WEIGHT,standing,medium,York Supinated Grip Graviton,"The exercise 'York Supinated Grip Graviton' is designed to enhance physical fitness by targeting specific muscle groups. It improves strength, flexibility, and overall endurance.","התרגיל 'nan' נועד לשפר את הכושר הגופני תוך מיקוד קבוצות שרירים ספציפיות. הוא משפר את החוזק, הגמישות והסיבולת הכללית."
,,WEIGHT,standing,medium,York Gravitron Dips,"The exercise 'York Gravitron Dips' is designed to enhance physical fitness by targeting specific muscle groups. It improves strength, flexibility, and overall endurance.","התרגיל 'nan' נועד לשפר את הכושר הגופני תוך מיקוד קבוצות שרירים ספציפיות. הוא משפר את החוזק, הגמישות והסיבולת הכללית."
,,WEIGHT,,medium,York Donkey Kicks,"The exercise 'York Donkey Kicks' is designed to enhance physical fitness by targeting specific muscle groups. It improves strength, flexibility, and overall endurance.","התרגיל 'nan' נועד לשפר את הכושר הגופני תוך מיקוד קבוצות שרירים ספציפיות. הוא משפר את החוזק, הגמישות והסיבולת הכללית."
,https://www.youtube.com/watch?v=OcTyCXDzgKs,WEIGHT,standing,medium,Crossover lying lateral raise strip,"The exercise 'Crossover lying lateral raise strip' is designed to enhance physical fitness by targeting specific muscle groups. It improves strength, flexibility, and overall endurance.","התרגיל 'nan' נועד לשפר את הכושר הגופני תוך מיקוד קבוצות שרירים ספציפיות. הוא משפר את החוזק, הגמישות והסיבולת הכללית."
,https://www.youtube.com/watch?v=lhAQESpEjJk,WEIGHT,standing,medium,Australian Pull-Up,"The exercise 'Australian Pull-Up' is designed to enhance physical fitness by targeting specific muscle groups. It improves strength, flexibility, and overall endurance.","התרגיל 'nan' נועד לשפר את הכושר הגופני תוך מיקוד קבוצות שרירים ספציפיות. הוא משפר את החוזק, הגמישות והסיבולת הכללית."
,https://www.youtube.com/watch?v=S4PUSbRKDoo,WEIGHT,,low,Jack knife crunch,"The exercise 'Jack knife crunch' is designed to enhance physical fitness by targeting specific muscle groups. It improves strength, flexibility, and overall endurance.","התרגיל 'nan' נועד לשפר את הכושר הגופני תוך מיקוד קבוצות שרירים ספציפיות. הוא משפר את החוזק, הגמישות והסיבולת הכללית."
,https://www.youtube.com/watch?v=rHEpL_Gi7nw,WEIGHT,seating,medium,Single-Arm Smith Machine Hip Thrust,"The exercise 'Single-Arm Smith Machine Hip Thrust' is designed to enhance physical fitness by targeting specific muscle groups. It improves strength, flexibility, and overall endurance.","התרגיל 'nan' נועד לשפר את הכושר הגופני תוך מיקוד קבוצות שרירים ספציפיות. הוא משפר את החוזק, הגמישות והסיבולת הכללית."
,https://www.youtube.com/watch?v=rZpqJolWnjk,WEIGHT,standing,low,Mid-Position pull up,"The exercise 'Mid-Position pull up' is designed to enhance physical fitness by targeting specific muscle groups. It improves strength, flexibility, and overall endurance.","התרגיל 'nan' נועד לשפר את הכושר הגופני תוך מיקוד קבוצות שרירים ספציפיות. הוא משפר את החוזק, הגמישות והסיבולת הכללית."
,https://www.youtube.com/watch?v=-WnY2VRNLCk,WEIGHT,standing,medium,Smith Machine Bent-over Supported Row,"The exercise 'Smith Machine Bent-over Supported Row' is designed to enhance physical fitness by targeting specific muscle groups. It improves strength, flexibility, and overall endurance.","התרגיל 'nan' נועד לשפר את הכושר הגופני תוך מיקוד קבוצות שרירים ספציפיות. הוא משפר את החוזק, הגמישות והסיבולת הכללית."
,https://www.youtube.com/watch?v=9johAU_KDQc,WEIGHT,,medium,Single-Arm Smith Machine Row,"The exercise 'Single-Arm Smith Machine Row' is designed to enhance physical fitness by targeting specific muscle groups. It improves strength, flexibility, and overall endurance.","התרגיל 'nan' נועד לשפר את הכושר הגופני תוך מיקוד קבוצות שרירים ספציפיות. הוא משפר את החוזק, הגמישות והסיבולת הכללית."
,https://www.youtube.com/watch?v=S0puh-0St9s,WEIGHT,,medium,Smith Machine Close-Grip Press,"The exercise 'Smith Machine Close-Grip Press' is designed to enhance physical fitness by targeting specific muscle groups. It improves strength, flexibility, and overall endurance.","התרגיל 'nan' נועד לשפר את הכושר הגופני תוך מיקוד קבוצות שרירים ספציפיות. הוא משפר את החוזק, הגמישות והסיבולת הכללית."
,https://www.youtube.com/watch?v=09uzPOY2Qe8,WEIGHT,,medium,Smith Machine Donkey Kicks,"The exercise 'Smith Machine Donkey Kicks' is designed to enhance physical fitness by targeting specific muscle groups. It improves strength, flexibility, and overall endurance.","התרגיל 'nan' נועד לשפר את הכושר הגופני תוך מיקוד קבוצות שרירים ספציפיות. הוא משפר את החוזק, הגמישות והסיבולת הכללית."
,https://www.youtube.com/watch?v=RaRHNrV_f1E,WEIGHT,standing,medium,Smith Machine Back Squat,"The exercise 'Smith Machine Back Squat' is designed to enhance physical fitness by targeting specific muscle groups. It improves strength, flexibility, and overall endurance.","התרגיל 'nan' נועד לשפר את הכושר הגופני תוך מיקוד קבוצות שרירים ספציפיות. הוא משפר את החוזק, הגמישות והסיבולת הכללית."
,https://www.youtube.com/watch?v=eOeNczzvp3k,WEIGHT,supine,medium,Crossover front raise,"The exercise 'Crossover front raise' is designed to enhance physical fitness by targeting specific muscle groups. It improves strength, flexibility, and overall endurance.","התרגיל 'nan' נועד לשפר את הכושר הגופני תוך מיקוד קבוצות שרירים ספציפיות. הוא משפר את החוזק, הגמישות והסיבולת הכללית."
,https://www.youtube.com/watch?v=zL4iJ5I6d_U,WEIGHT,,hard,Smith Machine Good Morning,"The exercise 'Smith Machine Good Morning' is designed to enhance physical fitness by targeting specific muscle groups. It improves strength, flexibility, and overall endurance.","התרגיל 'nan' נועד לשפר את הכושר הגופני תוך מיקוד קבוצות שרירים ספציפיות. הוא משפר את החוזק, הגמישות והסיבולת הכללית."
,https://www.youtube.com/watch?v=3NZmX8YvE-c,WEIGHT,standing,medium,Dumbbell shrugs,"The exercise 'Dumbbell shrugs' is designed to enhance physical fitness by targeting specific muscle groups. It improves strength, flexibility, and overall endurance.","התרגיל 'nan' נועד לשפר את הכושר הגופני תוך מיקוד קבוצות שרירים ספציפיות. הוא משפר את החוזק, הגמישות והסיבולת הכללית."
,https://www.youtube.com/watch?v=kyl7_xuROt4,WEIGHT,standing,medium,Box Squat,"The exercise 'Box Squat' is designed to enhance physical fitness by targeting specific muscle groups. It improves strength, flexibility, and overall endurance.","התרגיל 'nan' נועד לשפר את הכושר הגופני תוך מיקוד קבוצות שרירים ספציפיות. הוא משפר את החוזק, הגמישות והסיבולת הכללית."
,,WEIGHT,standing,medium,Gravitron pull-Up,"The exercise 'Gravitron pull-Up' is designed to enhance physical fitness by targeting specific muscle groups. It improves strength, flexibility, and overall endurance.","התרגיל 'nan' נועד לשפר את הכושר הגופני תוך מיקוד קבוצות שרירים ספציפיות. הוא משפר את החוזק, הגמישות והסיבולת הכללית."
,,WEIGHT,standing,hard,Smith Machine Row Supination Grip,"The exercise 'Smith Machine Row Supination Grip' is designed to enhance physical fitness by targeting specific muscle groups. It improves strength, flexibility, and overall endurance.","התרגיל 'nan' נועד לשפר את הכושר הגופני תוך מיקוד קבוצות שרירים ספציפיות. הוא משפר את החוזק, הגמישות והסיבולת הכללית."
,,WEIGHT,,medium,Chest Press-press Machine,"The exercise 'Chest Press-press Machine' is designed to enhance physical fitness by targeting specific muscle groups. It improves strength, flexibility, and overall endurance.","התרגיל 'nan' נועד לשפר את הכושר הגופני תוך מיקוד קבוצות שרירים ספציפיות. הוא משפר את החוזק, הגמישות והסיבולת הכללית."
,https://www.youtube.com/watch?v=FIuuz99a5sQ,WEIGHT,standing,low,Back Supported Dumbbell bicep Curl,"The exercise 'Back Supported Dumbbell bicep Curl' is designed to enhance physical fitness by targeting specific muscle groups. It improves strength, flexibility, and overall endurance.","התרגיל 'nan' נועד לשפר את הכושר הגופני תוך מיקוד קבוצות שרירים ספציפיות. הוא משפר את החוזק, הגמישות והסיבולת הכללית."
,https://www.youtube.com/watch?v=rFrQICYsDk4,WEIGHT,standing,medium,Triangle Cable Shoulder Press,"The exercise 'Triangle Cable Shoulder Press' is designed to enhance physical fitness by targeting specific muscle groups. It improves strength, flexibility, and overall endurance.","התרגיל 'nan' נועד לשפר את הכושר הגופני תוך מיקוד קבוצות שרירים ספציפיות. הוא משפר את החוזק, הגמישות והסיבולת הכללית."
,https://www.youtube.com/watch?v=bWhlJKO80DE,WEIGHT,standing,hard,High Cable Bent Over chest Fly,"The exercise 'High Cable Bent Over chest Fly' is designed to enhance physical fitness by targeting specific muscle groups. It improves strength, flexibility, and overall endurance.","התרגיל 'nan' נועד לשפר את הכושר הגופני תוך מיקוד קבוצות שרירים ספציפיות. הוא משפר את החוזק, הגמישות והסיבולת הכללית."
,https://www.youtube.com/watch?v=mmGJRUSnecM,WEIGHT,supine,medium,Decline Barbell Bench Press,"The exercise 'Decline Barbell Bench Press' is designed to enhance physical fitness by targeting specific muscle groups. It improves strength, flexibility, and overall endurance.","התרגיל 'nan' נועד לשפר את הכושר הגופני תוך מיקוד קבוצות שרירים ספציפיות. הוא משפר את החוזק, הגמישות והסיבולת הכללית."
,https://www.youtube.com/watch?v=g8tIenV0kTc,WEIGHT,standing,medium,Tricep Pushdown on Back Machine,"The exercise 'Tricep Pushdown on Back Machine' is designed to enhance physical fitness by targeting specific muscle groups. It improves strength, flexibility, and overall endurance.","התרגיל 'nan' נועד לשפר את הכושר הגופני תוך מיקוד קבוצות שרירים ספציפיות. הוא משפר את החוזק, הגמישות והסיבולת הכללית."
,https://www.youtube.com/watch?v=ylEE82VwHsY,WEIGHT,supine,medium,Incline Press Fly,"The exercise 'Incline Press Fly' is designed to enhance physical fitness by targeting specific muscle groups. It improves strength, flexibility, and overall endurance.","התרגיל 'nan' נועד לשפר את הכושר הגופני תוך מיקוד קבוצות שרירים ספציפיות. הוא משפר את החוזק, הגמישות והסיבולת הכללית."
,https://www.youtube.com/watch?v=mqQZeYBs0d8,WEIGHT,standing,medium,Decline W-bar Skull Crusher,"The exercise 'Decline W-bar Skull Crusher' is designed to enhance physical fitness by targeting specific muscle groups. It improves strength, flexibility, and overall endurance.","התרגיל 'nan' נועד לשפר את הכושר הגופני תוך מיקוד קבוצות שרירים ספציפיות. הוא משפר את החוזק, הגמישות והסיבולת הכללית."
,https://www.youtube.com/watch?v=_NYVPRFfd8o,WEIGHT,standing,medium,Decline Dumbbell Skull Crusher,"The exercise 'Decline Dumbbell Skull Crusher' is designed to enhance physical fitness by targeting specific muscle groups. It improves strength, flexibility, and overall endurance.","התרגיל 'nan' נועד לשפר את הכושר הגופני תוך מיקוד קבוצות שרירים ספציפיות. הוא משפר את החוזק, הגמישות והסיבולת הכללית."
,https://www.youtube.com/watch?v=kQ1xWpv5Mu0,WEIGHT,seating,medium,W-Bar Preacher biceps Curl,"The exercise 'W-Bar Preacher biceps Curl' is designed to enhance physical fitness by targeting specific muscle groups. It improves strength, flexibility, and overall endurance.","התרגיל 'nan' נועד לשפר את הכושר הגופני תוך מיקוד קבוצות שרירים ספציפיות. הוא משפר את החוזק, הגמישות והסיבולת הכללית."
,https://www.youtube.com/watch?v=_DpFfjfD7RM,WEIGHT,seating,medium,American\ kase Hip Thrust,"The exercise 'American\ kase Hip Thrust' is designed to enhance physical fitness by targeting specific muscle groups. It improves strength, flexibility, and overall endurance.","התרגיל 'nan' נועד לשפר את הכושר הגופני תוך מיקוד קבוצות שרירים ספציפיות. הוא משפר את החוזק, הגמישות והסיבולת הכללית."
,https://www.youtube.com/watch?v=cd8RZ5aBPO0,WEIGHT,,hard,Single-leg Roman Chair Back Extension,"The exercise 'Single-leg Roman Chair Back Extension' is designed to enhance physical fitness by targeting specific muscle groups. It improves strength, flexibility, and overall endurance.","התרגיל 'nan' נועד לשפר את הכושר הגופני תוך מיקוד קבוצות שרירים ספציפיות. הוא משפר את החוזק, הגמישות והסיבולת הכללית."
,https://www.youtube.com/watch?v=mgWrSy__3gk,WEIGHT,,medium,Seated Cable incline chest fly,"The exercise 'Seated Cable incline chest fly' is designed to enhance physical fitness by targeting specific muscle groups. It improves strength, flexibility, and overall endurance.","התרגיל 'nan' נועד לשפר את הכושר הגופני תוך מיקוד קבוצות שרירים ספציפיות. הוא משפר את החוזק, הגמישות והסיבולת הכללית."
,https://www.youtube.com/watch?v=g1LHldku_84,WEIGHT,standing,medium,Low Pulley Handles Bicep Curl,"The exercise 'Low Pulley Handles Bicep Curl' is designed to enhance physical fitness by targeting specific muscle groups. It improves strength, flexibility, and overall endurance.","התרגיל 'nan' נועד לשפר את הכושר הגופני תוך מיקוד קבוצות שרירים ספציפיות. הוא משפר את החוזק, הגמישות והסיבולת הכללית."
,https://www.youtube.com/watch?v=IdMpxvxqS8Q,WEIGHT,seating,low,Leg press on dedicated machine,"The exercise 'Leg press on dedicated machine' is designed to enhance physical fitness by targeting specific muscle groups. It improves strength, flexibility, and overall endurance.","התרגיל 'nan' נועד לשפר את הכושר הגופני תוך מיקוד קבוצות שרירים ספציפיות. הוא משפר את החוזק, הגמישות והסיבולת הכללית."
,https://www.youtube.com/watch?v=3u7wJSVFSJE,WEIGHT,seating,low,Leg curl on leg-curl machine,"The exercise 'Leg curl on leg-curl machine' is designed to enhance physical fitness by targeting specific muscle groups. It improves strength, flexibility, and overall endurance.","התרגיל 'nan' נועד לשפר את הכושר הגופני תוך מיקוד קבוצות שרירים ספציפיות. הוא משפר את החוזק, הגמישות והסיבולת הכללית."
,https://www.youtube.com/watch?v=HsczZ8H_2ko,WEIGHT,supine,hard,Crossover lying handle lateral raise,"The exercise 'Crossover lying handle lateral raise' is designed to enhance physical fitness by targeting specific muscle groups. It improves strength, flexibility, and overall endurance.","התרגיל 'nan' נועד לשפר את הכושר הגופני תוך מיקוד קבוצות שרירים ספציפיות. הוא משפר את החוזק, הגמישות והסיבולת הכללית."
,https://www.youtube.com/watch?v=O_oJ6aVsADY,WEIGHT,supine,medium,Supination Grip barbell bench Press,"The exercise 'Supination Grip barbell bench Press' is designed to enhance physical fitness by targeting specific muscle groups. It improves strength, flexibility, and overall endurance.","התרגיל 'nan' נועד לשפר את הכושר הגופני תוך מיקוד קבוצות שרירים ספציפיות. הוא משפר את החוזק, הגמישות והסיבולת הכללית."
,https://www.youtube.com/watch?v=gvgYY7mPSvA,WEIGHT,seating,medium,Seated High Pulley Cable fly,"The exercise 'Seated High Pulley Cable fly' is designed to enhance physical fitness by targeting specific muscle groups. It improves strength, flexibility, and overall endurance.","התרגיל 'nan' נועד לשפר את הכושר הגופני תוך מיקוד קבוצות שרירים ספציפיות. הוא משפר את החוזק, הגמישות והסיבולת הכללית."
,https://www.youtube.com/watch?v=SHjiwV8-A34,WEIGHT,seating,hard,Single-Arm Hammer Grip Preacher Curl,"The exercise 'Single-Arm Hammer Grip Preacher Curl' is designed to enhance physical fitness by targeting specific muscle groups. It improves strength, flexibility, and overall endurance.","התרגיל 'nan' נועד לשפר את הכושר הגופני תוך מיקוד קבוצות שרירים ספציפיות. הוא משפר את החוזק, הגמישות והסיבולת הכללית."
טוויסט בעמידה עם קטלבל,,,standing,medium,טוויסט בעמידה עם קטלבל,"The exercise 'טוויסט בעמידה עם קטלבל' is designed to enhance physical fitness by targeting specific muscle groups. It improves strength, flexibility, and overall endurance.","התרגיל 'טוויסט בעמידה עם קטלבל' נועד לשפר את הכושר הגופני תוך מיקוד קבוצות שרירים ספציפיות. הוא משפר את החוזק, הגמישות והסיבולת הכללית."
קירוב ירך בפולי תחתון,,,standing,low,קירוב ירך בפולי תחתון,"The exercise 'קירוב ירך בפולי תחתון' is designed to enhance physical fitness by targeting specific muscle groups. It improves strength, flexibility, and overall endurance.","התרגיל 'קירוב ירך בפולי תחתון' נועד לשפר את הכושר הגופני תוך מיקוד קבוצות שרירים ספציפיות. הוא משפר את החוזק, הגמישות והסיבולת הכללית."
לחיצת תאומים משקולות יד איבר-בודד לא באמת,,,standing,low,לחיצת תאומים משקולות יד איבר-בודד לא באמת,"The exercise 'לחיצת תאומים משקולות יד איבר-בודד לא באמת' is designed to enhance physical fitness by targeting specific muscle groups. It improves strength, flexibility, and overall endurance.","התרגיל 'לחיצת תאומים משקולות יד איבר-בודד לא באמת' נועד לשפר את הכושר הגופני תוך מיקוד קבוצות שרירים ספציפיות. הוא משפר את החוזק, הגמישות והסיבולת הכללית."
מתח ביורק גרביטון באחיזת סופינצייה,,,standing,medium,מתח ביורק גרביטון באחיזת סופינצייה,"The exercise 'מתח ביורק גרביטון באחיזת סופינצייה' is designed to enhance physical fitness by targeting specific muscle groups. It improves strength, flexibility, and overall endurance.","התרגיל 'מתח ביורק גרביטון באחיזת סופינצייה' נועד לשפר את הכושר הגופני תוך מיקוד קבוצות שרירים ספציפיות. הוא משפר את החוזק, הגמישות והסיבולת הכללית."
חתירה בפולי אמצע איבר-בודד רוטציה,,,standing,medium,חתירה בפולי אמצע איבר-בודד רוטציה,"The exercise 'חתירה בפולי אמצע איבר-בודד רוטציה' is designed to enhance physical fitness by targeting specific muscle groups. It improves strength, flexibility, and overall endurance.","התרגיל 'חתירה בפולי אמצע איבר-בודד רוטציה' נועד לשפר את הכושר הגופני תוך מיקוד קבוצות שרירים ספציפיות. הוא משפר את החוזק, הגמישות והסיבולת הכללית."
כפיפת כתפיים בפולי תחתון חבל,,,supine,medium,כפיפת כתפיים בפולי תחתון חבל,"The exercise 'כפיפת כתפיים בפולי תחתון חבל' is designed to enhance physical fitness by targeting specific muscle groups. It improves strength, flexibility, and overall endurance.","התרגיל 'כפיפת כתפיים בפולי תחתון חבל' נועד לשפר את הכושר הגופני תוך מיקוד קבוצות שרירים ספציפיות. הוא משפר את החוזק, הגמישות והסיבולת הכללית."
חתירה-רחבה בפולי איבר בודד,,,standing,medium,חתירה-רחבה בפולי איבר בודד,"The exercise 'חתירה-רחבה בפולי איבר בודד' is designed to enhance physical fitness by targeting specific muscle groups. It improves strength, flexibility, and overall endurance.","התרגיל 'חתירה-רחבה בפולי איבר בודד' נועד לשפר את הכושר הגופני תוך מיקוד קבוצות שרירים ספציפיות. הוא משפר את החוזק, הגמישות והסיבולת הכללית."
,https://www.youtube.com/watch?v=G2yedWlfW2A,WEIGHT,seating,hard,Seated cable Row Supinated Grip,"The exercise 'Seated cable Row Supinated Grip' is designed to enhance physical fitness by targeting specific muscle groups. It improves strength, flexibility, and overall endurance.","התרגיל 'nan' נועד לשפר את הכושר הגופני תוך מיקוד קבוצות שרירים ספציפיות. הוא משפר את החוזק, הגמישות והסיבולת הכללית."
,https://www.youtube.com/watch?v=P-NPbl408co,WEIGHT,seating,medium,Hip Thrust on Crossover,"The exercise 'Hip Thrust on Crossover' is designed to enhance physical fitness by targeting specific muscle groups. It improves strength, flexibility, and overall endurance.","התרגיל 'nan' נועד לשפר את הכושר הגופני תוך מיקוד קבוצות שרירים ספציפיות. הוא משפר את החוזק, הגמישות והסיבולת הכללית."
,,TIME,standing,medium,York Side cable Plank,"The exercise 'York Side cable Plank' is designed to enhance physical fitness by targeting specific muscle groups. It improves strength, flexibility, and overall endurance.","התרגיל 'nan' נועד לשפר את הכושר הגופני תוך מיקוד קבוצות שרירים ספציפיות. הוא משפר את החוזק, הגמישות והסיבולת הכללית."
,https://www.youtube.com/watch?v=ODm3BWuGlsA,WEIGHT,,low,Roman Chair Back Extension,"The exercise 'Roman Chair Back Extension' is designed to enhance physical fitness by targeting specific muscle groups. It improves strength, flexibility, and overall endurance.","התרגיל 'nan' נועד לשפר את הכושר הגופני תוך מיקוד קבוצות שרירים ספציפיות. הוא משפר את החוזק, הגמישות והסיבולת הכללית."
,,WEIGHT,,low,Step-Ups,"The exercise 'Step-Ups' is designed to enhance physical fitness by targeting specific muscle groups. It improves strength, flexibility, and overall endurance.","התרגיל 'nan' נועד לשפר את הכושר הגופני תוך מיקוד קבוצות שרירים ספציפיות. הוא משפר את החוזק, הגמישות והסיבולת הכללית."
,,WEIGHT,seating,medium,York Handles lat pulldown,"The exercise 'York Handles lat pulldown' is designed to enhance physical fitness by targeting specific muscle groups. It improves strength, flexibility, and overall endurance.","התרגיל 'nan' נועד לשפר את הכושר הגופני תוך מיקוד קבוצות שרירים ספציפיות. הוא משפר את החוזק, הגמישות והסיבולת הכללית."
,,WEIGHT,seating,medium,Single-Leg Knee Curl,"The exercise 'Single-Leg Knee Curl' is designed to enhance physical fitness by targeting specific muscle groups. It improves strength, flexibility, and overall endurance.","התרגיל 'nan' נועד לשפר את הכושר הגופני תוך מיקוד קבוצות שרירים ספציפיות. הוא משפר את החוזק, הגמישות והסיבולת הכללית."
,https://www.youtube.com/watch?v=D959mFUMDh4,WEIGHT,standing,hard,Stiff leg barbell Deadlift,"The exercise 'Stiff leg barbell Deadlift' is designed to enhance physical fitness by targeting specific muscle groups. It improves strength, flexibility, and overall endurance.","התרגיל 'nan' נועד לשפר את הכושר הגופני תוך מיקוד קבוצות שרירים ספציפיות. הוא משפר את החוזק, הגמישות והסיבולת הכללית."
,https://www.youtube.com/watch?v=2RQektQIdy0,WEIGHT,supine,medium,Incline lying Cable Flyes,"The exercise 'Incline lying Cable Flyes' is designed to enhance physical fitness by targeting specific muscle groups. It improves strength, flexibility, and overall endurance.","התרגיל 'nan' נועד לשפר את הכושר הגופני תוך מיקוד קבוצות שרירים ספציפיות. הוא משפר את החוזק, הגמישות והסיבולת הכללית."
,https://www.youtube.com/watch?v=9knixcI0JDc,WEIGHT,standing,medium,Low Cable Squat,"The exercise 'Low Cable Squat' is designed to enhance physical fitness by targeting specific muscle groups. It improves strength, flexibility, and overall endurance.","התרגיל 'nan' נועד לשפר את הכושר הגופני תוך מיקוד קבוצות שרירים ספציפיות. הוא משפר את החוזק, הגמישות והסיבולת הכללית."
,https://www.youtube.com/watch?v=zYyOhIjG41w,WEIGHT,supine,medium,Roman Chair side ab Crunch,"The exercise 'Roman Chair side ab Crunch' is designed to enhance physical fitness by targeting specific muscle groups. It improves strength, flexibility, and overall endurance.","התרגיל 'nan' נועד לשפר את הכושר הגופני תוך מיקוד קבוצות שרירים ספציפיות. הוא משפר את החוזק, הגמישות והסיבולת הכללית."
,https://www.youtube.com/watch?v=Bnu-kSlWVzw,WEIGHT,standing,medium,Pull-Around single-hand chest fly,"The exercise 'Pull-Around single-hand chest fly' is designed to enhance physical fitness by targeting specific muscle groups. It improves strength, flexibility, and overall endurance.","התרגיל 'nan' נועד לשפר את הכושר הגופני תוך מיקוד קבוצות שרירים ספציפיות. הוא משפר את החוזק, הגמישות והסיבולת הכללית."
,https://www.youtube.com/watch?v=-_L84pwlVzE,WEIGHT,standing,medium,Smith Machine upright Row,"The exercise 'Smith Machine upright Row' is designed to enhance physical fitness by targeting specific muscle groups. It improves strength, flexibility, and overall endurance.","התרגיל 'nan' נועד לשפר את הכושר הגופני תוך מיקוד קבוצות שרירים ספציפיות. הוא משפר את החוזק, הגמישות והסיבולת הכללית."
,,WEIGHT,seating,medium,Single-Arm Mid Cable Row,"The exercise 'Single-Arm Mid Cable Row' is designed to enhance physical fitness by targeting specific muscle groups. It improves strength, flexibility, and overall endurance.","התרגיל 'nan' נועד לשפר את הכושר הגופני תוך מיקוד קבוצות שרירים ספציפיות. הוא משפר את החוזק, הגמישות והסיבולת הכללית."
,,WEIGHT,supine,low,Cable lying leg curl,"The exercise 'Cable lying leg curl' is designed to enhance physical fitness by targeting specific muscle groups. It improves strength, flexibility, and overall endurance.","התרגיל 'nan' נועד לשפר את הכושר הגופני תוך מיקוד קבוצות שרירים ספציפיות. הוא משפר את החוזק, הגמישות והסיבולת הכללית."
,,WEIGHT,standing,medium,Romanian Deadlift on Cable Machine,"The exercise 'Romanian Deadlift on Cable Machine' is designed to enhance physical fitness by targeting specific muscle groups. It improves strength, flexibility, and overall endurance.","התרגיל 'nan' נועד לשפר את הכושר הגופני תוך מיקוד קבוצות שרירים ספציפיות. הוא משפר את החוזק, הגמישות והסיבולת הכללית."
,,WEIGHT,,medium,Leg Raise on Machine,"The exercise 'Leg Raise on Machine' is designed to enhance physical fitness by targeting specific muscle groups. It improves strength, flexibility, and overall endurance.","התרגיל 'nan' נועד לשפר את הכושר הגופני תוך מיקוד קבוצות שרירים ספציפיות. הוא משפר את החוזק, הגמישות והסיבולת הכללית."
,,WEIGHT,,medium,Knee raise on Machine,"The exercise 'Knee raise on Machine' is designed to enhance physical fitness by targeting specific muscle groups. It improves strength, flexibility, and overall endurance.","התרגיל 'nan' נועד לשפר את הכושר הגופני תוך מיקוד קבוצות שרירים ספציפיות. הוא משפר את החוזק, הגמישות והסיבולת הכללית."
,,WEIGHT,seating,medium,Mid position row on rowing machine,"The exercise 'Mid position row on rowing machine' is designed to enhance physical fitness by targeting specific muscle groups. It improves strength, flexibility, and overall endurance.","התרגיל 'nan' נועד לשפר את הכושר הגופני תוך מיקוד קבוצות שרירים ספציפיות. הוא משפר את החוזק, הגמישות והסיבולת הכללית."
,,WEIGHT,seating,medium,Leg curl on leg-curl machine gym,"The exercise 'Leg curl on leg-curl machine gym' is designed to enhance physical fitness by targeting specific muscle groups. It improves strength, flexibility, and overall endurance.","התרגיל 'nan' נועד לשפר את הכושר הגופני תוך מיקוד קבוצות שרירים ספציפיות. הוא משפר את החוזק, הגמישות והסיבולת הכללית."
,,WEIGHT,standing,hard,Calf raise on hack-squat machine,"The exercise 'Calf raise on hack-squat machine' is designed to enhance physical fitness by targeting specific muscle groups. It improves strength, flexibility, and overall endurance.","התרגיל 'nan' נועד לשפר את הכושר הגופני תוך מיקוד קבוצות שרירים ספציפיות. הוא משפר את החוזק, הגמישות והסיבולת הכללית."
,,WEIGHT,seating,low,Calf raise on calf-raise machine,"The exercise 'Calf raise on calf-raise machine' is designed to enhance physical fitness by targeting specific muscle groups. It improves strength, flexibility, and overall endurance.","התרגיל 'nan' נועד לשפר את הכושר הגופני תוך מיקוד קבוצות שרירים ספציפיות. הוא משפר את החוזק, הגמישות והסיבולת הכללית."
,,WEIGHT,seating,medium,Chest Flyes-chest flys machine,"The exercise 'Chest Flyes-chest flys machine' is designed to enhance physical fitness by targeting specific muscle groups. It improves strength, flexibility, and overall endurance.","התרגיל 'nan' נועד לשפר את הכושר הגופני תוך מיקוד קבוצות שרירים ספציפיות. הוא משפר את החוזק, הגמישות והסיבולת הכללית."
,,WEIGHT,seating,medium,Pulldown supination grip pulldown-machine,"The exercise 'Pulldown supination grip pulldown-machine' is designed to enhance physical fitness by targeting specific muscle groups. It improves strength, flexibility, and overall endurance.","התרגיל 'nan' נועד לשפר את הכושר הגופני תוך מיקוד קבוצות שרירים ספציפיות. הוא משפר את החוזק, הגמישות והסיבולת הכללית."
,,WEIGHT,standing,medium,Rope pullover,"The exercise 'Rope pullover' is designed to enhance physical fitness by targeting specific muscle groups. It improves strength, flexibility, and overall endurance.","התרגיל 'nan' נועד לשפר את הכושר הגופני תוך מיקוד קבוצות שרירים ספציפיות. הוא משפר את החוזק, הגמישות והסיבולת הכללית."
,,WEIGHT,standing,medium,Low Pulley rope Bicep Curl,"The exercise 'Low Pulley rope Bicep Curl' is designed to enhance physical fitness by targeting specific muscle groups. It improves strength, flexibility, and overall endurance.","התרגיל 'nan' נועד לשפר את הכושר הגופני תוך מיקוד קבוצות שרירים ספציפיות. הוא משפר את החוזק, הגמישות והסיבולת הכללית."
,https://www.youtube.com/watch?v=4zx6QmAH8Xc,WEIGHT,seating,medium,Single-leg press on dedicated machine,"The exercise 'Single-leg press on dedicated machine' is designed to enhance physical fitness by targeting specific muscle groups. It improves strength, flexibility, and overall endurance.","התרגיל 'nan' נועד לשפר את הכושר הגופני תוך מיקוד קבוצות שרירים ספציפיות. הוא משפר את החוזק, הגמישות והסיבולת הכללית."
,https://www.youtube.com/watch?v=OKFkdzlLTew,WEIGHT,,medium,Roman Chair Back Extension Glute Variation,"The exercise 'Roman Chair Back Extension Glute Variation' is designed to enhance physical fitness by targeting specific muscle groups. It improves strength, flexibility, and overall endurance.","התרגיל 'nan' נועד לשפר את הכושר הגופני תוך מיקוד קבוצות שרירים ספציפיות. הוא משפר את החוזק, הגמישות והסיבולת הכללית."
,https://www.youtube.com/watch?v=Ht-MTKo0dZc,WEIGHT,standing,medium,Pronated Grip Low Cable Bicep Curl,"The exercise 'Pronated Grip Low Cable Bicep Curl' is designed to enhance physical fitness by targeting specific muscle groups. It improves strength, flexibility, and overall endurance.","התרגיל 'nan' נועד לשפר את הכושר הגופני תוך מיקוד קבוצות שרירים ספציפיות. הוא משפר את החוזק, הגמישות והסיבולת הכללית."
,https://www.youtube.com/watch?v=Z3KkwMk_cMU,WEIGHT,supine,hard,Lying Leg Raise Over Chest,"The exercise 'Lying Leg Raise Over Chest' is designed to enhance physical fitness by targeting specific muscle groups. It improves strength, flexibility, and overall endurance.","התרגיל 'nan' נועד לשפר את הכושר הגופני תוך מיקוד קבוצות שרירים ספציפיות. הוא משפר את החוזק, הגמישות והסיבולת הכללית."
כפיפות בטן בתלייה,,,standing,hard,כפיפות בטן בתלייה,"The exercise 'כפיפות בטן בתלייה' is designed to enhance physical fitness by targeting specific muscle groups. It improves strength, flexibility, and overall endurance.","התרגיל 'כפיפות בטן בתלייה' נועד לשפר את הכושר הגופני תוך מיקוד קבוצות שרירים ספציפיות. הוא משפר את החוזק, הגמישות והסיבולת הכללית."
כפיפת בטן אקורדיון,,,supine,medium,כפיפת בטן אקורדיון,"The exercise 'כפיפת בטן אקורדיון' is designed to enhance physical fitness by targeting specific muscle groups. It improves strength, flexibility, and overall endurance.","התרגיל 'כפיפת בטן אקורדיון' נועד לשפר את הכושר הגופני תוך מיקוד קבוצות שרירים ספציפיות. הוא משפר את החוזק, הגמישות והסיבולת הכללית."
פשיטת ירך עם גומיה,,,supine,medium,פשיטת ירך עם גומיה,"The exercise 'פשיטת ירך עם גומיה' is designed to enhance physical fitness by targeting specific muscle groups. It improves strength, flexibility, and overall endurance.","התרגיל 'פשיטת ירך עם גומיה' נועד לשפר את הכושר הגופני תוך מיקוד קבוצות שרירים ספציפיות. הוא משפר את החוזק, הגמישות והסיבולת הכללית."
בטן שיפוע שלילי על ספסל,,,supine,medium,בטן שיפוע שלילי על ספסל,"The exercise 'בטן שיפוע שלילי על ספסל' is designed to enhance physical fitness by targeting specific muscle groups. It improves strength, flexibility, and overall endurance.","התרגיל 'בטן שיפוע שלילי על ספסל' נועד לשפר את הכושר הגופני תוך מיקוד קבוצות שרירים ספציפיות. הוא משפר את החוזק, הגמישות והסיבולת הכללית."
סיסי סקוואט-האק,,,standing,hard,סיסי סקוואט-האק,"The exercise 'סיסי סקוואט-האק' is designed to enhance physical fitness by targeting specific muscle groups. It improves strength, flexibility, and overall endurance.","התרגיל 'סיסי סקוואט-האק' נועד לשפר את הכושר הגופני תוך מיקוד קבוצות שרירים ספציפיות. הוא משפר את החוזק, הגמישות והסיבולת הכללית."
מקק מת,,,standing,low,מקק מת,"The exercise 'מקק מת' is designed to enhance physical fitness by targeting specific muscle groups. It improves strength, flexibility, and overall endurance.","התרגיל 'מקק מת' נועד לשפר את הכושר הגופני תוך מיקוד קבוצות שרירים ספציפיות. הוא משפר את החוזק, הגמישות והסיבולת הכללית."
מכרע-בולגרי-בטיאראקס,,,standing,hard,מכרע-בולגרי-בטיאראקס,"The exercise 'מכרע-בולגרי-בטיאראקס' is designed to enhance physical fitness by targeting specific muscle groups. It improves strength, flexibility, and overall endurance.","התרגיל 'מכרע-בולגרי-בטיאראקס' נועד לשפר את הכושר הגופני תוך מיקוד קבוצות שרירים ספציפיות. הוא משפר את החוזק, הגמישות והסיבולת הכללית."
לחיצת חזה מוט חופשי סופינציה,,,standing,medium,לחיצת חזה מוט חופשי סופינציה,"The exercise 'לחיצת חזה מוט חופשי סופינציה' is designed to enhance physical fitness by targeting specific muscle groups. It improves strength, flexibility, and overall endurance.","התרגיל 'לחיצת חזה מוט חופשי סופינציה' נועד לשפר את הכושר הגופני תוך מיקוד קבוצות שרירים ספציפיות. הוא משפר את החוזק, הגמישות והסיבולת הכללית."
קראנצ' כפיפת בטן,,,supine,hard,קראנצ' כפיפת בטן,"The exercise 'קראנצ' כפיפת בטן' is designed to enhance physical fitness by targeting specific muscle groups. It improves strength, flexibility, and overall endurance.","התרגיל 'קראנצ' כפיפת בטן' נועד לשפר את הכושר הגופני תוך מיקוד קבוצות שרירים ספציפיות. הוא משפר את החוזק, הגמישות והסיבולת הכללית."
אלכסונים דינמי,,,supine,hard,אלכסונים דינמי,"The exercise 'אלכסונים דינמי' is designed to enhance physical fitness by targeting specific muscle groups. It improves strength, flexibility, and overall endurance.","התרגיל 'אלכסונים דינמי' נועד לשפר את הכושר הגופני תוך מיקוד קבוצות שרירים ספציפיות. הוא משפר את החוזק, הגמישות והסיבולת הכללית."
,https://www.youtube.com/watch?v=NM9UPUGAMIc,WEIGHT,,medium,Barbell bench press,"The exercise 'Barbell bench press' is designed to enhance physical fitness by targeting specific muscle groups. It improves strength, flexibility, and overall endurance.","התרגיל 'nan' נועד לשפר את הכושר הגופני תוך מיקוד קבוצות שרירים ספציפיות. הוא משפר את החוזק, הגמישות והסיבולת הכללית."
,https://www.youtube.com/watch?v=O_IU16nj4zQ,WEIGHT,supine,low,Lying Dumbbell Leg Curl,"The exercise 'Lying Dumbbell Leg Curl' is designed to enhance physical fitness by targeting specific muscle groups. It improves strength, flexibility, and overall endurance.","התרגיל 'nan' נועד לשפר את הכושר הגופני תוך מיקוד קבוצות שרירים ספציפיות. הוא משפר את החוזק, הגמישות והסיבולת הכללית."
,https://www.youtube.com/watch?v=i-rRp-L0cYc,WEIGHT,standing,medium,T-Bar Row on Low Pulley Cable,"The exercise 'T-Bar Row on Low Pulley Cable' is designed to enhance physical fitness by targeting specific muscle groups. It improves strength, flexibility, and overall endurance.","התרגיל 'nan' נועד לשפר את הכושר הגופני תוך מיקוד קבוצות שרירים ספציפיות. הוא משפר את החוזק, הגמישות והסיבולת הכללית."
,,WEIGHT,standing,medium,Low Pulley Skull Crusher,"The exercise 'Low Pulley Skull Crusher' is designed to enhance physical fitness by targeting specific muscle groups. It improves strength, flexibility, and overall endurance.","התרגיל 'nan' נועד לשפר את הכושר הגופני תוך מיקוד קבוצות שרירים ספציפיות. הוא משפר את החוזק, הגמישות והסיבולת הכללית."
,https://www.youtube.com/watch?v=90F1bquscN0,WEIGHT,standing,low,Low Pulley Shoulder raise,"The exercise 'Low Pulley Shoulder raise' is designed to enhance physical fitness by targeting specific muscle groups. It improves strength, flexibility, and overall endurance.","התרגיל 'nan' נועד לשפר את הכושר הגופני תוך מיקוד קבוצות שרירים ספציפיות. הוא משפר את החוזק, הגמישות והסיבולת הכללית."
,https://www.youtube.com/watch?v=IEsVfs3EwgA,WEIGHT,standing,low,Single-Arm Low Pulley Shoulder raise,"The exercise 'Single-Arm Low Pulley Shoulder raise' is designed to enhance physical fitness by targeting specific muscle groups. It improves strength, flexibility, and overall endurance.","התרגיל 'nan' נועד לשפר את הכושר הגופני תוך מיקוד קבוצות שרירים ספציפיות. הוא משפר את החוזק, הגמישות והסיבולת הכללית."
,https://www.youtube.com/watch?v=JT1GMISKA-0,WEIGHT,supine,medium,Spider Curl with W-Bar in,"The exercise 'Spider Curl with W-Bar in' is designed to enhance physical fitness by targeting specific muscle groups. It improves strength, flexibility, and overall endurance.","התרגיל 'nan' נועד לשפר את הכושר הגופני תוך מיקוד קבוצות שרירים ספציפיות. הוא משפר את החוזק, הגמישות והסיבולת הכללית."
,https://www.youtube.com/watch?v=N8vnVCUKcQ8,WEIGHT,standing,medium,Low Pulley rope Cable Curl,"The exercise 'Low Pulley rope Cable Curl' is designed to enhance physical fitness by targeting specific muscle groups. It improves strength, flexibility, and overall endurance.","התרגיל 'nan' נועד לשפר את הכושר הגופני תוך מיקוד קבוצות שרירים ספציפיות. הוא משפר את החוזק, הגמישות והסיבולת הכללית."
,https://www.youtube.com/watch?v=lW-SDennfaw,WEIGHT,seating,medium,Hip Support Dumbbell Curl,"The exercise 'Hip Support Dumbbell Curl' is designed to enhance physical fitness by targeting specific muscle groups. It improves strength, flexibility, and overall endurance.","התרגיל 'nan' נועד לשפר את הכושר הגופני תוך מיקוד קבוצות שרירים ספציפיות. הוא משפר את החוזק, הגמישות והסיבולת הכללית."
,https://www.youtube.com/watch?v=KalxWp_L3_A,WEIGHT,seating,medium,Hip Thrust,"The exercise 'Hip Thrust' is designed to enhance physical fitness by targeting specific muscle groups. It improves strength, flexibility, and overall endurance.","התרגיל 'nan' נועד לשפר את הכושר הגופני תוך מיקוד קבוצות שרירים ספציפיות. הוא משפר את החוזק, הגמישות והסיבולת הכללית."
,https://www.youtube.com/watch?v=ChlsEmkpY8E,WEIGHT,supine,medium,Lying Low Pulley biceps Curl,"The exercise 'Lying Low Pulley biceps Curl' is designed to enhance physical fitness by targeting specific muscle groups. It improves strength, flexibility, and overall endurance.","התרגיל 'nan' נועד לשפר את הכושר הגופני תוך מיקוד קבוצות שרירים ספציפיות. הוא משפר את החוזק, הגמישות והסיבולת הכללית."
,https://www.youtube.com/watch?v=p6ho8QBFYYo,WEIGHT,seating,medium,Seated Russian Twist,"The exercise 'Seated Russian Twist' is designed to enhance physical fitness by targeting specific muscle groups. It improves strength, flexibility, and overall endurance.","התרגיל 'nan' נועד לשפר את הכושר הגופני תוך מיקוד קבוצות שרירים ספציפיות. הוא משפר את החוזק, הגמישות והסיבולת הכללית."
,https://www.youtube.com/watch?v=KKXie2UApCc,WEIGHT,standing,low,Static Lunges,"The exercise 'Static Lunges' is designed to enhance physical fitness by targeting specific muscle groups. It improves strength, flexibility, and overall endurance.","התרגיל 'nan' נועד לשפר את הכושר הגופני תוך מיקוד קבוצות שרירים ספציפיות. הוא משפר את החוזק, הגמישות והסיבולת הכללית."
,https://www.youtube.com/watch?v=zZjG1X6oElk,TIME,standing,medium,Static Side plank with Middle Cable,"The exercise 'Static Side plank with Middle Cable' is designed to enhance physical fitness by targeting specific muscle groups. It improves strength, flexibility, and overall endurance.","התרגיל 'nan' נועד לשפר את הכושר הגופני תוך מיקוד קבוצות שרירים ספציפיות. הוא משפר את החוזק, הגמישות והסיבולת הכללית."
,https://www.youtube.com/watch?v=jEWrkMMBsiA,WEIGHT,standing,hard,Hybrid Deadlift,"The exercise 'Hybrid Deadlift' is designed to enhance physical fitness by targeting specific muscle groups. It improves strength, flexibility, and overall endurance.","התרגיל 'nan' נועד לשפר את הכושר הגופני תוך מיקוד קבוצות שרירים ספציפיות. הוא משפר את החוזק, הגמישות והסיבולת הכללית."
,,WEIGHT,standing,hard,Smith Machine Bent-over Row pronated grip,"The exercise 'Smith Machine Bent-over Row pronated grip' is designed to enhance physical fitness by targeting specific muscle groups. It improves strength, flexibility, and overall endurance.","התרגיל 'nan' נועד לשפר את הכושר הגופני תוך מיקוד קבוצות שרירים ספציפיות. הוא משפר את החוזק, הגמישות והסיבולת הכללית."
,https://www.youtube.com/watch?v=N7lD1M293CY,WEIGHT,seating,medium,Smith Machine Hip Thrust,"The exercise 'Smith Machine Hip Thrust' is designed to enhance physical fitness by targeting specific muscle groups. It improves strength, flexibility, and overall endurance.","התרגיל 'nan' נועד לשפר את הכושר הגופני תוך מיקוד קבוצות שרירים ספציפיות. הוא משפר את החוזק, הגמישות והסיבולת הכללית."
,https://www.youtube.com/watch?v=NjX1sh_FBpQ,WEIGHT,,hard,B-Stance Romanian Deadlift,"The exercise 'B-Stance Romanian Deadlift' is designed to enhance physical fitness by targeting specific muscle groups. It improves strength, flexibility, and overall endurance.","התרגיל 'nan' נועד לשפר את הכושר הגופני תוך מיקוד קבוצות שרירים ספציפיות. הוא משפר את החוזק, הגמישות והסיבולת הכללית."
,https://www.youtube.com/watch?v=0_gLy3-E1Hc,WEIGHT,seating,medium,B-Stance Hip Thrust,"The exercise 'B-Stance Hip Thrust' is designed to enhance physical fitness by targeting specific muscle groups. It improves strength, flexibility, and overall endurance.","התרגיל 'nan' נועד לשפר את הכושר הגופני תוך מיקוד קבוצות שרירים ספציפיות. הוא משפר את החוזק, הגמישות והסיבולת הכללית."
,https://www.youtube.com/watch?v=F4CA262dJvg,WEIGHT,supine,medium,Single-Arm Incline Dumbbell Fly,"The exercise 'Single-Arm Incline Dumbbell Fly' is designed to enhance physical fitness by targeting specific muscle groups. It improves strength, flexibility, and overall endurance.","התרגיל 'nan' נועד לשפר את הכושר הגופני תוך מיקוד קבוצות שרירים ספציפיות. הוא משפר את החוזק, הגמישות והסיבולת הכללית."
,https://www.youtube.com/watch?v=nlRDRIJOaaY,WEIGHT,standing,hard,Smith Machine Bulgarian Split Squat,"The exercise 'Smith Machine Bulgarian Split Squat' is designed to enhance physical fitness by targeting specific muscle groups. It improves strength, flexibility, and overall endurance.","התרגיל 'nan' נועד לשפר את הכושר הגופני תוך מיקוד קבוצות שרירים ספציפיות. הוא משפר את החוזק, הגמישות והסיבולת הכללית."
,https://www.youtube.com/watch?v=NPQZvIIifME,WEIGHT,standing,hard,Smith Machine Sumo Squat,"The exercise 'Smith Machine Sumo Squat' is designed to enhance physical fitness by targeting specific muscle groups. It improves strength, flexibility, and overall endurance.","התרגיל 'nan' נועד לשפר את הכושר הגופני תוך מיקוד קבוצות שרירים ספציפיות. הוא משפר את החוזק, הגמישות והסיבולת הכללית."
,,WEIGHT,seating,medium,York Supinated Grip Lat Pulldown,"The exercise 'York Supinated Grip Lat Pulldown' is designed to enhance physical fitness by targeting specific muscle groups. It improves strength, flexibility, and overall endurance.","התרגיל 'nan' נועד לשפר את הכושר הגופני תוך מיקוד קבוצות שרירים ספציפיות. הוא משפר את החוזק, הגמישות והסיבולת הכללית."
,https://www.youtube.com/watch?v=ZyHnU9EiW2w,WEIGHT,standing,hard,TrapBar classic Deadlift,"The exercise 'TrapBar classic Deadlift' is designed to enhance physical fitness by targeting specific muscle groups. It improves strength, flexibility, and overall endurance.","התרגיל 'nan' נועד לשפר את הכושר הגופני תוך מיקוד קבוצות שרירים ספציפיות. הוא משפר את החוזק, הגמישות והסיבולת הכללית."
,https://www.youtube.com/watch?v=IXumv-5LO9Q,WEIGHT,standing,low,Gravitron Mid-Position pull up,"The exercise 'Gravitron Mid-Position pull up' is designed to enhance physical fitness by targeting specific muscle groups. It improves strength, flexibility, and overall endurance.","התרגיל 'nan' נועד לשפר את הכושר הגופני תוך מיקוד קבוצות שרירים ספציפיות. הוא משפר את החוזק, הגמישות והסיבולת הכללית."
,https://www.youtube.com/watch?v=6ewEg8oR7qs,WEIGHT,,medium,Superman back extention + front raise,"The exercise 'Superman back extention + front raise' is designed to enhance physical fitness by targeting specific muscle groups. It improves strength, flexibility, and overall endurance.","התרגיל 'nan' נועד לשפר את הכושר הגופני תוך מיקוד קבוצות שרירים ספציפיות. הוא משפר את החוזק, הגמישות והסיבולת הכללית."
,https://www.youtube.com/watch?v=UpWdI6vPK6o,WEIGHT,seating,medium,Low Pulley handle single arm Row bench Support,"The exercise 'Low Pulley handle single arm Row bench Support' is designed to enhance physical fitness by targeting specific muscle groups. It improves strength, flexibility, and overall endurance.","התרגיל 'nan' נועד לשפר את הכושר הגופני תוך מיקוד קבוצות שרירים ספציפיות. הוא משפר את החוזק, הגמישות והסיבולת הכללית."
,https://www.youtube.com/watch?v=U8z-7rjoxmI,WEIGHT,standing,hard,Hack Squat,"The exercise 'Hack Squat' is designed to enhance physical fitness by targeting specific muscle groups. It improves strength, flexibility, and overall endurance.","התרגיל 'nan' נועד לשפר את הכושר הגופני תוך מיקוד קבוצות שרירים ספציפיות. הוא משפר את החוזק, הגמישות והסיבולת הכללית."
,https://www.youtube.com/watch?v=okrKmEQwryY,WEIGHT,standing,medium,Resistance Band Squat,"The exercise 'Resistance Band Squat' is designed to enhance physical fitness by targeting specific muscle groups. It improves strength, flexibility, and overall endurance.","התרגיל 'nan' נועד לשפר את הכושר הגופני תוך מיקוד קבוצות שרירים ספציפיות. הוא משפר את החוזק, הגמישות והסיבולת הכללית."
,https://www.youtube.com/watch?v=QLp40kGAqbw,WEIGHT,standing,medium,Standing Dumbbell upright Row,"The exercise 'Standing Dumbbell upright Row' is designed to enhance physical fitness by targeting specific muscle groups. It improves strength, flexibility, and overall endurance.","התרגיל 'nan' נועד לשפר את הכושר הגופני תוך מיקוד קבוצות שרירים ספציפיות. הוא משפר את החוזק, הגמישות והסיבולת הכללית."
,https://www.youtube.com/watch?v=ySAhocCjHb0,WEIGHT,standing,low,Single-Arm Dumbbell Bicep Curl on bench Support,"The exercise 'Single-Arm Dumbbell Bicep Curl on bench Support' is designed to enhance physical fitness by targeting specific muscle groups. It improves strength, flexibility, and overall endurance.","התרגיל 'nan' נועד לשפר את הכושר הגופני תוך מיקוד קבוצות שרירים ספציפיות. הוא משפר את החוזק, הגמישות והסיבולת הכללית."
חצי מתח,,,standing,low,חצי מתח,"The exercise 'חצי מתח' is designed to enhance physical fitness by targeting specific muscle groups. It improves strength, flexibility, and overall endurance.","התרגיל 'חצי מתח' נועד לשפר את הכושר הגופני תוך מיקוד קבוצות שרירים ספציפיות. הוא משפר את החוזק, הגמישות והסיבולת הכללית."
,https://www.youtube.com/watch?v=mEOAoRkNOoA,WEIGHT,standing,medium,Walking Lunges,"The exercise 'Walking Lunges' is designed to enhance physical fitness by targeting specific muscle groups. It improves strength, flexibility, and overall endurance.","התרגיל 'nan' נועד לשפר את הכושר הגופני תוך מיקוד קבוצות שרירים ספציפיות. הוא משפר את החוזק, הגמישות והסיבולת הכללית."
כפיפה ויישור,,,supine,hard,כפיפה ויישור,"The exercise 'כפיפה ויישור' is designed to enhance physical fitness by targeting specific muscle groups. It improves strength, flexibility, and overall endurance.","התרגיל 'כפיפה ויישור' נועד לשפר את הכושר הגופני תוך מיקוד קבוצות שרירים ספציפיות. הוא משפר את החוזק, הגמישות והסיבולת הכללית."
אלכסונים דינאמי,,,supine,hard,אלכסונים דינאמי,"The exercise 'אלכסונים דינאמי' is designed to enhance physical fitness by targeting specific muscle groups. It improves strength, flexibility, and overall endurance.","התרגיל 'אלכסונים דינאמי' נועד לשפר את הכושר הגופני תוך מיקוד קבוצות שרירים ספציפיות. הוא משפר את החוזק, הגמישות והסיבולת הכללית."
פשיטת ירך כנגד רצועה כבלים,,,supine,medium,פשיטת ירך כנגד רצועה כבלים,"The exercise 'פשיטת ירך כנגד רצועה כבלים' is designed to enhance physical fitness by targeting specific muscle groups. It improves strength, flexibility, and overall endurance.","התרגיל 'פשיטת ירך כנגד רצועה כבלים' נועד לשפר את הכושר הגופני תוך מיקוד קבוצות שרירים ספציפיות. הוא משפר את החוזק, הגמישות והסיבולת הכללית."
הרחקת ירך במכונה,,,standing,low,הרחקת ירך במכונה,"The exercise 'הרחקת ירך במכונה' is designed to enhance physical fitness by targeting specific muscle groups. It improves strength, flexibility, and overall endurance.","התרגיל 'הרחקת ירך במכונה' נועד לשפר את הכושר הגופני תוך מיקוד קבוצות שרירים ספציפיות. הוא משפר את החוזק, הגמישות והסיבולת הכללית."
קירוב ירך במכונה,,,standing,low,קירוב ירך במכונה,"The exercise 'קירוב ירך במכונה' is designed to enhance physical fitness by targeting specific muscle groups. It improves strength, flexibility, and overall endurance.","התרגיל 'קירוב ירך במכונה' נועד לשפר את הכושר הגופני תוך מיקוד קבוצות שרירים ספציפיות. הוא משפר את החוזק, הגמישות והסיבולת הכללית."
היפטרסט במכונה+גומיה,,,standing,low,היפטרסט במכונה+גומיה,"The exercise 'היפטרסט במכונה+גומיה' is designed to enhance physical fitness by targeting specific muscle groups. It improves strength, flexibility, and overall endurance.","התרגיל 'היפטרסט במכונה+גומיה' נועד לשפר את הכושר הגופני תוך מיקוד קבוצות שרירים ספציפיות. הוא משפר את החוזק, הגמישות והסיבולת הכללית."
הרחקת אופקית בישיבה במכונה ייעודית,,,standing,low,הרחקת אופקית בישיבה במכונה ייעודית,"The exercise 'הרחקת אופקית בישיבה במכונה ייעודית' is designed to enhance physical fitness by targeting specific muscle groups. It improves strength, flexibility, and overall endurance.","התרגיל 'הרחקת אופקית בישיבה במכונה ייעודית' נועד לשפר את הכושר הגופני תוך מיקוד קבוצות שרירים ספציפיות. הוא משפר את החוזק, הגמישות והסיבולת הכללית."
פשיטת מרפק בהטיית גו כנגד פולי איבר בודד,,,standing,low,פשיטת מרפק בהטיית גו כנגד פולי איבר בודד,"The exercise 'פשיטת מרפק בהטיית גו כנגד פולי איבר בודד' is designed to enhance physical fitness by targeting specific muscle groups. It improves strength, flexibility, and overall endurance.","התרגיל 'פשיטת מרפק בהטיית גו כנגד פולי איבר בודד' נועד לשפר את הכושר הגופני תוך מיקוד קבוצות שרירים ספציפיות. הוא משפר את החוזק, הגמישות והסיבולת הכללית."
מתח בסופינציה,,,standing,low,מתח בסופינציה,"The exercise 'מתח בסופינציה' is designed to enhance physical fitness by targeting specific muscle groups. It improves strength, flexibility, and overall endurance.","התרגיל 'מתח בסופינציה' נועד לשפר את הכושר הגופני תוך מיקוד קבוצות שרירים ספציפיות. הוא משפר את החוזק, הגמישות והסיבולת הכללית."
התרגיל של אופק לבטן,,,standing,low,התרגיל של אופק לבטן,"The exercise 'התרגיל של אופק לבטן' is designed to enhance physical fitness by targeting specific muscle groups. It improves strength, flexibility, and overall endurance.","התרגיל 'התרגיל של אופק לבטן' נועד לשפר את הכושר הגופני תוך מיקוד קבוצות שרירים ספציפיות. הוא משפר את החוזק, הגמישות והסיבולת הכללית."
לחיצת כתף בישיבה משקולות יד,,,standing,low,לחיצת כתף בישיבה משקולות יד,"The exercise 'לחיצת כתף בישיבה משקולות יד' is designed to enhance physical fitness by targeting specific muscle groups. It improves strength, flexibility, and overall endurance.","התרגיל 'לחיצת כתף בישיבה משקולות יד' נועד לשפר את הכושר הגופני תוך מיקוד קבוצות שרירים ספציפיות. הוא משפר את החוזק, הגמישות והסיבולת הכללית."
שכיבות סמיכה תמיכת ברכיים,,,standing,low,שכיבות סמיכה תמיכת ברכיים,"The exercise 'שכיבות סמיכה תמיכת ברכיים' is designed to enhance physical fitness by targeting specific muscle groups. It improves strength, flexibility, and overall endurance.","התרגיל 'שכיבות סמיכה תמיכת ברכיים' נועד לשפר את הכושר הגופני תוך מיקוד קבוצות שרירים ספציפיות. הוא משפר את החוזק, הגמישות והסיבולת הכללית."
שכיבות סמיכה אקצנטריות ברכיים,,,standing,low,שכיבות סמיכה אקצנטריות ברכיים,"The exercise 'שכיבות סמיכה אקצנטריות ברכיים' is designed to enhance physical fitness by targeting specific muscle groups. It improves strength, flexibility, and overall endurance.","התרגיל 'שכיבות סמיכה אקצנטריות ברכיים' נועד לשפר את הכושר הגופני תוך מיקוד קבוצות שרירים ספציפיות. הוא משפר את החוזק, הגמישות והסיבולת הכללית."
שכיבות סמיכה אקצנטריות,,,standing,low,שכיבות סמיכה אקצנטריות,"The exercise 'שכיבות סמיכה אקצנטריות' is designed to enhance physical fitness by targeting specific muscle groups. It improves strength, flexibility, and overall endurance.","התרגיל 'שכיבות סמיכה אקצנטריות' נועד לשפר את הכושר הגופני תוך מיקוד קבוצות שרירים ספציפיות. הוא משפר את החוזק, הגמישות והסיבולת הכללית."
מתח אקצנטרי,,,standing,low,מתח אקצנטרי,"The exercise 'מתח אקצנטרי' is designed to enhance physical fitness by targeting specific muscle groups. It improves strength, flexibility, and overall endurance.","התרגיל 'מתח אקצנטרי' נועד לשפר את הכושר הגופני תוך מיקוד קבוצות שרירים ספציפיות. הוא משפר את החוזק, הגמישות והסיבולת הכללית."
קיק למעלה בעמידת 6- גומיה,,,standing,low,קיק למעלה בעמידת 6- גומיה,"The exercise 'קיק למעלה בעמידת 6- גומיה' is designed to enhance physical fitness by targeting specific muscle groups. It improves strength, flexibility, and overall endurance.","התרגיל 'קיק למעלה בעמידת 6- גומיה' נועד לשפר את הכושר הגופני תוך מיקוד קבוצות שרירים ספציפיות. הוא משפר את החוזק, הגמישות והסיבולת הכללית."
הרחקות ירך בעמידה-איבר בודד,,,standing,low,הרחקות ירך בעמידה-איבר בודד,"The exercise 'הרחקות ירך בעמידה-איבר בודד' is designed to enhance physical fitness by targeting specific muscle groups. It improves strength, flexibility, and overall endurance.","התרגיל 'הרחקות ירך בעמידה-איבר בודד' נועד לשפר את הכושר הגופני תוך מיקוד קבוצות שרירים ספציפיות. הוא משפר את החוזק, הגמישות והסיבולת הכללית."
קירוב ירך כנגד פולי עליון-איבר בודד (בשפגט),,,standing,low,קירוב ירך כנגד פולי עליון-איבר בודד (בשפגט),"The exercise 'קירוב ירך כנגד פולי עליון-איבר בודד (בשפגט)' is designed to enhance physical fitness by targeting specific muscle groups. It improves strength, flexibility, and overall endurance.","התרגיל 'קירוב ירך כנגד פולי עליון-איבר בודד (בשפגט)' נועד לשפר את הכושר הגופני תוך מיקוד קבוצות שרירים ספציפיות. הוא משפר את החוזק, הגמישות והסיבולת הכללית."
פול דאון אחיזה צרה,,,standing,low,פול דאון אחיזה צרה,"The exercise 'פול דאון אחיזה צרה' is designed to enhance physical fitness by targeting specific muscle groups. It improves strength, flexibility, and overall endurance.","התרגיל 'פול דאון אחיזה צרה' נועד לשפר את הכושר הגופני תוך מיקוד קבוצות שרירים ספציפיות. הוא משפר את החוזק, הגמישות והסיבולת הכללית."
פול דאון אחיזה רחבה,,,standing,low,פול דאון אחיזה רחבה,"The exercise 'פול דאון אחיזה רחבה' is designed to enhance physical fitness by targeting specific muscle groups. It improves strength, flexibility, and overall endurance.","התרגיל 'פול דאון אחיזה רחבה' נועד לשפר את הכושר הגופני תוך מיקוד קבוצות שרירים ספציפיות. הוא משפר את החוזק, הגמישות והסיבולת הכללית."
חתירה יד יד ידיות פולי עליון בכריעה,,,seating,medium,חתירה יד יד ידיות פולי עליון בכריעה,"The exercise 'חתירה יד יד ידיות פולי עליון בכריעה' is designed to enhance physical fitness by targeting specific muscle groups. It improves strength, flexibility, and overall endurance.","התרגיל 'חתירה יד יד ידיות פולי עליון בכריעה' נועד לשפר את הכושר הגופני תוך מיקוד קבוצות שרירים ספציפיות. הוא משפר את החוזק, הגמישות והסיבולת הכללית."
הרחקת ירך  כנגד פולי תחתון,,,standing,low,הרחקת ירך  כנגד פולי תחתון,"The exercise 'הרחקת ירך  כנגד פולי תחתון' is designed to enhance physical fitness by targeting specific muscle groups. It improves strength, flexibility, and overall endurance.","התרגיל 'הרחקת ירך  כנגד פולי תחתון' נועד לשפר את הכושר הגופני תוך מיקוד קבוצות שרירים ספציפיות. הוא משפר את החוזק, הגמישות והסיבולת הכללית."
לחיצת חזה עם מוט אחיזת סופינציה,,,standing,low,לחיצת חזה עם מוט אחיזת סופינציה,"The exercise 'לחיצת חזה עם מוט אחיזת סופינציה' is designed to enhance physical fitness by targeting specific muscle groups. It improves strength, flexibility, and overall endurance.","התרגיל 'לחיצת חזה עם מוט אחיזת סופינציה' נועד לשפר את הכושר הגופני תוך מיקוד קבוצות שרירים ספציפיות. הוא משפר את החוזק, הגמישות והסיבולת הכללית."
,https://www.youtube.com/watch?v=LpNzlEpaH9c,WEIGHT,supine,medium,Lying Dumbbell Fly,"The exercise 'Lying Dumbbell Fly' is designed to enhance physical fitness by targeting specific muscle groups. It improves strength, flexibility, and overall endurance.","התרגיל 'nan' נועד לשפר את הכושר הגופני תוך מיקוד קבוצות שרירים ספציפיות. הוא משפר את החוזק, הגמישות והסיבולת הכללית."
,https://www.youtube.com/watch?v=Wvb9k7hbpis,WEIGHT,standing,medium,Barbell front raise,"The exercise 'Barbell front raise' is designed to enhance physical fitness by targeting specific muscle groups. It improves strength, flexibility, and overall endurance.","התרגיל 'nan' נועד לשפר את הכושר הגופני תוך מיקוד קבוצות שרירים ספציפיות. הוא משפר את החוזק, הגמישות והסיבולת הכללית."
,https://www.youtube.com/watch?v=tv8v6g4aJxM,WEIGHT,supine,low,Lying Knee Raise,"The exercise 'Lying Knee Raise' is designed to enhance physical fitness by targeting specific muscle groups. It improves strength, flexibility, and overall endurance.","התרגיל 'nan' נועד לשפר את הכושר הגופני תוך מיקוד קבוצות שרירים ספציפיות. הוא משפר את החוזק, הגמישות והסיבולת הכללית."
,https://www.youtube.com/watch?v=d6QUwuymWMo,WEIGHT,supine,medium,Mountain Climber Ab Crunches,"The exercise 'Mountain Climber Ab Crunches' is designed to enhance physical fitness by targeting specific muscle groups. It improves strength, flexibility, and overall endurance.","התרגיל 'nan' נועד לשפר את הכושר הגופני תוך מיקוד קבוצות שרירים ספציפיות. הוא משפר את החוזק, הגמישות והסיבולת הכללית."
,https://www.youtube.com/watch?v=gDVqyiGFc3g,WEIGHT,supine,low,Ab Crunches,"The exercise 'Ab Crunches' is designed to enhance physical fitness by targeting specific muscle groups. It improves strength, flexibility, and overall endurance.","התרגיל 'nan' נועד לשפר את הכושר הגופני תוך מיקוד קבוצות שרירים ספציפיות. הוא משפר את החוזק, הגמישות והסיבולת הכללית."
,https://www.youtube.com/watch?v=2L6KeDwiuCs,WEIGHT,,medium,Hip extention pully on bench,"The exercise 'Hip extention pully on bench' is designed to enhance physical fitness by targeting specific muscle groups. It improves strength, flexibility, and overall endurance.","התרגיל 'nan' נועד לשפר את הכושר הגופני תוך מיקוד קבוצות שרירים ספציפיות. הוא משפר את החוזק, הגמישות והסיבולת הכללית."
,https://www.youtube.com/watch?v=7_LndjLhXE4,WEIGHT,seating,medium,Single-Arm Dumbbell Shoulder Press,"The exercise 'Single-Arm Dumbbell Shoulder Press' is designed to enhance physical fitness by targeting specific muscle groups. It improves strength, flexibility, and overall endurance.","התרגיל 'nan' נועד לשפר את הכושר הגופני תוך מיקוד קבוצות שרירים ספציפיות. הוא משפר את החוזק, הגמישות והסיבולת הכללית."
,https://www.youtube.com/watch?v=0Pvzn-elrV4,WEIGHT,supine,medium,Lying Single Leg Abduction,"The exercise 'Lying Single Leg Abduction' is designed to enhance physical fitness by targeting specific muscle groups. It improves strength, flexibility, and overall endurance.","התרגיל 'nan' נועד לשפר את הכושר הגופני תוך מיקוד קבוצות שרירים ספציפיות. הוא משפר את החוזק, הגמישות והסיבולת הכללית."
,https://www.youtube.com/watch?v=E9j-rMZRHzI,WEIGHT,standing,low,Crossover Tricep Pushdown,"The exercise 'Crossover Tricep Pushdown' is designed to enhance physical fitness by targeting specific muscle groups. It improves strength, flexibility, and overall endurance.","התרגיל 'nan' נועד לשפר את הכושר הגופני תוך מיקוד קבוצות שרירים ספציפיות. הוא משפר את החוזק, הגמישות והסיבולת הכללית."
,https://www.youtube.com/watch?v=chCbzupdinU,WEIGHT,supine,medium,Seating high pully single handPulldown,"The exercise 'Seating high pully single handPulldown' is designed to enhance physical fitness by targeting specific muscle groups. It improves strength, flexibility, and overall endurance.","התרגיל 'nan' נועד לשפר את הכושר הגופני תוך מיקוד קבוצות שרירים ספציפיות. הוא משפר את החוזק, הגמישות והסיבולת הכללית."
,https://www.youtube.com/watch?v=bMvvsvsSV3A,WEIGHT,supine,low,Penguin Ab Crunches,"The exercise 'Penguin Ab Crunches' is designed to enhance physical fitness by targeting specific muscle groups. It improves strength, flexibility, and overall endurance.","התרגיל 'nan' נועד לשפר את הכושר הגופני תוך מיקוד קבוצות שרירים ספציפיות. הוא משפר את החוזק, הגמישות והסיבולת הכללית."
,https://www.youtube.com/watch?v=0yspd9l0NGM,WEIGHT,seating,medium,Seated Low Crossover Shoulder Press with handles,"The exercise 'Seated Low Crossover Shoulder Press with handles' is designed to enhance physical fitness by targeting specific muscle groups. It improves strength, flexibility, and overall endurance.","התרגיל 'nan' נועד לשפר את הכושר הגופני תוך מיקוד קבוצות שרירים ספציפיות. הוא משפר את החוזק, הגמישות והסיבולת הכללית."
,https://www.youtube.com/watch?v=OWQ3jYCpnEo,WEIGHT,standing,medium,Smith Machine Bent-over Supinated Row,"The exercise 'Smith Machine Bent-over Supinated Row' is designed to enhance physical fitness by targeting specific muscle groups. It improves strength, flexibility, and overall endurance.","התרגיל 'nan' נועד לשפר את הכושר הגופני תוך מיקוד קבוצות שרירים ספציפיות. הוא משפר את החוזק, הגמישות והסיבולת הכללית."
,https://www.youtube.com/watch?v=pT9RWPe1tOo,WEIGHT,seating,low,Smith Machine Glute Bridge,"The exercise 'Smith Machine Glute Bridge' is designed to enhance physical fitness by targeting specific muscle groups. It improves strength, flexibility, and overall endurance.","התרגיל 'nan' נועד לשפר את הכושר הגופני תוך מיקוד קבוצות שרירים ספציפיות. הוא משפר את החוזק, הגמישות והסיבולת הכללית."
,https://www.youtube.com/watch?v=5f4Vsxe9DzM,WEIGHT,supine,low,Lying Hip Abduction,"The exercise 'Lying Hip Abduction' is designed to enhance physical fitness by targeting specific muscle groups. It improves strength, flexibility, and overall endurance.","התרגיל 'nan' נועד לשפר את הכושר הגופני תוך מיקוד קבוצות שרירים ספציפיות. הוא משפר את החוזק, הגמישות והסיבולת הכללית."
,https://www.youtube.com/watch?v=mZ9cKKFcTZM,WEIGHT,seating,medium,Seated Tricep Rope Pushdown back to machine,"The exercise 'Seated Tricep Rope Pushdown back to machine' is designed to enhance physical fitness by targeting specific muscle groups. It improves strength, flexibility, and overall endurance.","התרגיל 'nan' נועד לשפר את הכושר הגופני תוך מיקוד קבוצות שרירים ספציפיות. הוא משפר את החוזק, הגמישות והסיבולת הכללית."
,https://www.youtube.com/watch?v=B1cGCXYhEus,WEIGHT,seating,medium,Seated Handles Pullover,"The exercise 'Seated Handles Pullover' is designed to enhance physical fitness by targeting specific muscle groups. It improves strength, flexibility, and overall endurance.","התרגיל 'nan' נועד לשפר את הכושר הגופני תוך מיקוד קבוצות שרירים ספציפיות. הוא משפר את החוזק, הגמישות והסיבולת הכללית."
,https://www.youtube.com/watch?v=IAyGlsiGwm4,WEIGHT,standing,medium,Smith Machine elvated lunge,"The exercise 'Smith Machine elvated lunge' is designed to enhance physical fitness by targeting specific muscle groups. It improves strength, flexibility, and overall endurance.","התרגיל 'nan' נועד לשפר את הכושר הגופני תוך מיקוד קבוצות שרירים ספציפיות. הוא משפר את החוזק, הגמישות והסיבולת הכללית."
,https://www.youtube.com/watch?v=9Lad7B_j_ew,WEIGHT,seating,low,Leg extension on leg extension machine,"The exercise 'Leg extension on leg extension machine' is designed to enhance physical fitness by targeting specific muscle groups. It improves strength, flexibility, and overall endurance.","התרגיל 'nan' נועד לשפר את הכושר הגופני תוך מיקוד קבוצות שרירים ספציפיות. הוא משפר את החוזק, הגמישות והסיבולת הכללית."
,https://www.youtube.com/watch?v=OZX99rvVCGo,WEIGHT,standing,medium,Pronated Grip Barbell Curl,"The exercise 'Pronated Grip Barbell Curl' is designed to enhance physical fitness by targeting specific muscle groups. It improves strength, flexibility, and overall endurance.","התרגיל 'nan' נועד לשפר את הכושר הגופני תוך מיקוד קבוצות שרירים ספציפיות. הוא משפר את החוזק, הגמישות והסיבולת הכללית."
,https://www.youtube.com/watch?v=0cLFVSUBiKs,WEIGHT,standing,medium,High Crossover reverse fly,"The exercise 'High Crossover reverse fly' is designed to enhance physical fitness by targeting specific muscle groups. It improves strength, flexibility, and overall endurance.","התרגיל 'nan' נועד לשפר את הכושר הגופני תוך מיקוד קבוצות שרירים ספציפיות. הוא משפר את החוזק, הגמישות והסיבולת הכללית."
,https://www.youtube.com/watch?v=cGoMBaU0r9U,WEIGHT,standing,hard,Cable Hip Abduction plank position,"The exercise 'Cable Hip Abduction plank position' is designed to enhance physical fitness by targeting specific muscle groups. It improves strength, flexibility, and overall endurance.","התרגיל 'nan' נועד לשפר את הכושר הגופני תוך מיקוד קבוצות שרירים ספציפיות. הוא משפר את החוזק, הגמישות והסיבולת הכללית."
פשיטת מרפק בחבל כבלים,,,standing,low,פשיטת מרפק בחבל כבלים,"The exercise 'פשיטת מרפק בחבל כבלים' is designed to enhance physical fitness by targeting specific muscle groups. It improves strength, flexibility, and overall endurance.","התרגיל 'פשיטת מרפק בחבל כבלים' נועד לשפר את הכושר הגופני תוך מיקוד קבוצות שרירים ספציפיות. הוא משפר את החוזק, הגמישות והסיבולת הכללית."
פשיטת מרפק מפולי שריר מקוצר,,,standing,hard,פשיטת מרפק מפולי שריר מקוצר,"The exercise 'פשיטת מרפק מפולי שריר מקוצר' is designed to enhance physical fitness by targeting specific muscle groups. It improves strength, flexibility, and overall endurance.","התרגיל 'פשיטת מרפק מפולי שריר מקוצר' נועד לשפר את הכושר הגופני תוך מיקוד קבוצות שרירים ספציפיות. הוא משפר את החוזק, הגמישות והסיבולת הכללית."
פשיטת ירך בפולי עליון רצועות איבר-בודד,,,standing,medium,פשיטת ירך בפולי עליון רצועות איבר-בודד,"The exercise 'פשיטת ירך בפולי עליון רצועות איבר-בודד' is designed to enhance physical fitness by targeting specific muscle groups. It improves strength, flexibility, and overall endurance.","התרגיל 'פשיטת ירך בפולי עליון רצועות איבר-בודד' נועד לשפר את הכושר הגופני תוך מיקוד קבוצות שרירים ספציפיות. הוא משפר את החוזק, הגמישות והסיבולת הכללית."
שכיבות סמיכה שיפוע שלילי,,,standing,low,שכיבות סמיכה שיפוע שלילי,"The exercise 'שכיבות סמיכה שיפוע שלילי' is designed to enhance physical fitness by targeting specific muscle groups. It improves strength, flexibility, and overall endurance.","התרגיל 'שכיבות סמיכה שיפוע שלילי' נועד לשפר את הכושר הגופני תוך מיקוד קבוצות שרירים ספציפיות. הוא משפר את החוזק, הגמישות והסיבולת הכללית."
מקבילים בגרביטון,,,standing,low,מקבילים בגרביטון,"The exercise 'מקבילים בגרביטון' is designed to enhance physical fitness by targeting specific muscle groups. It improves strength, flexibility, and overall endurance.","התרגיל 'מקבילים בגרביטון' נועד לשפר את הכושר הגופני תוך מיקוד קבוצות שרירים ספציפיות. הוא משפר את החוזק, הגמישות והסיבולת הכללית."
מתח בגרביטון אחיזה פרונציה,,,standing,low,מתח בגרביטון אחיזה פרונציה,"The exercise 'מתח בגרביטון אחיזה פרונציה' is designed to enhance physical fitness by targeting specific muscle groups. It improves strength, flexibility, and overall endurance.","התרגיל 'מתח בגרביטון אחיזה פרונציה' נועד לשפר את הכושר הגופני תוך מיקוד קבוצות שרירים ספציפיות. הוא משפר את החוזק, הגמישות והסיבולת הכללית."
דדליפט קלאסי,,,standing,low,דדליפט קלאסי,"The exercise 'דדליפט קלאסי' is designed to enhance physical fitness by targeting specific muscle groups. It improves strength, flexibility, and overall endurance.","התרגיל 'דדליפט קלאסי' נועד לשפר את הכושר הגופני תוך מיקוד קבוצות שרירים ספציפיות. הוא משפר את החוזק, הגמישות והסיבולת הכללית."
הייבריד דדליפט,,,standing,low,הייבריד דדליפט,"The exercise 'הייבריד דדליפט' is designed to enhance physical fitness by targeting specific muscle groups. It improves strength, flexibility, and overall endurance.","התרגיל 'הייבריד דדליפט' נועד לשפר את הכושר הגופני תוך מיקוד קבוצות שרירים ספציפיות. הוא משפר את החוזק, הגמישות והסיבולת הכללית."
הרחקת כתף אופקית פולי עליון איבר בודד,,,standing,low,הרחקת כתף אופקית פולי עליון איבר בודד,"The exercise 'הרחקת כתף אופקית פולי עליון איבר בודד' is designed to enhance physical fitness by targeting specific muscle groups. It improves strength, flexibility, and overall endurance.","התרגיל 'הרחקת כתף אופקית פולי עליון איבר בודד' נועד לשפר את הכושר הגופני תוך מיקוד קבוצות שרירים ספציפיות. הוא משפר את החוזק, הגמישות והסיבולת הכללית."
מתח רחב עם גומיה סגולה,,,standing,medium,מתח רחב עם גומיה סגולה,"The exercise 'מתח רחב עם גומיה סגולה' is designed to enhance physical fitness by targeting specific muscle groups. It improves strength, flexibility, and overall endurance.","התרגיל 'מתח רחב עם גומיה סגולה' נועד לשפר את הכושר הגופני תוך מיקוד קבוצות שרירים ספציפיות. הוא משפר את החוזק, הגמישות והסיבולת הכללית."
הרחקה אופקית בישיבה במכונה יעודית-חדכ,,,standing,low,הרחקה אופקית בישיבה במכונה יעודית-חדכ,"The exercise 'הרחקה אופקית בישיבה במכונה יעודית-חדכ' is designed to enhance physical fitness by targeting specific muscle groups. It improves strength, flexibility, and overall endurance.","התרגיל 'הרחקה אופקית בישיבה במכונה יעודית-חדכ' נועד לשפר את הכושר הגופני תוך מיקוד קבוצות שרירים ספציפיות. הוא משפר את החוזק, הגמישות והסיבולת הכללית."
עליות תאומים בלג פרס,,,standing,low,עליות תאומים בלג פרס,"The exercise 'עליות תאומים בלג פרס' is designed to enhance physical fitness by targeting specific muscle groups. It improves strength, flexibility, and overall endurance.","התרגיל 'עליות תאומים בלג פרס' נועד לשפר את הכושר הגופני תוך מיקוד קבוצות שרירים ספציפיות. הוא משפר את החוזק, הגמישות והסיבולת הכללית."
פלאנק צידי רגל על בוסו,,,supine,medium,פלאנק צידי רגל על בוסו,"The exercise 'פלאנק צידי רגל על בוסו' is designed to enhance physical fitness by targeting specific muscle groups. It improves strength, flexibility, and overall endurance.","התרגיל 'פלאנק צידי רגל על בוסו' נועד לשפר את הכושר הגופני תוך מיקוד קבוצות שרירים ספציפיות. הוא משפר את החוזק, הגמישות והסיבולת הכללית."
הרמות אגן על כדור פיזיו,,,standing,low,הרמות אגן על כדור פיזיו,"The exercise 'הרמות אגן על כדור פיזיו' is designed to enhance physical fitness by targeting specific muscle groups. It improves strength, flexibility, and overall endurance.","התרגיל 'הרמות אגן על כדור פיזיו' נועד לשפר את הכושר הגופני תוך מיקוד קבוצות שרירים ספציפיות. הוא משפר את החוזק, הגמישות והסיבולת הכללית."
לחיצה צרפתית,,,supine,medium,לחיצה צרפתית,"The exercise 'לחיצה צרפתית' is designed to enhance physical fitness by targeting specific muscle groups. It improves strength, flexibility, and overall endurance.","התרגיל 'לחיצה צרפתית' נועד לשפר את הכושר הגופני תוך מיקוד קבוצות שרירים ספציפיות. הוא משפר את החוזק, הגמישות והסיבולת הכללית."
בטן כוכב (בהצלבה),,,supine,medium,בטן כוכב (בהצלבה),"The exercise 'בטן כוכב (בהצלבה)' is designed to enhance physical fitness by targeting specific muscle groups. It improves strength, flexibility, and overall endurance.","התרגיל 'בטן כוכב (בהצלבה)' נועד לשפר את הכושר הגופני תוך מיקוד קבוצות שרירים ספציפיות. הוא משפר את החוזק, הגמישות והסיבולת הכללית."
הרחקה אופקית משקולות יד-,,,seating,medium,הרחקה אופקית משקולות יד-,"The exercise 'הרחקה אופקית משקולות יד-' is designed to enhance physical fitness by targeting specific muscle groups. It improves strength, flexibility, and overall endurance.","התרגיל 'הרחקה אופקית משקולות יד-' נועד לשפר את הכושר הגופני תוך מיקוד קבוצות שרירים ספציפיות. הוא משפר את החוזק, הגמישות והסיבולת הכללית."
סקוואט-באק בסמיט התנגדות גומיות,,,standing,medium,סקוואט-באק בסמיט התנגדות גומיות,"The exercise 'סקוואט-באק בסמיט התנגדות גומיות' is designed to enhance physical fitness by targeting specific muscle groups. It improves strength, flexibility, and overall endurance.","התרגיל 'סקוואט-באק בסמיט התנגדות גומיות' נועד לשפר את הכושר הגופני תוך מיקוד קבוצות שרירים ספציפיות. הוא משפר את החוזק, הגמישות והסיבולת הכללית."
מכרעיים-דינמיים- התנגדות גומיות,,,standing,medium,מכרעיים-דינמיים- התנגדות גומיות,"The exercise 'מכרעיים-דינמיים- התנגדות גומיות' is designed to enhance physical fitness by targeting specific muscle groups. It improves strength, flexibility, and overall endurance.","התרגיל 'מכרעיים-דינמיים- התנגדות גומיות' נועד לשפר את הכושר הגופני תוך מיקוד קבוצות שרירים ספציפיות. הוא משפר את החוזק, הגמישות והסיבולת הכללית."
מכרע-בולגרי- לחיצת כתפיים,,,standing,hard,מכרע-בולגרי- לחיצת כתפיים,"The exercise 'מכרע-בולגרי- לחיצת כתפיים' is designed to enhance physical fitness by targeting specific muscle groups. It improves strength, flexibility, and overall endurance.","התרגיל 'מכרע-בולגרי- לחיצת כתפיים' נועד לשפר את הכושר הגופני תוך מיקוד קבוצות שרירים ספציפיות. הוא משפר את החוזק, הגמישות והסיבולת הכללית."
סקוואט על בוסו,,,standing,low,סקוואט על בוסו,"The exercise 'סקוואט על בוסו' is designed to enhance physical fitness by targeting specific muscle groups. It improves strength, flexibility, and overall endurance.","התרגיל 'סקוואט על בוסו' נועד לשפר את הכושר הגופני תוך מיקוד קבוצות שרירים ספציפיות. הוא משפר את החוזק, הגמישות והסיבולת הכללית."
היפ-טרסט בסמיט- גומייה ירוקה,,,seating,medium,היפ-טרסט בסמיט- גומייה ירוקה,"The exercise 'היפ-טרסט בסמיט- גומייה ירוקה' is designed to enhance physical fitness by targeting specific muscle groups. It improves strength, flexibility, and overall endurance.","התרגיל 'היפ-טרסט בסמיט- גומייה ירוקה' נועד לשפר את הכושר הגופני תוך מיקוד קבוצות שרירים ספציפיות. הוא משפר את החוזק, הגמישות והסיבולת הכללית."
הרמות אגן על כדור כוח בין הרגליים,,,standing,low,הרמות אגן על כדור כוח בין הרגליים,"The exercise 'הרמות אגן על כדור כוח בין הרגליים' is designed to enhance physical fitness by targeting specific muscle groups. It improves strength, flexibility, and overall endurance.","התרגיל 'הרמות אגן על כדור כוח בין הרגליים' נועד לשפר את הכושר הגופני תוך מיקוד קבוצות שרירים ספציפיות. הוא משפר את החוזק, הגמישות והסיבולת הכללית."
הרחקת ירך בעמידה גומיה ורודה,,,standing,low,הרחקת ירך בעמידה גומיה ורודה,"The exercise 'הרחקת ירך בעמידה גומיה ורודה' is designed to enhance physical fitness by targeting specific muscle groups. It improves strength, flexibility, and overall endurance.","התרגיל 'הרחקת ירך בעמידה גומיה ורודה' נועד לשפר את הכושר הגופני תוך מיקוד קבוצות שרירים ספציפיות. הוא משפר את החוזק, הגמישות והסיבולת הכללית."
הרחקת ירך בעמידה הצידה ואלכסון גומיה,,,standing,low,הרחקת ירך בעמידה הצידה ואלכסון גומיה,"The exercise 'הרחקת ירך בעמידה הצידה ואלכסון גומיה' is designed to enhance physical fitness by targeting specific muscle groups. It improves strength, flexibility, and overall endurance.","התרגיל 'הרחקת ירך בעמידה הצידה ואלכסון גומיה' נועד לשפר את הכושר הגופני תוך מיקוד קבוצות שרירים ספציפיות. הוא משפר את החוזק, הגמישות והסיבולת הכללית."
חתירה בפולי אמצע יד יד במכרע,,,seating,medium,חתירה בפולי אמצע יד יד במכרע,"The exercise 'חתירה בפולי אמצע יד יד במכרע' is designed to enhance physical fitness by targeting specific muscle groups. It improves strength, flexibility, and overall endurance.","התרגיל 'חתירה בפולי אמצע יד יד במכרע' נועד לשפר את הכושר הגופני תוך מיקוד קבוצות שרירים ספציפיות. הוא משפר את החוזק, הגמישות והסיבולת הכללית."
קירוב ירך במכונה יעודית,,,standing,low,קירוב ירך במכונה יעודית,"The exercise 'קירוב ירך במכונה יעודית' is designed to enhance physical fitness by targeting specific muscle groups. It improves strength, flexibility, and overall endurance.","התרגיל 'קירוב ירך במכונה יעודית' נועד לשפר את הכושר הגופני תוך מיקוד קבוצות שרירים ספציפיות. הוא משפר את החוזק, הגמישות והסיבולת הכללית."
תלייה על מתח,,,standing,hard,תלייה על מתח,"The exercise 'תלייה על מתח' is designed to enhance physical fitness by targeting specific muscle groups. It improves strength, flexibility, and overall endurance.","התרגיל 'תלייה על מתח' נועד לשפר את הכושר הגופני תוך מיקוד קבוצות שרירים ספציפיות. הוא משפר את החוזק, הגמישות והסיבולת הכללית."
מתח גומיה אדומה סופינציה,,,standing,low,מתח גומיה אדומה סופינציה,"The exercise 'מתח גומיה אדומה סופינציה' is designed to enhance physical fitness by targeting specific muscle groups. It improves strength, flexibility, and overall endurance.","התרגיל 'מתח גומיה אדומה סופינציה' נועד לשפר את הכושר הגופני תוך מיקוד קבוצות שרירים ספציפיות. הוא משפר את החוזק, הגמישות והסיבולת הכללית."
בטן כוכב (בהצלבה)-1,,,supine,medium,בטן כוכב (בהצלבה)-1,"The exercise 'בטן כוכב (בהצלבה)-1' is designed to enhance physical fitness by targeting specific muscle groups. It improves strength, flexibility, and overall endurance.","התרגיל 'בטן כוכב (בהצלבה)-1' נועד לשפר את הכושר הגופני תוך מיקוד קבוצות שרירים ספציפיות. הוא משפר את החוזק, הגמישות והסיבולת הכללית."
כפיפת כתפיים כנגד פולי תחתון,,,standing,low,כפיפת כתפיים כנגד פולי תחתון,"The exercise 'כפיפת כתפיים כנגד פולי תחתון' is designed to enhance physical fitness by targeting specific muscle groups. It improves strength, flexibility, and overall endurance.","התרגיל 'כפיפת כתפיים כנגד פולי תחתון' נועד לשפר את הכושר הגופני תוך מיקוד קבוצות שרירים ספציפיות. הוא משפר את החוזק, הגמישות והסיבולת הכללית."
משיכה בפולי יד אחת,,,seating,medium,משיכה בפולי יד אחת,"The exercise 'משיכה בפולי יד אחת' is designed to enhance physical fitness by targeting specific muscle groups. It improves strength, flexibility, and overall endurance.","התרגיל 'משיכה בפולי יד אחת' נועד לשפר את הכושר הגופני תוך מיקוד קבוצות שרירים ספציפיות. הוא משפר את החוזק, הגמישות והסיבולת הכללית."
משיכה בפולי אחיזה רחבה - הגדלת טווח ידיות,,,seating,low,משיכה בפולי אחיזה רחבה - הגדלת טווח ידיות,"The exercise 'משיכה בפולי אחיזה רחבה - הגדלת טווח ידיות' is designed to enhance physical fitness by targeting specific muscle groups. It improves strength, flexibility, and overall endurance.","התרגיל 'משיכה בפולי אחיזה רחבה - הגדלת טווח ידיות' נועד לשפר את הכושר הגופני תוך מיקוד קבוצות שרירים ספציפיות. הוא משפר את החוזק, הגמישות והסיבולת הכללית."
חתירה-רחבה בפולי איבר בודד- בישיבה,,,standing,medium,חתירה-רחבה בפולי איבר בודד- בישיבה,"The exercise 'חתירה-רחבה בפולי איבר בודד- בישיבה' is designed to enhance physical fitness by targeting specific muscle groups. It improves strength, flexibility, and overall endurance.","התרגיל 'חתירה-רחבה בפולי איבר בודד- בישיבה' נועד לשפר את הכושר הגופני תוך מיקוד קבוצות שרירים ספציפיות. הוא משפר את החוזק, הגמישות והסיבולת הכללית."
לחיצת חזה בסמיט-התנגדות גומייה,,,standing,medium,לחיצת חזה בסמיט-התנגדות גומייה,"The exercise 'לחיצת חזה בסמיט-התנגדות גומייה' is designed to enhance physical fitness by targeting specific muscle groups. It improves strength, flexibility, and overall endurance.","התרגיל 'לחיצת חזה בסמיט-התנגדות גומייה' נועד לשפר את הכושר הגופני תוך מיקוד קבוצות שרירים ספציפיות. הוא משפר את החוזק, הגמישות והסיבולת הכללית."
הרחקת כתפיים משקולת יד - בשכיבה על ספה לצד,,,standing,low,הרחקת כתפיים משקולת יד - בשכיבה על ספה לצד,"The exercise 'הרחקת כתפיים משקולת יד - בשכיבה על ספה לצד' is designed to enhance physical fitness by targeting specific muscle groups. It improves strength, flexibility, and overall endurance.","התרגיל 'הרחקת כתפיים משקולת יד - בשכיבה על ספה לצד' נועד לשפר את הכושר הגופני תוך מיקוד קבוצות שרירים ספציפיות. הוא משפר את החוזק, הגמישות והסיבולת הכללית."
הרחקת כתפיים משקולות יד-1,,,standing,low,הרחקת כתפיים משקולות יד-1,"The exercise 'הרחקת כתפיים משקולות יד-1' is designed to enhance physical fitness by targeting specific muscle groups. It improves strength, flexibility, and overall endurance.","התרגיל 'הרחקת כתפיים משקולות יד-1' נועד לשפר את הכושר הגופני תוך מיקוד קבוצות שרירים ספציפיות. הוא משפר את החוזק, הגמישות והסיבולת הכללית."
פשיטת-מרפקים בפולי עליון איבר-בודד גב למכונה-לצידי הפו,,,standing,medium,פשיטת-מרפקים בפולי עליון איבר-בודד גב למכונה-לצידי הפו,"The exercise 'פשיטת-מרפקים בפולי עליון איבר-בודד גב למכונה-לצידי הפו' is designed to enhance physical fitness by targeting specific muscle groups. It improves strength, flexibility, and overall endurance.","התרגיל 'פשיטת-מרפקים בפולי עליון איבר-בודד גב למכונה-לצידי הפו' נועד לשפר את הכושר הגופני תוך מיקוד קבוצות שרירים ספציפיות. הוא משפר את החוזק, הגמישות והסיבולת הכללית."
הרחקת כתפיים משקולות יד- בתמיכת ספה ישרה,,,standing,low,הרחקת כתפיים משקולות יד- בתמיכת ספה ישרה,"The exercise 'הרחקת כתפיים משקולות יד- בתמיכת ספה ישרה' is designed to enhance physical fitness by targeting specific muscle groups. It improves strength, flexibility, and overall endurance.","התרגיל 'הרחקת כתפיים משקולות יד- בתמיכת ספה ישרה' נועד לשפר את הכושר הגופני תוך מיקוד קבוצות שרירים ספציפיות. הוא משפר את החוזק, הגמישות והסיבולת הכללית."
לחיצת חזה בסמית אחיזה צרה- גומיית התנגדות,,,standing,hard,לחיצת חזה בסמית אחיזה צרה- גומיית התנגדות,"The exercise 'לחיצת חזה בסמית אחיזה צרה- גומיית התנגדות' is designed to enhance physical fitness by targeting specific muscle groups. It improves strength, flexibility, and overall endurance.","התרגיל 'לחיצת חזה בסמית אחיזה צרה- גומיית התנגדות' נועד לשפר את הכושר הגופני תוך מיקוד קבוצות שרירים ספציפיות. הוא משפר את החוזק, הגמישות והסיבולת הכללית."
לחיצת חזה בסמית אחיזה צרה,,,standing,hard,לחיצת חזה בסמית אחיזה צרה,"The exercise 'לחיצת חזה בסמית אחיזה צרה' is designed to enhance physical fitness by targeting specific muscle groups. It improves strength, flexibility, and overall endurance.","התרגיל 'לחיצת חזה בסמית אחיזה צרה' נועד לשפר את הכושר הגופני תוך מיקוד קבוצות שרירים ספציפיות. הוא משפר את החוזק, הגמישות והסיבולת הכללית."
שכיבה על הגב יישור רגל רגל שניים,,,supine,medium,שכיבה על הגב יישור רגל רגל שניים,"The exercise 'שכיבה על הגב יישור רגל רגל שניים' is designed to enhance physical fitness by targeting specific muscle groups. It improves strength, flexibility, and overall endurance.","התרגיל 'שכיבה על הגב יישור רגל רגל שניים' נועד לשפר את הכושר הגופני תוך מיקוד קבוצות שרירים ספציפיות. הוא משפר את החוזק, הגמישות והסיבולת הכללית."
הרחקה אופקית בפולי אמצעי יד\יד בישיבה,,,standing,medium,הרחקה אופקית בפולי אמצעי יד\יד בישיבה,"The exercise 'הרחקה אופקית בפולי אמצעי יד\יד בישיבה' is designed to enhance physical fitness by targeting specific muscle groups. It improves strength, flexibility, and overall endurance.","התרגיל 'הרחקה אופקית בפולי אמצעי יד\יד בישיבה' נועד לשפר את הכושר הגופני תוך מיקוד קבוצות שרירים ספציפיות. הוא משפר את החוזק, הגמישות והסיבולת הכללית."
מתח גומיה ירוקה סופינציה-1,,,standing,low,מתח גומיה ירוקה סופינציה-1,"The exercise 'מתח גומיה ירוקה סופינציה-1' is designed to enhance physical fitness by targeting specific muscle groups. It improves strength, flexibility, and overall endurance.","התרגיל 'מתח גומיה ירוקה סופינציה-1' נועד לשפר את הכושר הגופני תוך מיקוד קבוצות שרירים ספציפיות. הוא משפר את החוזק, הגמישות והסיבולת הכללית."
סקול-קראשר משקולות יד בשיפוע שלילי,https://www.youtube.com/watch?v=_NYVPRFfd8o,,,medium,סקול-קראשר משקולות יד בשיפוע שלילי,"The exercise 'סקול-קראשר משקולות יד בשיפוע שלילי' is designed to enhance physical fitness by targeting specific muscle groups. It improves strength, flexibility, and overall endurance.","התרגיל 'סקול-קראשר משקולות יד בשיפוע שלילי' נועד לשפר את הכושר הגופני תוך מיקוד קבוצות שרירים ספציפיות. הוא משפר את החוזק, הגמישות והסיבולת הכללית."
לחיצת כתפיים בפולי עליון משולש,https://www.youtube.com/watch?v=rFrQICYsDk4,,,medium,לחיצת כתפיים בפולי עליון משולש,"The exercise 'לחיצת כתפיים בפולי עליון משולש' is designed to enhance physical fitness by targeting specific muscle groups. It improves strength, flexibility, and overall endurance.","התרגיל 'לחיצת כתפיים בפולי עליון משולש' נועד לשפר את הכושר הגופני תוך מיקוד קבוצות שרירים ספציפיות. הוא משפר את החוזק, הגמישות והסיבולת הכללית."
30-30-30,,,seating,hard,30-30-30,"The exercise '30-30-30' is designed to enhance physical fitness by targeting specific muscle groups. It improves strength, flexibility, and overall endurance.","התרגיל '30-30-30' נועד לשפר את הכושר הגופני תוך מיקוד קבוצות שרירים ספציפיות. הוא משפר את החוזק, הגמישות והסיבולת הכללית."
סקוואט לחיצת כתף,,,standing,medium,סקוואט לחיצת כתף,"The exercise 'סקוואט לחיצת כתף' is designed to enhance physical fitness by targeting specific muscle groups. It improves strength, flexibility, and overall endurance.","התרגיל 'סקוואט לחיצת כתף' נועד לשפר את הכושר הגופני תוך מיקוד קבוצות שרירים ספציפיות. הוא משפר את החוזק, הגמישות והסיבולת הכללית."
הרחקת ירך בסמיט מאשין בשכיבה על ספסל,,,supine,hard,הרחקת ירך בסמיט מאשין בשכיבה על ספסל,"The exercise 'הרחקת ירך בסמיט מאשין בשכיבה על ספסל' is designed to enhance physical fitness by targeting specific muscle groups. It improves strength, flexibility, and overall endurance.","התרגיל 'הרחקת ירך בסמיט מאשין בשכיבה על ספסל' נועד לשפר את הכושר הגופני תוך מיקוד קבוצות שרירים ספציפיות. הוא משפר את החוזק, הגמישות והסיבולת הכללית."
הליכות לצדדים עם גומיה,,,standing,medium,הליכות לצדדים עם גומיה,"The exercise 'הליכות לצדדים עם גומיה' is designed to enhance physical fitness by targeting specific muscle groups. It improves strength, flexibility, and overall endurance.","התרגיל 'הליכות לצדדים עם גומיה' נועד לשפר את הכושר הגופני תוך מיקוד קבוצות שרירים ספציפיות. הוא משפר את החוזק, הגמישות והסיבולת הכללית."
פשיטת גו בכיסא רומי עם גומיה אדומה,,,standing,hard,פשיטת גו בכיסא רומי עם גומיה אדומה,"The exercise 'פשיטת גו בכיסא רומי עם גומיה אדומה' is designed to enhance physical fitness by targeting specific muscle groups. It improves strength, flexibility, and overall endurance.","התרגיל 'פשיטת גו בכיסא רומי עם גומיה אדומה' נועד לשפר את הכושר הגופני תוך מיקוד קבוצות שרירים ספציפיות. הוא משפר את החוזק, הגמישות והסיבולת הכללית."
הרחקות היפטרסט גלוט בריג',,,standing,low,הרחקות היפטרסט גלוט בריג',"The exercise 'הרחקות היפטרסט גלוט בריג'' is designed to enhance physical fitness by targeting specific muscle groups. It improves strength, flexibility, and overall endurance.","התרגיל 'הרחקות היפטרסט גלוט בריג'' נועד לשפר את הכושר הגופני תוך מיקוד קבוצות שרירים ספציפיות. הוא משפר את החוזק, הגמישות והסיבולת הכללית."
בטן כפיפת צידית בתמיכת BOX,,,standing,medium,בטן כפיפת צידית בתמיכת BOX,"The exercise 'בטן כפיפת צידית בתמיכת BOX' is designed to enhance physical fitness by targeting specific muscle groups. It improves strength, flexibility, and overall endurance.","התרגיל 'בטן כפיפת צידית בתמיכת BOX' נועד לשפר את הכושר הגופני תוך מיקוד קבוצות שרירים ספציפיות. הוא משפר את החוזק, הגמישות והסיבולת הכללית."
לחיצת חזה בפולי אמצע איבר בודד,,,seating,medium,לחיצת חזה בפולי אמצע איבר בודד,"The exercise 'לחיצת חזה בפולי אמצע איבר בודד' is designed to enhance physical fitness by targeting specific muscle groups. It improves strength, flexibility, and overall endurance.","התרגיל 'לחיצת חזה בפולי אמצע איבר בודד' נועד לשפר את הכושר הגופני תוך מיקוד קבוצות שרירים ספציפיות. הוא משפר את החוזק, הגמישות והסיבולת הכללית."
חתירה בפולי תחתון ידיות,,,standing,low,חתירה בפולי תחתון ידיות,"The exercise 'חתירה בפולי תחתון ידיות' is designed to enhance physical fitness by targeting specific muscle groups. It improves strength, flexibility, and overall endurance.","התרגיל 'חתירה בפולי תחתון ידיות' נועד לשפר את הכושר הגופני תוך מיקוד קבוצות שרירים ספציפיות. הוא משפר את החוזק, הגמישות והסיבולת הכללית."
Dragon Fly,,,supine,hard,Dragon Fly,"The exercise 'Dragon Fly' is designed to enhance physical fitness by targeting specific muscle groups. It improves strength, flexibility, and overall endurance.","התרגיל 'Dragon Fly' נועד לשפר את הכושר הגופני תוך מיקוד קבוצות שרירים ספציפיות. הוא משפר את החוזק, הגמישות והסיבולת הכללית."
פרוג פאמפ בסמיט משין איבר בודד,,,standing,low,פרוג פאמפ בסמיט משין איבר בודד,"The exercise 'פרוג פאמפ בסמיט משין איבר בודד' is designed to enhance physical fitness by targeting specific muscle groups. It improves strength, flexibility, and overall endurance.","התרגיל 'פרוג פאמפ בסמיט משין איבר בודד' נועד לשפר את הכושר הגופני תוך מיקוד קבוצות שרירים ספציפיות. הוא משפר את החוזק, הגמישות והסיבולת הכללית."
קיקבאק במשקולת יד,,,standing,low,קיקבאק במשקולת יד,"The exercise 'קיקבאק במשקולת יד' is designed to enhance physical fitness by targeting specific muscle groups. It improves strength, flexibility, and overall endurance.","התרגיל 'קיקבאק במשקולת יד' נועד לשפר את הכושר הגופני תוך מיקוד קבוצות שרירים ספציפיות. הוא משפר את החוזק, הגמישות והסיבולת הכללית."
פשיטת ירך בפולי עליון רצועות איבר-בודד בישיבה,,,standing,medium,פשיטת ירך בפולי עליון רצועות איבר-בודד בישיבה,"The exercise 'פשיטת ירך בפולי עליון רצועות איבר-בודד בישיבה' is designed to enhance physical fitness by targeting specific muscle groups. It improves strength, flexibility, and overall endurance.","התרגיל 'פשיטת ירך בפולי עליון רצועות איבר-בודד בישיבה' נועד לשפר את הכושר הגופני תוך מיקוד קבוצות שרירים ספציפיות. הוא משפר את החוזק, הגמישות והסיבולת הכללית."
חתירה בפולי תחתון חבל,,,seating,medium,חתירה בפולי תחתון חבל,"The exercise 'חתירה בפולי תחתון חבל' is designed to enhance physical fitness by targeting specific muscle groups. It improves strength, flexibility, and overall endurance.","התרגיל 'חתירה בפולי תחתון חבל' נועד לשפר את הכושר הגופני תוך מיקוד קבוצות שרירים ספציפיות. הוא משפר את החוזק, הגמישות והסיבולת הכללית."
פשיטת-גו מזרן,,,standing,low,פשיטת-גו מזרן,"The exercise 'פשיטת-גו מזרן' is designed to enhance physical fitness by targeting specific muscle groups. It improves strength, flexibility, and overall endurance.","התרגיל 'פשיטת-גו מזרן' נועד לשפר את הכושר הגופני תוך מיקוד קבוצות שרירים ספציפיות. הוא משפר את החוזק, הגמישות והסיבולת הכללית."
כפיפת גבית בקרסול קאטלבל,,,standing,low,כפיפת גבית בקרסול קאטלבל,"The exercise 'כפיפת גבית בקרסול קאטלבל' is designed to enhance physical fitness by targeting specific muscle groups. It improves strength, flexibility, and overall endurance.","התרגיל 'כפיפת גבית בקרסול קאטלבל' נועד לשפר את הכושר הגופני תוך מיקוד קבוצות שרירים ספציפיות. הוא משפר את החוזק, הגמישות והסיבולת הכללית."
הרחקת ירך הצידה אלכסון אחורה גומיה,,,standing,low,הרחקת ירך הצידה אלכסון אחורה גומיה,"The exercise 'הרחקת ירך הצידה אלכסון אחורה גומיה' is designed to enhance physical fitness by targeting specific muscle groups. It improves strength, flexibility, and overall endurance.","התרגיל 'הרחקת ירך הצידה אלכסון אחורה גומיה' נועד לשפר את הכושר הגופני תוך מיקוד קבוצות שרירים ספציפיות. הוא משפר את החוזק, הגמישות והסיבולת הכללית."
קפיצה על רגל אחת מדרגות,,,standing,low,קפיצה על רגל אחת מדרגות,"The exercise 'קפיצה על רגל אחת מדרגות' is designed to enhance physical fitness by targeting specific muscle groups. It improves strength, flexibility, and overall endurance.","התרגיל 'קפיצה על רגל אחת מדרגות' נועד לשפר את הכושר הגופני תוך מיקוד קבוצות שרירים ספציפיות. הוא משפר את החוזק, הגמישות והסיבולת הכללית."
ידיים לוחצות רצפה רגליים ישרות עולות יורדות,,,standing,low,ידיים לוחצות רצפה רגליים ישרות עולות יורדות,"The exercise 'ידיים לוחצות רצפה רגליים ישרות עולות יורדות' is designed to enhance physical fitness by targeting specific muscle groups. It improves strength, flexibility, and overall endurance.","התרגיל 'ידיים לוחצות רצפה רגליים ישרות עולות יורדות' נועד לשפר את הכושר הגופני תוך מיקוד קבוצות שרירים ספציפיות. הוא משפר את החוזק, הגמישות והסיבולת הכללית."
אופניים שלושה טוויסטים,,,standing,low,אופניים שלושה טוויסטים,"The exercise 'אופניים שלושה טוויסטים' is designed to enhance physical fitness by targeting specific muscle groups. It improves strength, flexibility, and overall endurance.","התרגיל 'אופניים שלושה טוויסטים' נועד לשפר את הכושר הגופני תוך מיקוד קבוצות שרירים ספציפיות. הוא משפר את החוזק, הגמישות והסיבולת הכללית."
הרמת ברכיים באחיזת מתח,,,standing,hard,הרמת ברכיים באחיזת מתח,"The exercise 'הרמת ברכיים באחיזת מתח' is designed to enhance physical fitness by targeting specific muscle groups. It improves strength, flexibility, and overall endurance.","התרגיל 'הרמת ברכיים באחיזת מתח' נועד לשפר את הכושר הגופני תוך מיקוד קבוצות שרירים ספציפיות. הוא משפר את החוזק, הגמישות והסיבולת הכללית."
פתיחות צדפה,,,supine,hard,פתיחות צדפה,"The exercise 'פתיחות צדפה' is designed to enhance physical fitness by targeting specific muscle groups. It improves strength, flexibility, and overall endurance.","התרגיל 'פתיחות צדפה' נועד לשפר את הכושר הגופני תוך מיקוד קבוצות שרירים ספציפיות. הוא משפר את החוזק, הגמישות והסיבולת הכללית."
בטן בכבל יחיד בישיבה על ספסל,,,standing,low,בטן בכבל יחיד בישיבה על ספסל,"The exercise 'בטן בכבל יחיד בישיבה על ספסל' is designed to enhance physical fitness by targeting specific muscle groups. It improves strength, flexibility, and overall endurance.","התרגיל 'בטן בכבל יחיד בישיבה על ספסל' נועד לשפר את הכושר הגופני תוך מיקוד קבוצות שרירים ספציפיות. הוא משפר את החוזק, הגמישות והסיבולת הכללית."
תאומים מול TRX,,,standing,low,תאומים מול TRX,"The exercise 'תאומים מול TRX' is designed to enhance physical fitness by targeting specific muscle groups. It improves strength, flexibility, and overall endurance.","התרגיל 'תאומים מול TRX' נועד לשפר את הכושר הגופני תוך מיקוד קבוצות שרירים ספציפיות. הוא משפר את החוזק, הגמישות והסיבולת הכללית."
משיכה לצד בכבל יחיד (צדדים),,,standing,low,משיכה לצד בכבל יחיד (צדדים),"The exercise 'משיכה לצד בכבל יחיד (צדדים)' is designed to enhance physical fitness by targeting specific muscle groups. It improves strength, flexibility, and overall endurance.","התרגיל 'משיכה לצד בכבל יחיד (צדדים)' נועד לשפר את הכושר הגופני תוך מיקוד קבוצות שרירים ספציפיות. הוא משפר את החוזק, הגמישות והסיבולת הכללית."
יד אחורית בכבל יחיד שחור,,,standing,low,יד אחורית בכבל יחיד שחור,"The exercise 'יד אחורית בכבל יחיד שחור' is designed to enhance physical fitness by targeting specific muscle groups. It improves strength, flexibility, and overall endurance.","התרגיל 'יד אחורית בכבל יחיד שחור' נועד לשפר את הכושר הגופני תוך מיקוד קבוצות שרירים ספציפיות. הוא משפר את החוזק, הגמישות והסיבולת הכללית."
יד קדמית בישיבה דמבלים,,,standing,low,יד קדמית בישיבה דמבלים,"The exercise 'יד קדמית בישיבה דמבלים' is designed to enhance physical fitness by targeting specific muscle groups. It improves strength, flexibility, and overall endurance.","התרגיל 'יד קדמית בישיבה דמבלים' נועד לשפר את הכושר הגופני תוך מיקוד קבוצות שרירים ספציפיות. הוא משפר את החוזק, הגמישות והסיבולת הכללית."
לחיצת תאומים,,,standing,low,לחיצת תאומים,"The exercise 'לחיצת תאומים' is designed to enhance physical fitness by targeting specific muscle groups. It improves strength, flexibility, and overall endurance.","התרגיל 'לחיצת תאומים' נועד לשפר את הכושר הגופני תוך מיקוד קבוצות שרירים ספציפיות. הוא משפר את החוזק, הגמישות והסיבולת הכללית."
משיכה לצד בכבל (צדדים),,,standing,low,משיכה לצד בכבל (צדדים),"The exercise 'משיכה לצד בכבל (צדדים)' is designed to enhance physical fitness by targeting specific muscle groups. It improves strength, flexibility, and overall endurance.","התרגיל 'משיכה לצד בכבל (צדדים)' נועד לשפר את הכושר הגופני תוך מיקוד קבוצות שרירים ספציפיות. הוא משפר את החוזק, הגמישות והסיבולת הכללית."
לחיצת תרגיל חדש,,,seating,hard,לחיצת תרגיל חדש,"The exercise 'לחיצת תרגיל חדש' is designed to enhance physical fitness by targeting specific muscle groups. It improves strength, flexibility, and overall endurance.","התרגיל 'לחיצת תרגיל חדש' נועד לשפר את הכושר הגופני תוך מיקוד קבוצות שרירים ספציפיות. הוא משפר את החוזק, הגמישות והסיבולת הכללית."
פוש אראונד - איבר בודד,,,standing,low,פוש אראונד - איבר בודד,"The exercise 'פוש אראונד - איבר בודד' is designed to enhance physical fitness by targeting specific muscle groups. It improves strength, flexibility, and overall endurance.","התרגיל 'פוש אראונד - איבר בודד' נועד לשפר את הכושר הגופני תוך מיקוד קבוצות שרירים ספציפיות. הוא משפר את החוזק, הגמישות והסיבולת הכללית."
דדליפט רומני רגל אחת + הגבהה של רגל אחורית,,,standing,medium,דדליפט רומני רגל אחת + הגבהה של רגל אחורית,"The exercise 'דדליפט רומני רגל אחת + הגבהה של רגל אחורית' is designed to enhance physical fitness by targeting specific muscle groups. It improves strength, flexibility, and overall endurance.","התרגיל 'דדליפט רומני רגל אחת + הגבהה של רגל אחורית' נועד לשפר את הכושר הגופני תוך מיקוד קבוצות שרירים ספציפיות. הוא משפר את החוזק, הגמישות והסיבולת הכללית."
פרפר כבלים בשיפוע שלילי בשכיבה,https://www.youtube.com/shorts/mgWrSy__3gk,,supine,medium,פרפר כבלים בשיפוע שלילי בשכיבה,"The exercise 'פרפר כבלים בשיפוע שלילי בשכיבה' is designed to enhance physical fitness by targeting specific muscle groups. It improves strength, flexibility, and overall endurance.","התרגיל 'פרפר כבלים בשיפוע שלילי בשכיבה' נועד לשפר את הכושר הגופני תוך מיקוד קבוצות שרירים ספציפיות. הוא משפר את החוזק, הגמישות והסיבולת הכללית."
גוד-מורנינג-1,,,seating,hard,גוד-מורנינג-1,"The exercise 'גוד-מורנינג-1' is designed to enhance physical fitness by targeting specific muscle groups. It improves strength, flexibility, and overall endurance.","התרגיל 'גוד-מורנינג-1' נועד לשפר את הכושר הגופני תוך מיקוד קבוצות שרירים ספציפיות. הוא משפר את החוזק, הגמישות והסיבולת הכללית."
פשיטת ברכיים בפולי עליון בהישענות על ספסל,,,standing,medium,פשיטת ברכיים בפולי עליון בהישענות על ספסל,"The exercise 'פשיטת ברכיים בפולי עליון בהישענות על ספסל' is designed to enhance physical fitness by targeting specific muscle groups. It improves strength, flexibility, and overall endurance.","התרגיל 'פשיטת ברכיים בפולי עליון בהישענות על ספסל' נועד לשפר את הכושר הגופני תוך מיקוד קבוצות שרירים ספציפיות. הוא משפר את החוזק, הגמישות והסיבולת הכללית."
מכרעים-סטטיים-בתהנגדות גומייה,,,standing,low,מכרעים-סטטיים-בתהנגדות גומייה,"The exercise 'מכרעים-סטטיים-בתהנגדות גומייה' is designed to enhance physical fitness by targeting specific muscle groups. It improves strength, flexibility, and overall endurance.","התרגיל 'מכרעים-סטטיים-בתהנגדות גומייה' נועד לשפר את הכושר הגופני תוך מיקוד קבוצות שרירים ספציפיות. הוא משפר את החוזק, הגמישות והסיבולת הכללית."
חתירה מוט חופשי בעמידה,https://www.youtube.com/watch?v=skf-_cqtqn0,,,medium,חתירה מוט חופשי בעמידה,"The exercise 'חתירה מוט חופשי בעמידה' is designed to enhance physical fitness by targeting specific muscle groups. It improves strength, flexibility, and overall endurance.","התרגיל 'חתירה מוט חופשי בעמידה' נועד לשפר את הכושר הגופני תוך מיקוד קבוצות שרירים ספציפיות. הוא משפר את החוזק, הגמישות והסיבולת הכללית."
פרפר בפולי תחתון כבלים,https://www.youtube.com/watch?v=GyPENveX47c,,,medium,פרפר בפולי תחתון כבלים,"The exercise 'פרפר בפולי תחתון כבלים' is designed to enhance physical fitness by targeting specific muscle groups. It improves strength, flexibility, and overall endurance.","התרגיל 'פרפר בפולי תחתון כבלים' נועד לשפר את הכושר הגופני תוך מיקוד קבוצות שרירים ספציפיות. הוא משפר את החוזק, הגמישות והסיבולת הכללית."
חתירה בסמיט באחיזת סופינציה,,,,hard,חתירה בסמיט באחיזת סופינציה,"The exercise 'חתירה בסמיט באחיזת סופינציה' is designed to enhance physical fitness by targeting specific muscle groups. It improves strength, flexibility, and overall endurance.","התרגיל 'חתירה בסמיט באחיזת סופינציה' נועד לשפר את הכושר הגופני תוך מיקוד קבוצות שרירים ספציפיות. הוא משפר את החוזק, הגמישות והסיבולת הכללית."
פרפר-בהטיית זוקפי גו בקרוסאובר עליון כבלים,https://www.youtube.com/watch?v=bWhlJKO80DE,,,hard,פרפר-בהטיית זוקפי גו בקרוסאובר עליון כבלים,"The exercise 'פרפר-בהטיית זוקפי גו בקרוסאובר עליון כבלים' is designed to enhance physical fitness by targeting specific muscle groups. It improves strength, flexibility, and overall endurance.","התרגיל 'פרפר-בהטיית זוקפי גו בקרוסאובר עליון כבלים' נועד לשפר את הכושר הגופני תוך מיקוד קבוצות שרירים ספציפיות. הוא משפר את החוזק, הגמישות והסיבולת הכללית."
כפיפות בטן צידיות כסא רומי,https://www.youtube.com/watch?v=zYyOhIjG41w,,,medium,כפיפות בטן צידיות כסא רומי,"The exercise 'כפיפות בטן צידיות כסא רומי' is designed to enhance physical fitness by targeting specific muscle groups. It improves strength, flexibility, and overall endurance.","התרגיל 'כפיפות בטן צידיות כסא רומי' נועד לשפר את הכושר הגופני תוך מיקוד קבוצות שרירים ספציפיות. הוא משפר את החוזק, הגמישות והסיבולת הכללית."
חתירה בפולי תחתון בעמידה,https://www.youtube.com/watch?v=qaCAAHvx7Y8,,,medium,חתירה בפולי תחתון בעמידה,"The exercise 'חתירה בפולי תחתון בעמידה' is designed to enhance physical fitness by targeting specific muscle groups. It improves strength, flexibility, and overall endurance.","התרגיל 'חתירה בפולי תחתון בעמידה' נועד לשפר את הכושר הגופני תוך מיקוד קבוצות שרירים ספציפיות. הוא משפר את החוזק, הגמישות והסיבולת הכללית."
פרונט סקוואט,https://www.youtube.com/watch?v=rD14OzU3_lA,,,hard,פרונט סקוואט,"The exercise 'פרונט סקוואט' is designed to enhance physical fitness by targeting specific muscle groups. It improves strength, flexibility, and overall endurance.","התרגיל 'פרונט סקוואט' נועד לשפר את הכושר הגופני תוך מיקוד קבוצות שרירים ספציפיות. הוא משפר את החוזק, הגמישות והסיבולת הכללית."
כפיפת ברכיים משקולות יד בשכיבה,https://www.youtube.com/watch?v=O_IU16nj4zQ,,,low,כפיפת ברכיים משקולות יד בשכיבה,"The exercise 'כפיפת ברכיים משקולות יד בשכיבה' is designed to enhance physical fitness by targeting specific muscle groups. It improves strength, flexibility, and overall endurance.","התרגיל 'כפיפת ברכיים משקולות יד בשכיבה' נועד לשפר את הכושר הגופני תוך מיקוד קבוצות שרירים ספציפיות. הוא משפר את החוזק, הגמישות והסיבולת הכללית."
דדליפט-סטיף-לג איבר-בודד,https://www.youtube.com/watch?v=k6KRD5OGRQk,,,hard,דדליפט-סטיף-לג איבר-בודד,"The exercise 'דדליפט-סטיף-לג איבר-בודד' is designed to enhance physical fitness by targeting specific muscle groups. It improves strength, flexibility, and overall endurance.","התרגיל 'דדליפט-סטיף-לג איבר-בודד' נועד לשפר את הכושר הגופני תוך מיקוד קבוצות שרירים ספציפיות. הוא משפר את החוזק, הגמישות והסיבולת הכללית."
גוד-מורנינג,https://www.youtube.com/watch?v=zKvLlIWMeP8,,,hard,גוד-מורנינג,"The exercise 'גוד-מורנינג' is designed to enhance physical fitness by targeting specific muscle groups. It improves strength, flexibility, and overall endurance.","התרגיל 'גוד-מורנינג' נועד לשפר את הכושר הגופני תוך מיקוד קבוצות שרירים ספציפיות. הוא משפר את החוזק, הגמישות והסיבולת הכללית."
דדליפט-סומו,https://www.youtube.com/watch?v=lGzbhHc6QqM,,,hard,דדליפט-סומו,"The exercise 'דדליפט-סומו' is designed to enhance physical fitness by targeting specific muscle groups. It improves strength, flexibility, and overall endurance.","התרגיל 'דדליפט-סומו' נועד לשפר את הכושר הגופני תוך מיקוד קבוצות שרירים ספציפיות. הוא משפר את החוזק, הגמישות והסיבולת הכללית."
כפיפת ברכיים בפולי תחתון רצועות איבר-בודד,https://www.youtube.com/watch?v=5Pp6SAbOU7g,,,medium,כפיפת ברכיים בפולי תחתון רצועות איבר-בודד,"The exercise 'כפיפת ברכיים בפולי תחתון רצועות איבר-בודד' is designed to enhance physical fitness by targeting specific muscle groups. It improves strength, flexibility, and overall endurance.","התרגיל 'כפיפת ברכיים בפולי תחתון רצועות איבר-בודד' נועד לשפר את הכושר הגופני תוך מיקוד קבוצות שרירים ספציפיות. הוא משפר את החוזק, הגמישות והסיבולת הכללית."
דדליפט-קלאסי,https://www.youtube.com/watch?v=y7XUiRszcng,,,hard,דדליפט-קלאסי,"The exercise 'דדליפט-קלאסי' is designed to enhance physical fitness by targeting specific muscle groups. It improves strength, flexibility, and overall endurance.","התרגיל 'דדליפט-קלאסי' נועד לשפר את הכושר הגופני תוך מיקוד קבוצות שרירים ספציפיות. הוא משפר את החוזק, הגמישות והסיבולת הכללית."
חתירה במכונה יעודית,,,,medium,חתירה במכונה יעודית,"The exercise 'חתירה במכונה יעודית' is designed to enhance physical fitness by targeting specific muscle groups. It improves strength, flexibility, and overall endurance.","התרגיל 'חתירה במכונה יעודית' נועד לשפר את הכושר הגופני תוך מיקוד קבוצות שרירים ספציפיות. הוא משפר את החוזק, הגמישות והסיבולת הכללית."
משיכה בפולי חד״כ באחיזת סופינציה,,,,medium,משיכה בפולי חד״כ באחיזת סופינציה,"The exercise 'משיכה בפולי חד״כ באחיזת סופינציה' is designed to enhance physical fitness by targeting specific muscle groups. It improves strength, flexibility, and overall endurance.","התרגיל 'משיכה בפולי חד״כ באחיזת סופינציה' נועד לשפר את הכושר הגופני תוך מיקוד קבוצות שרירים ספציפיות. הוא משפר את החוזק, הגמישות והסיבולת הכללית."
כפיפות ברכיים במכונה יעודית חד״כ,,,,medium,כפיפות ברכיים במכונה יעודית חד״כ,"The exercise 'כפיפות ברכיים במכונה יעודית חד״כ' is designed to enhance physical fitness by targeting specific muscle groups. It improves strength, flexibility, and overall endurance.","התרגיל 'כפיפות ברכיים במכונה יעודית חד״כ' נועד לשפר את הכושר הגופני תוך מיקוד קבוצות שרירים ספציפיות. הוא משפר את החוזק, הגמישות והסיבולת הכללית."
פולאובר בקרוסאובר חד״כ חבל,,,,medium,פולאובר בקרוסאובר חד״כ חבל,"The exercise 'פולאובר בקרוסאובר חד״כ חבל' is designed to enhance physical fitness by targeting specific muscle groups. It improves strength, flexibility, and overall endurance.","התרגיל 'פולאובר בקרוסאובר חד״כ חבל' נועד לשפר את הכושר הגופני תוך מיקוד קבוצות שרירים ספציפיות. הוא משפר את החוזק, הגמישות והסיבולת הכללית."
כפיפת מרפקים בפולי חד״כ תחתון חבל,,,,medium,כפיפת מרפקים בפולי חד״כ תחתון חבל,"The exercise 'כפיפת מרפקים בפולי חד״כ תחתון חבל' is designed to enhance physical fitness by targeting specific muscle groups. It improves strength, flexibility, and overall endurance.","התרגיל 'כפיפת מרפקים בפולי חד״כ תחתון חבל' נועד לשפר את הכושר הגופני תוך מיקוד קבוצות שרירים ספציפיות. הוא משפר את החוזק, הגמישות והסיבולת הכללית."
הרחקת ירך בקרוסאובר כבלים בעמידה שש,https://www.youtube.com/watch?v=cGoMBaU0r9U,,,hard,הרחקת ירך בקרוסאובר כבלים בעמידה שש,"The exercise 'הרחקת ירך בקרוסאובר כבלים בעמידה שש' is designed to enhance physical fitness by targeting specific muscle groups. It improves strength, flexibility, and overall endurance.","התרגיל 'הרחקת ירך בקרוסאובר כבלים בעמידה שש' נועד לשפר את הכושר הגופני תוך מיקוד קבוצות שרירים ספציפיות. הוא משפר את החוזק, הגמישות והסיבולת הכללית."
סקוואט סטטי,,,standing,low,סקוואט סטטי,"The exercise 'סקוואט סטטי' is designed to enhance physical fitness by targeting specific muscle groups. It improves strength, flexibility, and overall endurance.","התרגיל 'סקוואט סטטי' נועד לשפר את הכושר הגופני תוך מיקוד קבוצות שרירים ספציפיות. הוא משפר את החוזק, הגמישות והסיבולת הכללית."
סקוואט סטטי עם גומיה,,,standing,low,סקוואט סטטי עם גומיה,"The exercise 'סקוואט סטטי עם גומיה' is designed to enhance physical fitness by targeting specific muscle groups. It improves strength, flexibility, and overall endurance.","התרגיל 'סקוואט סטטי עם גומיה' נועד לשפר את הכושר הגופני תוך מיקוד קבוצות שרירים ספציפיות. הוא משפר את החוזק, הגמישות והסיבולת הכללית."
כפיפת בטן מכונה ייעודית,,,standing,low,כפיפת בטן מכונה ייעודית,"The exercise 'כפיפת בטן מכונה ייעודית' is designed to enhance physical fitness by targeting specific muscle groups. It improves strength, flexibility, and overall endurance.","התרגיל 'כפיפת בטן מכונה ייעודית' נועד לשפר את הכושר הגופני תוך מיקוד קבוצות שרירים ספציפיות. הוא משפר את החוזק, הגמישות והסיבולת הכללית."
מכרע+סטפאפ,,,standing,low,מכרע+סטפאפ,"The exercise 'מכרע+סטפאפ' is designed to enhance physical fitness by targeting specific muscle groups. It improves strength, flexibility, and overall endurance.","התרגיל 'מכרע+סטפאפ' נועד לשפר את הכושר הגופני תוך מיקוד קבוצות שרירים ספציפיות. הוא משפר את החוזק, הגמישות והסיבולת הכללית."
סקוואט+קפיצה,,,standing,low,סקוואט+קפיצה,"The exercise 'סקוואט+קפיצה' is designed to enhance physical fitness by targeting specific muscle groups. It improves strength, flexibility, and overall endurance.","התרגיל 'סקוואט+קפיצה' נועד לשפר את הכושר הגופני תוך מיקוד קבוצות שרירים ספציפיות. הוא משפר את החוזק, הגמישות והסיבולת הכללית."
עליית תאומים מהרצפה,,,standing,medium,עליית תאומים מהרצפה,"The exercise 'עליית תאומים מהרצפה' is designed to enhance physical fitness by targeting specific muscle groups. It improves strength, flexibility, and overall endurance.","התרגיל 'עליית תאומים מהרצפה' נועד לשפר את הכושר הגופני תוך מיקוד קבוצות שרירים ספציפיות. הוא משפר את החוזק, הגמישות והסיבולת הכללית."
מקבילים במנח טאק,,,standing,medium,מקבילים במנח טאק,"The exercise 'מקבילים במנח טאק' is designed to enhance physical fitness by targeting specific muscle groups. It improves strength, flexibility, and overall endurance.","התרגיל 'מקבילים במנח טאק' נועד לשפר את הכושר הגופני תוך מיקוד קבוצות שרירים ספציפיות. הוא משפר את החוזק, הגמישות והסיבולת הכללית."
לחיצת חזה עם מוט בשיפוע חיובי - סופינציה,,,supine,medium,לחיצת חזה עם מוט בשיפוע חיובי - סופינציה,"The exercise 'לחיצת חזה עם מוט בשיפוע חיובי - סופינציה' is designed to enhance physical fitness by targeting specific muscle groups. It improves strength, flexibility, and overall endurance.","התרגיל 'לחיצת חזה עם מוט בשיפוע חיובי - סופינציה' נועד לשפר את הכושר הגופני תוך מיקוד קבוצות שרירים ספציפיות. הוא משפר את החוזק, הגמישות והסיבולת הכללית."
קיק למעלה בעמידה 6 ברך כפופה,,,supine,hard,קיק למעלה בעמידה 6 ברך כפופה,"The exercise 'קיק למעלה בעמידה 6 ברך כפופה' is designed to enhance physical fitness by targeting specific muscle groups. It improves strength, flexibility, and overall endurance.","התרגיל 'קיק למעלה בעמידה 6 ברך כפופה' נועד לשפר את הכושר הגופני תוך מיקוד קבוצות שרירים ספציפיות. הוא משפר את החוזק, הגמישות והסיבולת הכללית."
קיק למעלה בעמידת 6 ברך כפופה,,,standing,hard,קיק למעלה בעמידת 6 ברך כפופה,"The exercise 'קיק למעלה בעמידת 6 ברך כפופה' is designed to enhance physical fitness by targeting specific muscle groups. It improves strength, flexibility, and overall endurance.","התרגיל 'קיק למעלה בעמידת 6 ברך כפופה' נועד לשפר את הכושר הגופני תוך מיקוד קבוצות שרירים ספציפיות. הוא משפר את החוזק, הגמישות והסיבולת הכללית."
פתיחות צדפה בשכיבה על הצד עם גומיה,,,supine,hard,פתיחות צדפה בשכיבה על הצד עם גומיה,"The exercise 'פתיחות צדפה בשכיבה על הצד עם גומיה' is designed to enhance physical fitness by targeting specific muscle groups. It improves strength, flexibility, and overall endurance.","התרגיל 'פתיחות צדפה בשכיבה על הצד עם גומיה' נועד לשפר את הכושר הגופני תוך מיקוד קבוצות שרירים ספציפיות. הוא משפר את החוזק, הגמישות והסיבולת הכללית."